name	use	note
शाप	yes	reviewed 1 Oct 2026 (Q12): 1CH 2:47, 49 (Shaaph)
मास	yes	reviewed 1 Oct 2026 (Q12): 1CH 2:27 (Maaz)
यर्हा	yes	reviewed 1 Oct 2026 (Q12): 1CH 2:34 (Jarha)
बेर	yes	reviewed 1 Oct 2026 (Q12): JDG 9:21 (Beer)
बरसब्बास	yes	reviewed 1 Oct 2026 (Q12): ACT 15:22 (Barsabbas)
हदस्सा	yes	reviewed 1 Oct 2026 (Q12): EST 2:7
येशू	yes	reviewed 1 Oct 2026 (Q12): LUK 3:29
रिशआतइम	yes	reviewed 1 Oct 2026 (Q12): JDG 3:8-10 (Cushan-rishathaim)
इतालिया	yes	reviewed final 3 Oct 2026: ACT 18:2
गोलन	yes	reviewed final 3 Oct 2026: DEU 4:43
अल-तशहेत	yes	reviewed final 3 Oct 2026: PSA 57:0
ऐनियास	yes	reviewed final 3 Oct 2026: ACT 9:31
कीरहेरेस	yes	reviewed final 3 Oct 2026: ISA 16:11
नीरो	yes	reviewed final 3 Oct 2026: MRK 0:0
अदनह	yes	reviewed final 3 Oct 2026: 1CH 12:20
अदबएल	yes	reviewed final 3 Oct 2026: GEN 25:13
अल्वा	yes	reviewed final 3 Oct 2026: GEN 36:40
अश्ना	yes	reviewed final 3 Oct 2026: JOS 15:33
आइरेनियस	yes	reviewed final 3 Oct 2026: MRK 0:0
इसपानिया	yes	reviewed final 3 Oct 2026: ROM 15:24
उनेसिफुरूस	yes	reviewed final 3 Oct 2026: 2TI 1:16
एग्लत-शलीशिया	yes	reviewed final 3 Oct 2026: ISA 15:5
एज्रावंशी	yes	reviewed final 3 Oct 2026: PSA 88:0
एलीहूद	yes	reviewed final 3 Oct 2026: MAT 1:14
एल्कोशवासी	yes	reviewed final 3 Oct 2026: NAM 0:0
कोनियाह	yes	reviewed final 3 Oct 2026: 2KI 24:6
गित्तीथ	yes	reviewed final 3 Oct 2026: PSA 81:0
तेल्मेलाह	yes	reviewed final 3 Oct 2026: EZR 2:59
त्रूफैना	yes	reviewed final 3 Oct 2026: ROM 16:12
पोकरेत-सबायीम	yes	reviewed final 3 Oct 2026: EZR 2:57
बाल-बरीत	yes	reviewed final 3 Oct 2026: JDG 8:33
रापाइयों	yes	reviewed final 3 Oct 2026: GEN 14:5
शपेला	yes	reviewed final 3 Oct 2026: 1SA 17:52
शोशन्नीम	yes	reviewed final 3 Oct 2026: PSA 45:0
अनतोलियाई	yes	reviewed final 3 Oct 2026: ACT 23:24
अबस्थाह	yes	reviewed final 3 Oct 2026: 2CH 21:17
अम्माह	yes	reviewed final 3 Oct 2026: 2SA 2:24
अरमसोबा	yes	reviewed final 3 Oct 2026: PSA 60:0
अलतशहेत	yes	reviewed final 3 Oct 2026: PSA 75:0
अशेर	yes	reviewed final 3 Oct 2026: 2KI 23:7
अश्तारोत्कनम	yes	reviewed final 3 Oct 2026: GEN 14:5
अश्पनज	yes	reviewed final 3 Oct 2026: DAN 1:3
अहिअन	yes	reviewed final 3 Oct 2026: 1CH 7:19
आगै	yes	reviewed final 3 Oct 2026: 2SA 23:11
आलेफ	yes	reviewed final 3 Oct 2026: PSA 119:0
इओनिआ	yes	reviewed final 3 Oct 2026: ACT 18:19
इग्नेशियस	yes	reviewed final 3 Oct 2026: EPH 0:0
इनोन	yes	reviewed final 3 Oct 2026: JHN 3:23
इप्ताह	yes	reviewed final 3 Oct 2026: JOS 15:43
एनएगलैम	yes	reviewed final 3 Oct 2026: EZK 47:10
एलियातह	yes	reviewed final 3 Oct 2026: 1CH 25:27
एलीमास	yes	reviewed final 3 Oct 2026: ACT 13:8
एलीहोरोप	yes	reviewed final 3 Oct 2026: 1KI 4:3
एलोन-बेतानान	yes	reviewed final 3 Oct 2026: 1KI 4:9
एल्यूथिरोपोलिस	yes	reviewed final 3 Oct 2026: JDG 16:1
एल्‍मदाम	yes	reviewed final 3 Oct 2026: LUK 3:28
ऐजियन	yes	reviewed final 3 Oct 2026: REV 0:0
ओफनी	yes	reviewed final 3 Oct 2026: JOS 18:24
ओरोंटस	yes	reviewed final 3 Oct 2026: ACT 6:5
कलवरी	yes	reviewed final 3 Oct 2026: MAT 26:36
किदोन	yes	reviewed final 3 Oct 2026: 1CH 13:9
किर्य्यत्यारीम	yes	reviewed final 3 Oct 2026: JDG 18:12
कुदूर	yes	reviewed final 3 Oct 2026: 2KI 24:1
केरेत	yes	reviewed final 3 Oct 2026: 2SA 23:20
कैम्बिसिस	yes	reviewed final 3 Oct 2026: EZR 6:4
कोहेलेथ	yes	reviewed final 3 Oct 2026: ECC 0:0
क्लियुपास	yes	reviewed final 3 Oct 2026: LUK 24:18
गबाल	yes	reviewed final 3 Oct 2026: JOS 13:5
गम्‍मद	yes	reviewed final 3 Oct 2026: EZK 27:11
गित्तीत	yes	reviewed final 3 Oct 2026: PSA 8:0
घरंदेल	yes	reviewed final 3 Oct 2026: EXO 15:27
जस्टिन	yes	reviewed final 3 Oct 2026: REV 0:0
जीअ	yes	reviewed final 3 Oct 2026: 1CH 5:13
जैगर	yes	reviewed final 3 Oct 2026: GEN 31:47
टर्टूलियन	yes	reviewed final 3 Oct 2026: REV 0:0
ट्रोजन्स	yes	reviewed final 3 Oct 2026: ACT 16:8
ड्यूटरो	yes	reviewed final 3 Oct 2026: DEU 0:0
ताएरोपो-एपोन	yes	reviewed final 3 Oct 2026: 2CH 27:3
तुबलियों	yes	reviewed final 3 Oct 2026: ISA 66:19
तोराह	yes	reviewed final 3 Oct 2026: MAT 5:17
दाथोस	yes	reviewed final 3 Oct 2026: ACT 16:12
दिबला	yes	reviewed final 3 Oct 2026: EZK 6:14
नग्‍गई	yes	reviewed final 3 Oct 2026: LUK 3:25
निकोपोलिस	yes	reviewed final 3 Oct 2026: TIT 0:0
नेपल्स	yes	reviewed final 3 Oct 2026: ACT 28:13
नोमोस	yes	reviewed final 3 Oct 2026: DEU 0:0
पेत्रोस	yes	reviewed final 3 Oct 2026: MAT 16:18
पेन्टाट्यूक	yes	reviewed final 3 Oct 2026: GEN 0:0
पोलीकार्प	yes	reviewed final 3 Oct 2026: EPH 0:0
प्रुखुरुस	yes	reviewed final 3 Oct 2026: ACT 6:5
प्रोपोंतिस	yes	reviewed final 3 Oct 2026: ACT 16:7
फिलिप	yes	reviewed final 3 Oct 2026: ACT 16:12
बएर-लहई-रोई	yes	reviewed final 3 Oct 2026: GEN 16:14
बएराह	yes	reviewed final 3 Oct 2026: 1CH 5:6
बनीनू	yes	reviewed final 3 Oct 2026: NEH 10:13
बरोदक-बलदान	yes	reviewed final 3 Oct 2026: 2KI 20:12
बेत-ते-एनाह	yes	reviewed final 3 Oct 2026: MAT 21:17
बेत-हारन	yes	reviewed final 3 Oct 2026: NUM 32:36
बेतरापा	yes	reviewed final 3 Oct 2026: 1CH 4:12
बेतसेल	yes	reviewed final 3 Oct 2026: MIC 1:11
बेतहारम	yes	reviewed final 3 Oct 2026: JOS 13:27
बेन-अबीनादब	yes	reviewed final 3 Oct 2026: 1KI 4:11
बेनअम्मी	yes	reviewed final 3 Oct 2026: GEN 19:38
बेरोनुत	yes	reviewed final 3 Oct 2026: JOS 13:5
बेरौताई	yes	reviewed final 3 Oct 2026: 2SA 8:8
मगदला	yes	reviewed final 3 Oct 2026: MAT 15:39
मगदुला	yes	reviewed final 3 Oct 2026: LUK 8:2
मगोग	yes	reviewed final 3 Oct 2026: EZK 38:2
महलतलग्नोत	yes	reviewed final 3 Oct 2026: PSA 88:0
मारोत	yes	reviewed final 3 Oct 2026: MIC 1:12
मिगदोलम	yes	reviewed final 3 Oct 2026: JER 44:1
मुतलबैयन	yes	reviewed final 3 Oct 2026: PSA 9:0
मुसिया	yes	reviewed final 3 Oct 2026: ACT 27:2
मोशक	yes	reviewed final 3 Oct 2026: 2SA 22:3
म्यूरितोरिअन	yes	reviewed final 3 Oct 2026: REV 0:0
यद्दई	yes	reviewed final 3 Oct 2026: EZR 10:43
यमन	yes	reviewed final 3 Oct 2026: EZK 27:22
यातनीएल	yes	reviewed final 3 Oct 2026: 1CH 26:3
यिबनायाह	yes	reviewed final 3 Oct 2026: 1CH 9:8
यूरोप	yes	reviewed final 3 Oct 2026: ACT 16:13
यूशब-हेसेद	yes	reviewed final 3 Oct 2026: 1CH 3:20
येबेल	yes	reviewed final 3 Oct 2026: JOS 13:5
योनतेलेखद्दोकीम	yes	reviewed final 3 Oct 2026: PSA 56:0
राका	yes	reviewed final 3 Oct 2026: MAT 5:22
रामत-मिस्पे	yes	reviewed final 3 Oct 2026: JOS 13:26
रामत-लही	yes	reviewed final 3 Oct 2026: JDG 15:17
रामातैम	yes	reviewed final 3 Oct 2026: 1SA 1:1
रिब्लाथ	yes	reviewed final 3 Oct 2026: ACT 6:5
लाइकुस	yes	reviewed final 3 Oct 2026: COL 0:0
लेसबोस	yes	reviewed final 3 Oct 2026: ACT 20:14
लोगोस	yes	reviewed final 3 Oct 2026: JHN 1:1
वन्‍याह	yes	reviewed final 3 Oct 2026: EZR 10:36
वाहेब	yes	reviewed final 3 Oct 2026: NUM 21:14
वोप्सी	yes	reviewed final 3 Oct 2026: NUM 13:14
शलमनेस्सर	yes	reviewed final 3 Oct 2026: JER 48:13
शामेद	yes	reviewed final 3 Oct 2026: 1CH 8:12
शिग्गायोन	yes	reviewed final 3 Oct 2026: PSA 7:0
शूशनेदूत	yes	reviewed final 3 Oct 2026: PSA 60:0
शेमेबेर	yes	reviewed final 3 Oct 2026: GEN 14:2
शोया	yes	reviewed final 3 Oct 2026: EZK 23:23
शोशत्रीमेदूत	yes	reviewed final 3 Oct 2026: PSA 80:0
सहादुथा	yes	reviewed final 3 Oct 2026: GEN 31:47
साइरस	yes	reviewed final 3 Oct 2026: JER 30:5
सापनत-पानेह	yes	reviewed final 3 Oct 2026: GEN 41:45
सालू	yes	reviewed final 3 Oct 2026: NUM 25:14
सालेम	yes	reviewed final 3 Oct 2026: JHN 3:23
सिरिएक	yes	reviewed final 3 Oct 2026: JHN 1:42
सूडो	yes	reviewed final 3 Oct 2026: NEH 1:3
स्मेरदिस	yes	reviewed final 3 Oct 2026: NEH 1:3
हरमास	yes	reviewed final 3 Oct 2026: EPH 0:0
हर्मास	yes	reviewed final 3 Oct 2026: ROM 16:14
हारूम	yes	reviewed final 3 Oct 2026: 1CH 4:8
हिप्योलीतस	yes	reviewed final 3 Oct 2026: REV 0:0
हुवारा	yes	reviewed final 3 Oct 2026: EXO 15:27
हूशाह	yes	reviewed final 3 Oct 2026: 1CH 4:4
हेथ	yes	reviewed final 3 Oct 2026: PSA 119:56
