ov_word	ov_count	irv_count	modern	aligned	slots	share
തന്നേ	2124	1	തന്നെ	1480	1543	0.959
അവന്ന്	1005	0	അവന്	672	762	0.882
അതിന്ന്	710	1	അതിന്	599	613	0.977
യഹോവെക്ക്	558	0	യഹോവയ്ക്ക്	440	454	0.969
കാർയ്യം	262	0	കാര്യം	189	203	0.931
ജാതികളുടെ	238	0	ജനതകളുടെ	188	196	0.959
സംവത്സരം	229	0	വർഷം	189	194	0.974
യിസ്രായേൽമക്കൾ	188	1	മക്കൾ	5	7	0.714
യിസ്രായേൽമക്കളുടെ	148	0	യിസ്രായേൽ	8	9	0.889
ചോദിച്ചതിന്ന്	137	0	ചോദിച്ചതിന്	66	76	0.868
ദൈവത്തിന്ന്	136	0	ദൈവത്തിന്	91	98	0.929
യിസ്രായേലിന്ന്	129	0	യിസ്രായേലിന്	106	108	0.981
യെഹൂദാരാജാവായ	127	0	രാജാവായ	3	4	0.750
എന്തിന്ന്	103	0	എന്തിന്	83	87	0.954
ജനത്തിന്ന്	99	1	ജനത്തിന്	74	82	0.902
ജാതികൾ	92	1	ജനതകൾ	73	78	0.936
കേൾപ്പിൻ	91	0	കേൾക്കുവിൻ	72	77	0.935
ഭാർയ്യ	78	0	ഭാര്യ	66	66	1.000
യുദ്ധത്തിന്ന്	74	0	യുദ്ധത്തിന്	50	58	0.862
അവെക്ക്	72	0	അവയ്ക്ക്	55	61	0.902
കുടിപ്പാൻ	72	0	കുടിക്കുവാൻ	57	58	0.983
ചെയ്യേണ്ടതിന്ന്	71	0	ചെയ്യേണ്ടതിന്	56	59	0.949
ജാതികളെ	68	0	ജനതകളെ	51	53	0.962
രാജാവിന്ന്	65	0	രാജാവിന്	44	47	0.936
ഒരുത്തനെ	63	0	ഒരുവനെ	45	51	0.882
ഭാർയ്യയെ	61	0	ഭാര്യയെ	49	49	1.000
കഴികയില്ല	58	0	കഴിയുകയില്ല	51	55	0.927
ദാവീദിന്ന്	57	0	ദാവീദിന്	44	46	0.957
സൂർയ്യൻ	54	0	സൂര്യൻ	45	46	0.978
അറിയേണ്ടതിന്ന്	53	0	അറിയേണ്ടതിന്	41	41	1.000
മനുഷ്യന്ന്	51	0	മനുഷ്യന്	41	43	0.953
എല്ലായ്പോഴും	50	0	എല്ലായ്പ്പോഴും	39	40	0.975
വെക്കേണം	50	2	വയ്ക്കേണം	42	43	0.977
കഴിപ്പാൻ	49	0	കഴിക്കുവാൻ	37	42	0.881
യെഹൂദയുടെ	49	1	യെഹൂദായുടെ	38	39	0.974
നാമത്തിന്ന്	44	0	നാമത്തിന്	30	33	0.909
കാർയ്യത്തിൽ	43	0	കാര്യത്തിൽ	27	30	0.900
തങ്ങളെത്തന്നേ	43	0	തങ്ങളെത്തന്നെ	24	30	0.800
കേൾപ്പാൻ	41	0	കേൾക്കുവാൻ	35	39	0.897
ഭാർയ്യയായ	41	0	ഭാര്യയായ	36	36	1.000
കൊള്ളായിരുന്ന്	40	0	കൊള്ളാമായിരുന്ന്	31	32	0.969
ഭാർയ്യയായി	40	0	ഭാര്യയായി	32	34	0.941
യോർദ്ദാന്നക്കരെ	40	0	യോർദ്ദാനക്കരെ	22	23	0.957
അമ്മെക്ക്	39	0	അമ്മയ്ക്ക്	23	28	0.821
കുടിക്കയും	39	0	കുടിക്കുകയും	34	35	0.971
പീലാത്തൊസ്	39	0	പീലാത്തോസ്	34	35	0.971
വിലെക്ക്	39	0	വിലയ്ക്ക്	29	30	0.967
അവ്വണ്ണം	38	0	അതുപോലെ	12	24	0.500
എന്നുവെച്ച്	38	0	എന്നുവച്ച്	17	18	0.944
കൊടുക്കയും	38	0	കൊടുക്കുകയും	31	31	1.000
ഒരുത്തന്ന്	37	0	ഒരുവന്	21	30	0.700
കേൾക്ക	37	0	കേൾക്കുക	33	34	0.971
കൊടുപ്പിൻ	37	0	കൊടുക്കുവിൻ	28	30	0.933
പട്ടണത്തിന്ന്	37	0	പട്ടണത്തിന്	29	31	0.935
അറിയിപ്പാൻ	36	0	അറിയിക്കുവാൻ	29	29	1.000
കഴിക്കയും	36	0	കഴിക്കുകയും	27	30	0.900
ജാതികൾക്ക്	36	1	ജനതകൾക്ക്	31	33	0.939
കണ്ണിന്ന്	35	0	കണ്ണിന്	27	31	0.871
സൂക്ഷിച്ചുകൊൾവിൻ	35	0	സൂക്ഷിച്ചുകൊള്ളുവിൻ	25	27	0.926
സ്ഥലത്തിന്ന്	35	0	സ്ഥലത്തിന്	26	27	0.963
പറഞ്ഞതിന്ന്	34	0	പറഞ്ഞതിന്	18	22	0.818
ശമർയ്യയിൽ	34	0	ശമര്യയിൽ	24	24	1.000
തെക്കെ	33	0	തെക്കേ	23	24	0.958
ദേശത്തിന്ന്	32	0	ദേശത്തിന്	19	24	0.792
ഓരോരുത്തന്ന്	31	0	ഓരോരുത്തന്	16	26	0.615
കടപ്പാൻ	30	0	കടക്കുവാൻ	16	21	0.762
കൊടുപ്പാൻ	30	0	കൊടുക്കുവാൻ	19	19	1.000
നിന്നെത്തന്നേ	30	0	നിന്നെത്തന്നെ	23	24	0.958
പാളയത്തിന്ന്	30	0	പാളയത്തിന്	24	24	1.000
അരെക്ക്	29	0	അരയ്ക്ക്	24	27	0.889
പാപയാഗത്തിന്നായി	29	1	പാപയാഗത്തിനായി	28	28	1.000
യെരൂശലേമിന്ന്	29	0	യെരൂശലേമിന്	23	24	0.958
സെഖർയ്യാവ്	29	0	സെഖര്യാവ്	22	22	1.000
ഇരിക്കേണ്ടതിന്ന്	28	0	ഇരിക്കേണ്ടതിന്	20	22	0.909
എതിരേല്പാൻ	28	0	എതിരേൽക്കുവാൻ	13	26	0.500
ജീവപർയ്യന്തം	28	0	ജീവപര്യന്തം	18	22	0.818
വെക്കും	28	0	വയ്ക്കും	20	24	0.833
ആലയത്തിന്ന്	27	0	ആലയത്തിന്	16	19	0.842
ആശ്ചർയ്യപ്പെട്ട്	27	0	ആശ്ചര്യപ്പെട്ട്	23	23	1.000
ജനത്തിന്നും	27	0	ജനത്തിനും	15	16	0.938
താല്പർയ്യം	27	0	താത്പര്യം	10	20	0.500
യാക്കോബിന്ന്	27	0	യാക്കോബിന്	21	22	0.955
അവന്നുവേണ്ടി	26	0	അവനുവേണ്ടി	19	19	1.000
അവിടത്തെ	26	0	അവിടുത്തെ	16	23	0.696
എന്നെത്തന്നേ	26	0	എന്നെത്തന്നെ	21	21	1.000
കേൾക്കയും	26	0	കേൾക്കുകയും	18	18	1.000
ധൈർയ്യം	26	0	ധൈര്യം	16	17	0.941
മരുഭൂമിയിൽവെച്ച്	26	0	മരുഭൂമിയിൽവച്ച്	18	19	0.947
ശലോമോന്ന്	26	0	ശലോമോന്	18	20	0.900
സംവത്സരത്തിൽ	26	0	വർഷത്തിൽ	19	22	0.864
അടിയന്ന്	25	0	അടിയന്	20	21	0.952
ആകേണ്ടതിന്ന്	25	0	ആകേണ്ടതിന്	16	17	0.941
കർത്താവിന്ന്	25	0	കർത്താവിന്	18	18	1.000
നിറുത്തി	25	0	നിർത്തി	13	17	0.765
നിറെച്ച്	25	0	നിറച്ച്	15	18	0.833
പടെക്ക്	25	0	പടയ്ക്ക്	8	20	0.400
അടെച്ച്	24	0	അടച്ച്	15	17	0.882
അപ്പന്ന്	24	0	അപ്പന്	20	20	1.000
അമോർയ്യരുടെ	24	0	അമോര്യരുടെ	19	19	1.000
അസർയ്യാവ്	24	0	അസര്യാവ്	23	23	1.000
ആസയുടെ	24	1	ആസായുടെ	9	10	0.900
ഒരുത്തന്റെ	24	0	ഒരുവന്റെ	19	22	0.864
ഭക്ഷിപ്പാൻ	24	0	ഭക്ഷിക്കുവാൻ	15	18	0.833
മകന്ന്	24	0	മകന്	15	15	1.000
വരേണ്ടതിന്ന്	24	0	വരേണ്ടതിന്	20	20	1.000
സ്ഥലത്തുവെച്ച്	24	1	സ്ഥലത്തുവച്ച്	19	20	0.950
എന്നതിന്ന്	23	0	എന്നതിന്	16	17	0.941
ഒന്നിന്ന്	23	0	ഒന്നിന്	19	20	0.950
പ്രാർത്ഥിപ്പിൻ	23	0	പ്രാർത്ഥിക്കുവിൻ	18	18	1.000
ഭാർയ്യമാരും	23	0	ഭാര്യമാരും	19	19	1.000
സകലജാതികളെയും	23	0	സകലജനതകളെയും	15	16	0.938
സൂർയ്യന്ന്	23	0	സൂര്യന്	7	7	1.000
അന്വേഷിപ്പിൻ	22	0	അന്വേഷിക്കുവിൻ	19	20	0.950
അമോർയ്യർ	22	0	അമോര്യർ	20	20	1.000
അവന്നും	22	0	അവനും	16	16	1.000
പുരുഷന്ന്	22	0	പുരുഷന്	11	17	0.647
ഭാർയ്യമാരെ	22	0	ഭാര്യമാരെ	20	21	0.952
യെഹൂദയിലെ	22	0	യെഹൂദായിലെ	14	14	1.000
സംസാരിക്കയും	22	2	സംസാരിക്കുകയും	18	18	1.000
സകലത്തിന്നും	22	0	സകലത്തിനും	6	11	0.545
സഹായിപ്പാൻ	22	0	സഹായിക്കുവാൻ	18	18	1.000
കൈവെച്ച്	21	0	കൈവച്ച്	15	16	0.938
മരണത്തിന്ന്	21	0	മരണത്തിന്	16	17	0.941
സഹോദരന്ന്	21	0	സഹോദരന്	15	16	0.938
കാലിന്ന്	20	0	കാലിന്	11	16	0.688
കാർയ്യവും	20	0	കാര്യവും	16	16	1.000
കേൾക്കയില്ല	20	0	കേൾക്കുകയില്ല	18	19	0.947
നഗരത്തിന്ന്	20	0	നഗരത്തിന്	15	15	1.000
ഫറവോന്ന്	20	0	ഫറവോന്	11	12	0.917
യജമാനന്ന്	20	0	യജമാനന്	16	16	1.000
വാളിന്ന്	20	0	വാളിന്	16	19	0.842
വെക്കുന്ന്	20	1	വയ്ക്കുന്ന്	14	14	1.000
വേലെക്ക്	20	0	വേലയ്ക്ക്	10	14	0.714
