name	source	use	irv_count	ov_slot_forms
സേലാ	seed (rules §7 Q11)	yes	73	
ശമൂവേൽ	seed (rules §7 Q11)	yes	102	
യോർദ്ദാൻ	seed (rules §7 Q11)	yes	77	
അശ്ശൂർ	seed (rules §7 Q11)	yes	76	
അബീരാം	seed (rules §7 Q11)	yes	5	
ഊറീം	seed (rules §7 Q11)	yes	0	
റബ്-ശാക്കേ	seed (rules §7 Q11)	yes	4	
മയസേയാവ്	seed (rules §7 Q11)	yes	8	
സിമ്രി	seed (rules §7 Q11)	yes	12	
യിഫ്താഹ്	seed (rules §7 Q11)	yes	18	
ഗിദെയോൻ	seed (rules §7 Q11)	yes	29	
മിസ്രയീം	seed (rules §7 Q11)	yes	121	
യിസ്രായേൽ	seed (rules §7 Q11)	yes	1161	
യെഹൂദാ	seed (rules §7 Q11)	yes	291	
മോശെ	seed (rules §7 Q11)	yes	360	
നെബൂഖദ്നേസർ	seed (rules §7 Q11)	yes	60	
മേശക്ക്	seed (rules §7 Q11)	yes	1	
അന്ത്യൊക്യയിലേക്ക്	reviewer	yes	7	അന്ത്യൊക്ക്യയിലേക്ക്
അന്ത്യൊക്യയിൽ	reviewer	yes	9	അന്ത്യൊക്ക്യയിൽ
അഹീതൂബ്	reviewer	yes	4	അഹീത്തൂബ്
ഇമ്മാനുവേൽ	reviewer	yes	3	ഇമ്മാനൂവേൽ
ഉള്ളൊര്	reviewer	not a name	3	ഉള്ളോര്
എലിസബെത്ത്	reviewer	yes	10	എലീശബെത്ത്
എസ്ഥേറിനെ	reviewer	yes	5	എസ്ഥേരിനെ
എസ്ഥേറിനോട്	reviewer	yes	3	എസ്ഥേരിനോട്
എസ്ഥേറിന്റെ	reviewer	yes	11	എസ്ഥേരിന്റെ
ഏദോമിനെക്കുറിച്ച്	reviewer	yes	2	എദോമിനെക്കുറിച്ച്
ഏദോമ്യരെ	reviewer	yes	4	എദോമ്യരെ
ഏദോമ്യർ	reviewer	yes	8	എദോമ്യർ
ഏലിയാവിനും	reviewer	yes	3	ഏലീയാവിന്നും
ഏലിയാവും	reviewer	yes	4	ഏലീയാവും
ഏലിയാവെ	reviewer	yes	2	ഏലീയാവെ
ഏലിയാവ്	reviewer	yes	14	ഏലീയാവ്
ഓബേദ്-ഏദോം	reviewer	yes	3	ഓബേദ്-എദോം
ഓബേദ്-ഏദോമിനെയും	reviewer	yes	2	ഓബേദ്-എദോമിനെയും
ഓബേദ്-ഏദോമിന്റെ	reviewer	yes	11	ഓബേദ്-എദോമിന്റെ
കല്ത്തളം	reviewer	not a name	2	കല്തളം
കിണറിനരികെ	reviewer	not a name	8	കിണറ്റിന്നരികെ
താമാറിനെ	reviewer	yes	2	താമാരിനെ
തീയതി	reviewer	not a name	85	തിയ്യതി
തീയതിമുതൽ	reviewer	not a name	3	തിയ്യതിമുതൽ
തർസോസിലേക്ക്	reviewer	yes	2	തർസൊസിലേക്ക്
ദുഷ്ക്കർമ്മി	reviewer	not a name	2	ദുഷ്കർമ്മി
ദൊഫ്കയിൽ	reviewer	yes	2	ദൊഫ്ക്കയിൽ
ധനവാനായൊര്	reviewer	not a name	2	ധനവാനായോര്
നിക്കോദെമോസ്	reviewer	yes	4	നിക്കൊദേമൊസ്
പണസഞ്ചി	reviewer	not a name	2	പണസ്സഞ്ചി
പീലാത്തോസിനോട്	reviewer	yes	4	പീലാത്തൊസിനോട്
പീലാത്തോസിന്റെ	reviewer	yes	10	പീലാത്തൊസിന്റെ
പീലാത്തോസും	reviewer	yes	2	പീലാത്തൊസും
പീലാത്തോസ്	reviewer	yes	41	പീലാത്തൊസ്
പെണ്ണാടിനെ	reviewer	not a name	2	പെണ്ണാട്ടിനെ
ബേത്ലേഹേം	reviewer	yes	14	ബേത്ത്ലേഹെം
ബേത്ലേഹേമിന്റെ	reviewer	yes	2	ബേത്ത്ലേഹെമിന്റെ
ബേത്ലേഹേമിൽ	reviewer	yes	18	ബേത്ത്ലേഹെമിൽ
ബേത്ലേഹേമ്യനായ	reviewer	yes	4	ബേത്ത്ലേഹെമ്യനായ
മഹത്ത്വം	reviewer	not a name	25	മഹത്വം
മഹത്ത്വപ്പെടുത്തും	reviewer	not a name	13	മഹത്വപ്പെടുത്തും
മഹത്ത്വപ്പെട്ടിരിക്കുന്ന്	reviewer	not a name	4	മഹത്വപ്പെട്ടിരിക്കുന്ന്
മഹത്ത്വമുള്ള	reviewer	not a name	9	മഹത്വമുള്ള
യായിറോസ്	reviewer	yes	2	യായീറൊസ്
യെരിഹോനിവാസികൾ	reviewer	variant	3	യെരീഹോനിവാസികൾ
യെരിഹോരാജാവിനോട്	reviewer	variant	2	യെരീഹോരാജാവിനോട്
യെരിഹോവിനെതിരെ	reviewer	variant	5	യെരീഹോവിന്നെതിരെ
യെരിഹോവിലേക്ക്	reviewer	variant	3	യെരീഹോവിലേക്ക്
യെരീഹോ	reviewer	yes	14	
രക്ഷപെടും	reviewer	not a name	7	രക്ഷപ്പെടും
ലാസറിനെയും	reviewer	yes	2	ലാസരിനെയും
ലാസറെ	reviewer	yes	2	ലാസരെ
ലൂക്കോസും	reviewer	yes	3	ലൂക്കൊസും
വാഞ്ചിക്കുന്ന്	reviewer	not a name	3	വാഞ്ഛിക്കുന്ന്
വീടിനകത്ത്	reviewer	not a name	6	വീട്ടിന്നകത്ത്
വീടിനരികെ	reviewer	not a name	3	വീട്ടിന്നരികെ
വെളിപാടിനാൽ	reviewer	not a name	2	വെളിപ്പാടിനാൽ
സിബ്മയിലെ	reviewer	yes	2	ശിബ്മയിലെ
ഹാഗാറിന്റെ	reviewer	yes	2	ഹാഗാരിന്റെ
ഹിസ്കീയാവ്	reviewer	yes	40	
ഹിസ്ക്കീയാവ്	reviewer	variant	7	ഹിസ്കീയാവ്
അവനുണ്ടായതെന്തെന്നാൽ	alignment (candidate: set use=yes to include)	no	2	അവന്നുണ്ടായതെന്തെന്നാൽ
അവനുള്ള	alignment (candidate: set use=yes to include)	no	12	അവന്നുള്ള
അവനുള്ളതായിരിക്കേണം	alignment (candidate: set use=yes to include)	no	3	അവന്നുള്ളതായിരിക്കേണം
അവനുള്ളതൊക്കെയും	alignment (candidate: set use=yes to include)	no	5	അവന്നുള്ളതൊക്കെയും
അവനുള്ളത്	alignment (candidate: set use=yes to include)	no	2	അവന്നുള്ളത്
ആശീർവദിച്ച്	alignment (candidate: set use=yes to include)	no	3	ആശീർവ്വദിച്ച്
ആഹാരത്തേക്കാൾ	alignment (candidate: set use=yes to include)	no	3	ആഹാരത്തെക്കാൾ
ഉടുപ്പിനേക്കാൾ	alignment (candidate: set use=yes to include)	no	2	ഉടുപ്പിനെക്കാൾ
എന്നേക്കാൾ	alignment (candidate: set use=yes to include)	no	5	എന്നെക്കാൾ
എന്റെതല്ല	alignment (candidate: set use=yes to include)	no	4	എന്റേതല്ല
എല്ലായ്പ്പോഴും	alignment (candidate: set use=yes to include)	no	51	എല്ലായ്പോഴും
എല്ലാവരേക്കാളും	alignment (candidate: set use=yes to include)	no	2	എല്ലാവരെക്കാളും
കടക്കുന്നതിനേക്കാൾ	alignment (candidate: set use=yes to include)	no	3	കടക്കുന്നതിനെക്കാൾ
കടലിനേയും	alignment (candidate: set use=yes to include)	no	3	കടലിനെയും
കാറ്റിനേയും	alignment (candidate: set use=yes to include)	no	3	കാറ്റിനെയും
കാവൽപ്പുരമുറ്റത്ത്	alignment (candidate: set use=yes to include)	no	5	കാവൽപുരമുറ്റത്ത്
കുതിരപ്പടയേയും	alignment (candidate: set use=yes to include)	no	3	കുതിരപ്പടയെയും
കേൾപ്പീൻ	alignment (candidate: set use=yes to include)	no	2	കേൾപ്പിൻ
തിർസ്സാ	alignment (candidate: set use=yes to include)	no	4	തിർസാ
തർശ്ശീശിലേക്ക്	alignment (candidate: set use=yes to include)	no	7	തർശീശിലേക്ക്
തർശ്ശീശ്	alignment (candidate: set use=yes to include)	no	17	തർശീശ്
ദിവസത്തേക്കാൾ	alignment (candidate: set use=yes to include)	no	2	ദിവസത്തെക്കാൾ
ദുർമാർഗ്ഗം	alignment (candidate: set use=yes to include)	no	2	ദുർമ്മാർഗ്ഗം
ദുർവർത്തമാനം	alignment (candidate: set use=yes to include)	no	2	ദുർവ്വർത്തമാനം
ദൈവത്തേക്കാൾ	alignment (candidate: set use=yes to include)	no	4	ദൈവത്തെക്കാൾ
നിങ്ങളേക്കാൾ	alignment (candidate: set use=yes to include)	no	7	നിങ്ങളെക്കാൾ
നിന്റെത്	alignment (candidate: set use=yes to include)	no	4	നിന്റേത്
പെരുന്നാളിൽ	alignment (candidate: set use=yes to include)	no	6	പെരുനാളിൽ
പെരുന്നാൾ	alignment (candidate: set use=yes to include)	no	19	പെരുനാൾ
പോകുന്നതിനേക്കാൾ	alignment (candidate: set use=yes to include)	no	3	പോകുന്നതിനെക്കാൾ
പ്രിയനുള്ളവൾ	alignment (candidate: set use=yes to include)	no	2	പ്രിയന്നുള്ളവൾ
മക്കളേക്കാൾ	alignment (candidate: set use=yes to include)	no	3	മക്കളെക്കാൾ
മനുഷ്യനേയും	alignment (candidate: set use=yes to include)	no	2	മനുഷ്യനെയും
മനുഷ്യരേക്കാൾ	alignment (candidate: set use=yes to include)	no	3	മനുഷ്യരെക്കാൾ
മരുഭൂമിയിൽക്കൂടി	alignment (candidate: set use=yes to include)	no	10	മരുഭൂമിയിൽകൂടി
യിരെമ്യാപ്രവാചകനുണ്ടായ	alignment (candidate: set use=yes to include)	no	2	യിരെമ്യാപ്രവാചകന്നുണ്ടായ
യോഹന്നാനേക്കാൾ	alignment (candidate: set use=yes to include)	no	2	യോഹന്നാനെക്കാൾ
യോർദ്ദാനക്കരെ	alignment (candidate: set use=yes to include)	no	28	യോർദ്ദാന്നക്കരെ
യോർദ്ദാനക്കരെയും	alignment (candidate: set use=yes to include)	no	2	യോർദ്ദാന്നക്കരെയും
യോർദ്ദാനക്കരെയുള്ള	alignment (candidate: set use=yes to include)	no	5	യോർദ്ദാന്നക്കരെയുള്ള
യോർദ്ദാനരികെ	alignment (candidate: set use=yes to include)	no	10	യോർദ്ദാന്നരികെ
യോർദ്ദാനരികെയുള്ള	alignment (candidate: set use=yes to include)	no	5	യോർദ്ദാന്നരികെയുള്ള
യോർദ്ദാനിക്കരെ	alignment (candidate: set use=yes to include)	no	7	യോർദ്ദാന്നിക്കരെ
രാജാക്കന്മാരുടേയും	alignment (candidate: set use=yes to include)	no	7	രാജാക്കന്മാരുടെയും
വരുവീൻ	alignment (candidate: set use=yes to include)	no	4	വരുവിൻ
വീഴുന്നതിനേക്കാൾ	alignment (candidate: set use=yes to include)	no	3	വീഴുന്നതിനെക്കാൾ
ശുദ്ധിയുള്ളവനെല്ലാം	alignment (candidate: set use=yes to include)	no	3	ശുദ്ധിയുള്ളവന്നെല്ലാം
സംസാരിക്കുന്നതിനേക്കാൾ	alignment (candidate: set use=yes to include)	no	2	സംസാരിക്കുന്നതിനെക്കാൾ
സേരേദ്	alignment (candidate: set use=yes to include)	no	3	സേരെദ്
