suffix	stems	source	example
ും	6928	seed+learned	അംഗഭംഗമില്ലാത്തവരും
യും	2035	seed+learned	അംഗീകരിക്കയും
ിൽ	1293	seed+learned	അംഗത്തിൽ
ായി	1014	seed+learned	അംഗമംഗമായി
ിന്റെ	915	seed+learned	അംഗത്തിന്റെ
ുടെ	789	seed+learned	അംഗങ്ങളുടെ
വും	764	seed+learned	അംഗുലവും
െയും	756	learned	അകമ്പടികളുടെയും
ായ	730	seed+learned	അംഗഹീനനായ
ാൽ	614	seed+learned	അകൃത്യങ്ങളാൽ
ോട്	571	seed+learned	അകമ്പടികളോട്
ിലും	560	seed+learned	അംഫിപൊലിസിലും
ക്ക്	480	seed+learned	അകത്തേക്ക്
യോ	428	learned	അകമെയോ
മായി	420	learned	അംഗമംഗമായി
ോടും	352	seed+learned	അകമ്പടികളോടും
മോ	342	learned	അംഗീകരിക്കുമോ
ത്തിൽ	338	seed+learned	അംഗത്തിൽ
തും	336	learned	അകത്തും
ിനെ	313	seed+learned	അകന്നുപോയതിനെ
യുടെ	306	seed+learned	അംസിയുടെ
ിലെ	296	seed+learned	അഃന്തപുരത്തിലെ
മായ	285	learned	അകമ്പടിനായകനുമായ
യിൽ	261	seed+learned	അഖായയിൽ
ിലേക്ക്	253	seed+learned	അകൃത്യങ്ങളിലേക്ക്
ത്തെ	252	seed+learned	അകൃത്യത്തെ
യെ	236	seed+learned	അകമ്പടിയെ
കൾ	219	seed+learned	അംശികൾ
ാലും	219	learned	അകൃത്യങ്ങളാലും
നും	211	learned	അംഗീകരിപ്പാനും
ങ്ങൾ	204	seed+learned	അകൃത്യങ്ങൾ
കളെ	190	seed+learned	അഗതികളെ
രും	187	learned	അംഗഭംഗമില്ലാത്തവരും
ങ്ങളെ	185	seed+learned	അകൃത്യങ്ങളെ
ങ്ങളും	178	seed+learned	അകൃത്യങ്ങളും
കളും	174	seed+learned	അകമ്പടികളും
ിനെയും	172	learned	അപ്പൊല്ലോസിനെയും
ുടെയും	161	learned	അകമ്പടികളുടെയും
ത്തിലും	160	seed+learned	അക്ഷരത്തിലും
യാൽ	155	seed+learned	അങ്ങനെയായാൽ
ായും	154	learned	അഗോചരമായും
ന്റെ	153	seed+learned	അംഗത്തിന്റെ
വരും	150	learned	അംഗഭംഗമില്ലാത്തവരും
ിനോട്	144	seed+learned	അണ്ണാക്കിനോട്
നെ	143	seed+learned	അകന്നുപോയതിനെ
െക്ക്	142	learned	അക്കരെക്ക്
രുടെ	140	learned	അകമ്പടിനായകന്മാരുടെ
ത്തെയും	138	learned	അകൃത്യത്തെയും
യായി	134	learned	അഗ്നിയായി
വനും	131	learned	അധികാരമുള്ളവനും
വരുടെ	119	learned	അഗ്നിജ്വലിക്കുന്നവരുടെ
കളുടെ	118	seed+learned	അകമ്പടികളുടെ
ർക്ക്	114	learned	അടിക്കുന്നവർക്ക്
ങ്ങളിൽ	112	seed+learned	അംശങ്ങളിൽ
ത്താൽ	110	seed+learned	അകൃത്യത്താൽ
വോ	109	learned	അടെച്ചുകളഞ്ഞിരിക്കുന്നുവോ
യെയും	105	learned	അമ്മയെയും
കളിൽ	103	seed+learned	അഗതികളിൽ
ിലുള്ള	100	seed+learned	അതിരിലുള്ള
തിനാൽ	99	learned	അടിക്കുന്നതിനാൽ
വനെ	99	learned	അങ്ങനെയുള്ളവനെ
യിലും	98	seed+learned	അഖായയിലും
വർക്ക്	97	learned	അടിക്കുന്നവർക്ക്
നായി	95	learned	അകമ്പടിനായകനായി
രെയും	94	learned	അക്കരെയും
കളെയും	91	learned	അകമ്പടികളെയും
വന്റെ	90	learned	അക്ഷരവിദ്യയില്ലാത്തവന്റെ
ിനാൽ	89	seed+learned	അടിക്കുന്നതിനാൽ
ങ്ങളുടെ	87	seed+learned	അംഗങ്ങളുടെ
നോ	86	learned	അകൃത്യത്തിന്നോ
ത്തിലെ	85	seed+learned	അഃന്തപുരത്തിലെ
യോട്	85	seed+learned	അത്തിയോട്
ത്തോട്	83	seed+learned	അകൃത്യത്തോട്
യായ	82	learned	അഗ്രചർമ്മിയായ
ത്തോടും	79	learned	അകൃത്യത്തോടും
ത്തോടെ	77	seed+learned	അഗ്രചർമ്മത്തോടെ
നായ	69	learned	അംഗഹീനനായ
കൾക്ക്	68	learned	അഗതികൾക്ക്
ുകൾ	68	learned	അച്ചുതണ്ടുകൾ
ിലോ	67	learned	അഗ്രചർമ്മത്തിലോ
തിൽ	66	learned	അംഗത്തിൽ
ുകളെ	65	learned	അണപ്പല്ലുകളെ
ിയും	64	learned	അഗതിയും
നോട്	62	learned	അടിയനോട്
യോടും	62	learned	അഗ്നിജ്വാലയോടും
കളിലും	61	learned	അടുപ്പുകളിലും
തോ	59	learned	അകത്തോ
തായി	58	learned	അകത്തായി
വനായി	58	learned	അണിഞ്ഞവനായി
രോട്	57	learned	അതിക്രമക്കാരോട്
രായി	56	learned	അക്ഷയരായി
ിനോടും	56	learned	അക്ബോരിനോടും
വനോ	55	learned	അടക്കുന്നവനോ
നെയും	53	learned	അങ്ങനെയും
മിന്റെ	53	learned	അദോനീക്കാമിന്റെ
ുകളും	52	learned	അച്ചതണ്ടുകളും
വരായി	50	learned	അടിസ്ഥാനപ്പെട്ടവരായി
ികൾ	50	learned	അംശികൾ
വിന്റെ	49	seed	അഥല്യാവിന്റെ
വിനെ	18	seed	അശുദ്ധാത്മാവിനെ
ളെ	16	seed	അകൃത്യങ്ങളെ
മാർ	15	seed	അംഗഹീനന്മാർ
വിൽ	15	seed	അരാംരാജാവിൽ
ിന്	13	seed	അഗ്നിനരകത്തിന്
മാരുടെ	12	seed	അകമ്പടിനായകന്മാരുടെ
ിനും	12	seed	ഒന്നിനും
മാരെ	11	seed	അനാഥന്മാരെ
വിനോട്	9	seed	അരാംരാജാവിനോട്
വോട്	9	seed	അദോനീയാവോട്
ത്തിന്	6	seed	അഗ്നിനരകത്തിന്
ിനായി	2	seed	അതിദുഃഖിനായി
ിനുള്ള	2	seed	അടുക്കുന്നതിനുള്ള
യ്ക്ക്	1	seed	വിലയ്ക്ക്
ാണ്	1	seed	യഹോവയാണ്
ത്തിന്റെ	0	seed	അംഗത്തിന്റെ
ത്തിലേക്ക്	0	seed	അക്രോത്ത്തോട്ടത്തിലേക്ക്
വിന്	0	seed	കർത്താവിന്
ാകുന്നു	0	seed	
ോ	0	seed	അംഗഹീനനല്ലോ
