kind	skeleton	form	ov_count	irv_count
pancham	ଅହଂକାର	ଅହଙ୍କାର	27	28
pancham	ଅହଂକାର	ଅହଂକାର	3	5
pancham	ଅହଂକାରର	ଅହଙ୍କାରର	3	3
pancham	ଅହଂକାରର	ଅହଂକାରର	1	1
pancham	ଅହଂକାରୀ	ଅହଙ୍କାରୀ	13	13
pancham	ଅହଂକାରୀ	ଅହଂକାରୀ	3	3
pancham	ଅହଂକାରୀକୁ	ଅହଙ୍କାରୀକୁ	0	2
pancham	ଅହଂକାରୀକୁ	ଅହଂକାରୀକୁ	0	1
pancham	ଅହଂକାରୀମାନଂକୁ	ଅହଙ୍କାରୀମାନଙ୍କୁ	1	3
pancham	ଅହଂକାରୀମାନଂକୁ	ଅହଂକାରୀମାନଙ୍କୁ	2	2
pancham	ଆଜ୍ଞାଲଂଘନ	ଆଜ୍ଞାଲଙ୍ଘନ	12	3
pancham	ଆଜ୍ଞାଲଂଘନ	ଆଜ୍ଞାଲଂଘନ	1	1
pancham	ଜଂଘ	ଜଙ୍ଘ	5	13
pancham	ଜଂଘ	ଜଂଘ	0	1
pancham	ଲଂଘନ	ଲଙ୍ଘନ	69	39
pancham	ଲଂଘନ	ଲଂଘନ	0	1
pancham	ଲଂଘନର	ଲଂଘନର	0	1
pancham	ଲଂଘନର	ଲଙ୍ଘନର	1	1
pancham	ସଂକଟ	ସଙ୍କଟ	36	38
pancham	ସଂକଟ	ସଂକଟ	3	3
pancham	ସଂକଟରୁ	ସଙ୍କଟରୁ	5	7
pancham	ସଂକଟରୁ	ସଂକଟରୁ	1	1
pancham	ସଂକଳନ	ସଂକଳନ	0	4
pancham	ସଂକଳନ	ସଙ୍କଳନ	0	1
pancham	ସଂକଳ୍ପ	ସଂକଳ୍ପ	23	48
pancham	ସଂକଳ୍ପ	ସଙ୍କଳ୍ପ	32	7
pancham	ସଂକଳ୍ପର	ସଂକଳ୍ପର	1	1
pancham	ସଂକଳ୍ପର	ସଙ୍କଳ୍ପର	1	1
pancham	ସଂକଳ୍ପରୁ	ସଂକଳ୍ପରୁ	1	2
pancham	ସଂକଳ୍ପରୁ	ସଙ୍କଳ୍ପରୁ	2	1
pancham	ସଂକୀର୍ଣ୍ଣ	ସଂକୀର୍ଣ୍ଣ	7	8
pancham	ସଂକୀର୍ଣ୍ଣ	ସଙ୍କୀର୍ଣ୍ଣ	4	4
pancham	ସଂକେତ	ସଙ୍କେତ	10	9
pancham	ସଂକେତ	ସଂକେତ	0	1
pancham	ସଂଗୀତ	ସଙ୍ଗୀତ	1	6
pancham	ସଂଗୀତ	ସଂଗୀତ	0	5
pancham	ସଂଗେ	ସଙ୍ଗେ	717	731
pancham	ସଂଗେ	ସଂଗେ	7	2
pancham	ସଂଜୀବିତ	ସଞ୍ଜୀବିତ	3	3
pancham	ସଂଜୀବିତ	ସଂଜୀବିତ	2	2
pancham	ସଂପୁର୍ଣ୍ଣ	ସଂପୁର୍ଣ୍ଣ	0	2
pancham	ସଂପୁର୍ଣ୍ଣ	ସମ୍ପୁର୍ଣ୍ଣ	0	2
pancham	ସଂପୂର୍ଣ୍ଣ	ସମ୍ପୂର୍ଣ୍ଣ	169	228
pancham	ସଂପୂର୍ଣ୍ଣ	ସଂପୂର୍ଣ୍ଣ	1	2
halant	ଅଦ୍ଦନ	ଅଦ୍ଦନ	1	1
halant	ଅଦ୍ଦନ	ଅଦ୍ଦନ୍	1	1
halant	ଅବୀହୟିଲ	ଅବୀହୟିଲ	1	1
halant	ଅବୀହୟିଲ	ଅବୀହୟିଲ୍	1	1
halant	ଅମାଲେକ	ଅମାଲେକ	15	15
halant	ଅମାଲେକ	ଅମାଲେକ୍	2	2
halant	ଅରାମ	ଅରାମ	18	20
halant	ଅରାମ	ଅରାମ୍	2	1
halant	ଅର୍ଥାତ	ଅର୍ଥାତ୍	702	879
halant	ଅର୍ଥାତ	ଅର୍ଥାତ	1	3
halant	ଅଲୋନ	ଅଲୋନ	29	22
halant	ଅଲୋନ	ଅଲୋନ୍	2	9
halant	ଅହୀଟୂବ	ଅହୀଟୂବ୍	4	4
halant	ଅହୀଟୂବ	ଅହୀଟୂବ	1	1
halant	ଅୟାଲୋନ	ଅୟାଲୋନ୍	4	4
halant	ଅୟାଲୋନ	ଅୟାଲୋନ	3	3
halant	ଆବେଲ	ଆବେଲ	2	1
halant	ଆବେଲ	ଆବେଲ୍	1	1
halant	ଆମୋନ	ଆମୋନ୍	9	13
halant	ଆମୋନ	ଆମୋନ	2	1
halant	ଆହସ	ଆହସ୍	26	30
halant	ଆହସ	ଆହସ	6	4
halant	ଇଗ୍ଲୋନ	ଇଗ୍ଲୋନ	1	3
halant	ଇଗ୍ଲୋନ	ଇଗ୍ଲୋନ୍	4	2
halant	ଇଦୋମ	ଇଦୋମ	41	50
halant	ଇଦୋମ	ଇଦୋମ୍	7	5
halant	ଇଫ୍ରୟିମ	ଇଫ୍ରୟିମ	84	94
halant	ଇଫ୍ରୟିମ	ଇଫ୍ରୟିମ୍	3	1
halant	ଉଚିତ	ଉଚିତ୍	3	78
halant	ଉଚିତ	ଉଚିତ	72	16
halant	ଉଠ	ଉଠ	115	116
halant	ଉଠ	ଉଠ୍	3	2
halant	ଏକୋଇଶ	ଏକୋଇଶ	6	6
halant	ଏକୋଇଶ	ଏକୋଇଶ୍	2	2
halant	ଏଥର	ଏଥର	7	6
halant	ଏଥର	ଏଥର୍	1	2
halant	ଏବଲ	ଏବଲ	6	6
halant	ଏବଲ	ଏବଲ୍	1	2
halant	ଏର	ଏର	6	7
halant	ଏର	ଏର୍	5	4
halant	ଏଲତ	ଏଲତ୍	3	3
halant	ଏଲତ	ଏଲତ	1	1
halant	ଏଲୋନ	ଏଲୋନ୍	3	4
halant	ଏଲୋନ	ଏଲୋନ	1	1
halant	ଏହୂଦ	ଏହୂଦ	1	7
halant	ଏହୂଦ	ଏହୂଦ୍	6	1
halant	ଐନମ	ଐନମ	1	1
halant	ଐନମ	ଐନମ୍	1	1
halant	ଐନ୍-ଗନ୍ନୀମ	ଐନ୍-ଗନ୍ନୀମ୍	1	2
halant	ଐନ୍-ଗନ୍ନୀମ	ଐନ୍-ଗନ୍ନୀମ	0	1
halant	ଓବେଦ	ଓବେଦ୍	7	6
halant	ଓବେଦ	ଓବେଦ	2	2
halant	ଓରେବ	ଓରେବ୍	3	4
halant	ଓରେବ	ଓରେବ	2	1
halant	କଫ	କଫ	1	1
halant	କଫ	କଫ୍	1	1
halant	କମ୍ପମାନ	କମ୍ପମାନ	15	15
halant	କମ୍ପମାନ	କମ୍ପମାନ୍	2	2
halant	କର	କର	2792	2850
halant	କର	କର୍	8	6
halant	କରୀୟୋଥ	କରୀୟୋଥ୍	1	2
halant	କରୀୟୋଥ	କରୀୟୋଥ	0	1
halant	କର୍ମିଲ	କର୍ମିଲ	9	9
halant	କର୍ମିଲ	କର୍ମିଲ୍	2	2
halant	କିଞ୍ଚିତ	କିଞ୍ଚିତ	3	1
halant	କିଞ୍ଚିତ	କିଞ୍ଚିତ୍	2	1
halant	କିରୀୟାଥୟିମ	କିରୀୟାଥୟିମ	2	3
halant	କିରୀୟାଥୟିମ	କିରୀୟାଥୟିମ୍	4	3
halant	କିଲୋମିଟର	କିଲୋମିଟର	0	1
halant	କିଲୋମିଟର	କିଲୋମିଟର୍	0	1
halant	କେଦଶ	କେଦଶ	5	5
halant	କେଦଶ	କେଦଶ୍	2	3
halant	ଖୋଜ	ଖୋଜ	8	9
halant	ଖୋଜ	ଖୋଜ୍	1	1
halant	ଗଦୋର	ଗଦୋର	3	2
halant	ଗଦୋର	ଗଦୋର୍	1	2
halant	ଗମଲୀୟେଲ	ଗମଲୀୟେଲ	5	4
halant	ଗମଲୀୟେଲ	ଗମଲୀୟେଲ୍	0	1
halant	ଗହମ	ଗହମ	40	42
halant	ଗହମ	ଗହମ୍	1	1
halant	ଗାଦ	ଗାଦ୍	20	32
halant	ଗାଦ	ଗାଦ	9	1
halant	ଗାଲ	ଗାଲ	4	9
halant	ଗାଲ	ଗାଲ୍	7	7
halant	ଗିଦିୟୋନ	ଗିଦିୟୋନ୍	26	27
halant	ଗିଦିୟୋନ	ଗିଦିୟୋନ	1	2
halant	ଗେଷର	ଗେଷର	7	7
halant	ଗେଷର	ଗେଷର୍	3	3
halant	ଗ୍ରାମ	ଗ୍ରାମ୍	0	49
halant	ଗ୍ରାମ	ଗ୍ରାମ	42	48
halant	ଗ୍ରୀକ	ଗ୍ରୀକ୍	22	25
halant	ଗ୍ରୀକ	ଗ୍ରୀକ	0	4
halant	ଠିକ	ଠିକ୍	9	15
halant	ଠିକ	ଠିକ	0	2
halant	ତର୍ଶୀଶ	ତର୍ଶୀଶ୍	4	4
halant	ତର୍ଶୀଶ	ତର୍ଶୀଶ	2	3
halant	ତାନକ	ତାନକ୍	4	4
halant	ତାନକ	ତାନକ	1	1
halant	ତାବୋର	ତାବୋର	4	5
halant	ତାବୋର	ତାବୋର୍	2	1
halant	ତୀତସ	ତୀତସ	3	5
halant	ତୀତସ	ତୀତସ୍	1	2
halant	ତୈମନ	ତୈମନ୍	7	9
halant	ତୈମନ	ତୈମନ	2	1
halant	ତ୍ରଫିମ	ତ୍ରଫିମ	2	1
halant	ତ୍ରଫିମ	ତ୍ରଫିମ୍	0	1
halant	ଦଦାନ	ଦଦାନ	3	7
halant	ଦଦାନ	ଦଦାନ୍	5	2
halant	ଦାନ	ଦାନ	207	218
halant	ଦାନ	ଦାନ୍	21	39
halant	ଦୀପ୍ତିମାନ	ଦୀପ୍ତିମାନ	6	7
halant	ଦୀପ୍ତିମାନ	ଦୀପ୍ତିମାନ୍	1	1
halant	ଦୁର	ଦୁର	7	2
halant	ଦୁର	ଦୁର୍	0	1
halant	ଦେଖ	ଦେଖ	1332	1299
halant	ଦେଖ	ଦେଖ୍	3	3
halant	ଦୌଡ଼	ଦୌଡ଼	6	7
halant	ଦୌଡ଼	ଦୌଡ଼୍	1	1
halant	ଧନବାନ	ଧନବାନ	22	21
halant	ଧନବାନ	ଧନବାନ୍	1	3
halant	ନଚେତ	ନଚେତ୍	0	2
halant	ନଚେତ	ନଚେତ	0	1
halant	ନଥନେଲ	ନଥନେଲ	7	10
halant	ନଥନେଲ	ନଥନେଲ୍	3	1
halant	ନହଶୋନ	ନହଶୋନ	5	5
halant	ନହଶୋନ	ନହଶୋନ୍	3	3
halant	ନାଦବ	ନାଦବ୍	14	13
halant	ନାଦବ	ନାଦବ	3	7
halant	ନାମାନ	ନାମାନ୍	8	17
halant	ନାମାନ	ନାମାନ	2	1
halant	ନାହଶ	ନାହଶ୍	4	4
halant	ନାହଶ	ନାହଶ	1	1
halant	ନ୍ୟାୟବାନ	ନ୍ୟାୟବାନ	3	2
halant	ନ୍ୟାୟବାନ	ନ୍ୟାୟବାନ୍	0	1
halant	ପଞ୍ଚଚାଳିଶ	ପଞ୍ଚଚାଳିଶ	13	13
halant	ପଞ୍ଚଚାଳିଶ	ପଞ୍ଚଚାଳିଶ୍	1	1
halant	ପଶ୍ଚାତ	ପଶ୍ଚାତ୍	54	38
halant	ପଶ୍ଚାତ	ପଶ୍ଚାତ	0	5
halant	ପୀନହସ	ପୀନହସ୍	12	15
halant	ପୀନହସ	ପୀନହସ	2	1
halant	ପୂରୀମ	ପୂରୀମ୍	2	2
halant	ପୂରୀମ	ପୂରୀମ	0	1
halant	ପୃଥକ	ପୃଥକ୍	59	88
halant	ପୃଥକ	ପୃଥକ	70	38
halant	ବଳବାନ	ବଳବାନ	173	174
halant	ବଳବାନ	ବଳବାନ୍	1	1
halant	ବାବିଲ	ବାବିଲ	87	108
halant	ବାବିଲ	ବାବିଲ୍	1	5
halant	ବାରକ	ବାରକ୍	11	12
halant	ବାରକ	ବାରକ	1	1
halant	ବାରୁକ	ବାରୁକ୍	1	3
halant	ବାରୁକ	ବାରୁକ	1	1
halant	ବାଲାକ	ବାଲାକ	27	28
halant	ବାଲାକ	ବାଲାକ୍	2	2
halant	ବାଲ୍-ପରାସୀମ	ବାଲ୍-ପରାସୀମ	1	1
halant	ବାଲ୍-ପରାସୀମ	ବାଲ୍-ପରାସୀମ୍	1	1
halant	ବିଦ୍ୟୁତ	ବିଦ୍ୟୁତ	2	3
halant	ବିଦ୍ୟୁତ	ବିଦ୍ୟୁତ୍	7	3
halant	ବିନ୍ୟାମୀନ	ବିନ୍ୟାମୀନ୍	13	90
halant	ବିନ୍ୟାମୀନ	ବିନ୍ୟାମୀନ	58	3
halant	ବୃହତ	ବୃହତ	54	47
halant	ବୃହତ	ବୃହତ୍	28	38
halant	ବେଥ୍-ଯିଶିମୋତ	ବେଥ୍-ଯିଶିମୋତ	0	1
halant	ବେଥ୍-ଯିଶିମୋତ	ବେଥ୍-ଯିଶିମୋତ୍	0	1
halant	ବେଥ୍-ଶାନ	ବେଥ୍-ଶାନ	0	4
halant	ବେଥ୍-ଶାନ	ବେଥ୍-ଶାନ୍	0	3
halant	ବେଥ୍-ଶେମଶ	ବେଥ୍-ଶେମଶ	0	8
halant	ବେଥ୍-ଶେମଶ	ବେଥ୍-ଶେମଶ୍	0	1
halant	ବେଶ	ବେଶ	7	8
halant	ବେଶ	ବେଶ୍	4	3
halant	ଭବିଷ୍ୟତ	ଭବିଷ୍ୟତ	37	53
halant	ଭବିଷ୍ୟତ	ଭବିଷ୍ୟତ୍	0	2
halant	ଭବିଷ୍ୟଦ	ଭବିଷ୍ୟଦ୍	6	8
halant	ଭବିଷ୍ୟଦ	ଭବିଷ୍ୟଦ	1	2
halant	ଭୁଲ	ଭୁଲ	2	11
halant	ଭୁଲ	ଭୁଲ୍	0	8
halant	ମରାୟୋତ	ମରାୟୋତ୍	4	3
halant	ମରାୟୋତ	ମରାୟୋତ	0	1
halant	ମରୀବ୍ବାଲ	ମରୀବ୍ବାଲ୍	3	3
halant	ମରୀବ୍ବାଲ	ମରୀବ୍ବାଲ	1	1
halant	ମଶାଲ	ମଶାଲ	6	6
halant	ମଶାଲ	ମଶାଲ୍	1	1
halant	ମହତ	ମହତ	52	43
halant	ମହତ	ମହତ୍	27	36
halant	ମହାନ	ମହାନ	96	102
halant	ମହାନ	ମହାନ୍	6	29
halant	ମହାରାଜ	ମହାରାଜ	102	96
halant	ମହାରାଜ	ମହାରାଜ୍	0	2
halant	ମାଇଲ	ମାଇଲ	0	1
halant	ମାଇଲ	ମାଇଲ୍	0	1
halant	ଯହସ	ଯହସ	3	3
halant	ଯହସ	ଯହସ୍	3	3
halant	ଯାବେଶ	ଯାବେଶ	0	5
halant	ଯାବେଶ	ଯାବେଶ୍	0	1
halant	ଯାରବୀୟାମ	ଯାରବୀୟାମ	27	38
halant	ଯାରବୀୟାମ	ଯାରବୀୟାମ୍	29	18
halant	ଯିଷ୍ହର	ଯିଷ୍ହର	3	3
halant	ଯିଷ୍ହର	ଯିଷ୍ହର୍	2	2
halant	ଯିହୋଶାଫଟ	ଯିହୋଶାଫଟ୍	46	58
halant	ଯିହୋଶାଫଟ	ଯିହୋଶାଫଟ	8	1
halant	ଯିୟୂଶ	ଯିୟୂଶ୍	5	9
halant	ଯିୟୂଶ	ଯିୟୂଶ	3	1
halant	ଯୋଥମ	ଯୋଥମ୍	16	20
halant	ଯୋଥମ	ଯୋଥମ	2	1
halant	ଯୋନାଥନ	ଯୋନାଥନ	84	91
halant	ଯୋନାଥନ	ଯୋନାଥନ୍	6	1
halant	ଯୋରାମ	ଯୋରାମ୍	16	18
halant	ଯୋରାମ	ଯୋରାମ	1	1
halant	ଯୋଷେଫ	ଯୋଷେଫ	142	146
halant	ଯୋଷେଫ	ଯୋଷେଫ୍	2	2
halant	ରହୂମ	ରହୂମ	1	4
halant	ରହୂମ	ରହୂମ୍	5	4
halant	ରହୋବ	ରହୋବ	4	4
halant	ରହୋବ	ରହୋବ୍	2	2
halant	ରାଜନ	ରାଜନ୍	18	11
halant	ରାଜନ	ରାଜନ	0	7
halant	ଲାଲ	ଲାଲ	2	2
halant	ଲାଲ	ଲାଲ୍	0	1
halant	ଶମିରୋଣ	ଶମିରୋଣ	5	8
halant	ଶମିରୋଣ	ଶମିରୋଣ୍	1	1
halant	ଶଲ୍ଟୀୟେଲ	ଶଲ୍ଟୀୟେଲ୍	0	2
halant	ଶଲ୍ଟୀୟେଲ	ଶଲ୍ଟୀୟେଲ	2	1
halant	ଶାଫଟ	ଶାଫଟ୍	3	3
halant	ଶାଫଟ	ଶାଫଟ	1	1
halant	ଶିଖିମ	ଶିଖିମ	38	38
halant	ଶିଖିମ	ଶିଖିମ୍	1	1
halant	ସଠିକ	ସଠିକ୍	0	2
halant	ସଠିକ	ସଠିକ	0	1
halant	ସତ	ସତ	12	17
halant	ସତ	ସତ୍	11	8
halant	ସତାଇଶ	ସତାଇଶ	11	9
halant	ସତାଇଶ	ସତାଇଶ୍	0	1
halant	ସବୂଲୂନ	ସବୂଲୂନ	13	28
halant	ସବୂଲୂନ	ସବୂଲୂନ୍	13	2
halant	ସମ୍ରାଟ	ସମ୍ରାଟ	0	1
halant	ସମ୍ରାଟ	ସମ୍ରାଟ୍	1	1
halant	ସଲମୋନ	ସଲମୋନ	2	2
halant	ସଲମୋନ	ସଲମୋନ୍	1	2
halant	ସାକ୍ଷାତ	ସାକ୍ଷାତ	75	92
halant	ସାକ୍ଷାତ	ସାକ୍ଷାତ୍	9	3
halant	ସୀନ	ସୀନ୍	8	14
halant	ସୀନ	ସୀନ	3	2
halant	ସୁକ୍କୋତ	ସୁକ୍କୋତ	5	6
halant	ସୁକ୍କୋତ	ସୁକ୍କୋତ୍	1	1
halant	ସୂର	ସୂର୍	2	5
halant	ସୂର	ସୂର	3	1
halant	ସେରଦ	ସେରଦ୍	4	4
halant	ସେରଦ	ସେରଦ	1	1
halant	ସୋୟର	ସୋୟର	3	3
halant	ସୋୟର	ସୋୟର୍	1	1
halant	ସ୍ପଞ୍ଜ	ସ୍ପଞ୍ଜ	1	2
halant	ସ୍ପଞ୍ଜ	ସ୍ପଞ୍ଜ୍	2	1
halant	ହମାତ	ହମାତ୍	12	9
halant	ହମାତ	ହମାତ	1	4
halant	ହଶୂବ	ହଶୂବ	1	3
halant	ହଶୂବ	ହଶୂବ୍	3	1
halant	ହାମ	ହାମ	8	8
halant	ହାମ	ହାମ୍	3	3
halant	ହୀନ	ହୀନ	1	1
halant	ହୀନ	ହୀନ୍	1	1
length	ଅଣଯିହୁଦି	ଅଣଯିହୂଦୀ	0	24
length	ଅଣଯିହୁଦି	ଅଣଯିହୁଦୀ	0	1
length	ଅଧିକାରକୁ	ଅଧିକାରକୁ	19	22
length	ଅଧିକାରକୁ	ଅଧୀକାରକୁ	0	1
length	ଅଧିନ	ଅଧୀନ	33	27
length	ଅଧିନ	ଅଧିନ	0	4
length	ଅଧିନରେ	ଅଧୀନରେ	18	16
length	ଅଧିନରେ	ଅଧିନରେ	0	13
length	ଅଧିନସ୍ଥ	ଅଧୀନସ୍ଥ	4	3
length	ଅଧିନସ୍ଥ	ଅଧିନସ୍ଥ	0	1
length	ଅନୁଢ଼ା	ଅନୂଢ଼ା	8	8
length	ଅନୁଢ଼ା	ଅନୁଢ଼ା	1	1
length	ଅବିହୁଦ	ଅବୀହୁଦ	1	1
length	ଅବିହୁଦ	ଅବୀହୂଦ	1	1
length	ଅବିୟଙ୍କ	ଅବୀୟଙ୍କ	0	2
length	ଅବିୟଙ୍କ	ଅବିୟଙ୍କ	1	1
length	ଅବିୟାଥର	ଅବୀୟାଥର	24	23
length	ଅବିୟାଥର	ଅବିୟାଥର	1	1
length	ଅଶୁଚିକୃତ	ଅଶୁଚିକୃତ	0	1
length	ଅଶୁଚିକୃତ	ଅଶୁଚୀକୃତ	2	1
length	ଅସରିୟର	ଅସରୀୟର	6	5
length	ଅସରିୟର	ଅସରିୟର	0	1
length	ଆଥିନି	ଆଥିନୀ	0	2
length	ଆଥିନି	ଆଥୀନୀ	0	1
length	ଆନ୍ଦ୍ରିୟ	ଆନ୍ଦ୍ରିୟ	5	5
length	ଆନ୍ଦ୍ରିୟ	ଆନ୍ଦ୍ରୀୟ	5	5
length	ଆନ୍ଦ୍ରିୟଙ୍କୁ	ଆନ୍ଦ୍ରିୟଙ୍କୁ	1	1
length	ଆନ୍ଦ୍ରିୟଙ୍କୁ	ଆନ୍ଦ୍ରୀୟଙ୍କୁ	1	1
length	ଆହୁତ	ଆହୂତ	33	32
length	ଆହୁତ	ଆହୁତ	0	5
length	ଇଥିୟେଲ	ଈଥୀୟେଲ	1	2
length	ଇଥିୟେଲ	ଇଥୀୟେଲ	1	1
length	ଇର୍ଷାରେ	ଈର୍ଷାରେ	11	10
length	ଇର୍ଷାରେ	ଇର୍ଷାରେ	0	2
length	ଇଲିୟାକିମ୍	ଇଲିୟାକୀମ୍	0	6
length	ଇଲିୟାକିମ୍	ଇଲୀୟାକୀମ୍	6	1
length	ଇଲିୟାଶିବର	ଇଲୀୟାଶୀବର	2	3
length	ଇଲିୟାଶିବର	ଇଲିୟାଶୀବର	2	1
length	ଇଲିୟାସର	ଇଲୀୟାସର	57	60
length	ଇଲିୟାସର	ଇଲିୟାସର	3	1
length	ଇଷ୍କାରିୟୋତିୟ	ଇଷ୍କାରିୟୋତୀୟ	8	8
length	ଇଷ୍କାରିୟୋତିୟ	ଈଷ୍କାରିୟୋତୀୟ	0	2
length	ଉଣା	ଊଣା	49	44
length	ଉଣା	ଉଣା	0	4
length	ଉତ୍ସର୍ଗିତ	ଉତ୍ସର୍ଗିତ	1	9
length	ଉତ୍ସର୍ଗିତ	ଉତ୍ସର୍ଗୀତ	1	1
length	ଉପପତ୍ନି	ଉପପତ୍ନୀ	0	24
length	ଉପପତ୍ନି	ଉପପତ୍ନି	0	1
length	ଉରିମ୍	ଊରୀମ୍	4	4
length	ଉରିମ୍	ଉରୀମ୍	2	2
length	ଉର୍ଦ୍ଧ୍ୱ	ଉର୍ଦ୍ଧ୍ୱ	0	11
length	ଉର୍ଦ୍ଧ୍ୱ	ଊର୍ଦ୍ଧ୍ୱ	10	3
length	ଉର୍ଦ୍ଧ୍ୱକୁ	ଉର୍ଦ୍ଧ୍ୱକୁ	0	18
length	ଉର୍ଦ୍ଧ୍ୱକୁ	ଊର୍ଦ୍ଧ୍ୱକୁ	27	17
length	ଉର୍ଦ୍ଧ୍ୱଗମନ	ଉର୍ଦ୍ଧ୍ୱଗମନ	1	4
length	ଉର୍ଦ୍ଧ୍ୱଗମନ	ଊର୍ଦ୍ଧ୍ୱଗମନ	4	1
length	ଉର୍ଦ୍ଧ୍ୱଗାମି	ଊର୍ଦ୍ଧ୍ୱଗାମୀ	5	3
length	ଉର୍ଦ୍ଧ୍ୱଗାମି	ଉର୍ଦ୍ଧ୍ୱଗାମୀ	0	1
length	ଉର୍ଦ୍ଧ୍ୱଦୃଷ୍ଟି	ଊର୍ଦ୍ଧ୍ୱଦୃଷ୍ଟି	10	5
length	ଉର୍ଦ୍ଧ୍ୱଦୃଷ୍ଟି	ଉର୍ଦ୍ଧ୍ୱଦୃଷ୍ଟି	1	2
length	ଉର୍ଦ୍ଧ୍ୱରୁ	ଊର୍ଦ୍ଧ୍ୱରୁ	18	12
length	ଉର୍ଦ୍ଧ୍ୱରୁ	ଉର୍ଦ୍ଧ୍ୱରୁ	0	6
length	ଉର୍ଦ୍ଧ୍ୱରେ	ଉର୍ଦ୍ଧ୍ୱରେ	0	11
length	ଉର୍ଦ୍ଧ୍ୱରେ	ଊର୍ଦ୍ଧ୍ୱରେ	26	8
length	ଉର୍ଦ୍ଧ୍ୱଲୋକରେ	ଊର୍ଦ୍ଧ୍ୱଲୋକରେ	5	4
length	ଉର୍ଦ୍ଧ୍ୱଲୋକରେ	ଉର୍ଦ୍ଧ୍ୱଲୋକରେ	0	2
length	ଉର୍ଦ୍ଧ୍ୱସ୍ଥ	ଊର୍ଦ୍ଧ୍ୱସ୍ଥ	11	7
length	ଉର୍ଦ୍ଧ୍ୱସ୍ଥ	ଉର୍ଦ୍ଧ୍ୱସ୍ଥ	0	3
length	ଉର୍ଦ୍ଧ୍ୱସ୍ଥାନ	ଊର୍ଦ୍ଧ୍ୱସ୍ଥାନ	1	2
length	ଉର୍ଦ୍ଧ୍ୱସ୍ଥାନ	ଉର୍ଦ୍ଧ୍ୱସ୍ଥାନ	0	1
length	ଏକତ୍ରିକରଣ	ଏକତ୍ରିକରଣ	0	2
length	ଏକତ୍ରିକରଣ	ଏକତ୍ରୀକରଣ	0	2
length	ଏଲି	ଏଲି	18	18
length	ଏଲି	ଏଲୀ	6	3
length	ଏଲିଙ୍କ	ଏଲିଙ୍କ	6	8
length	ଏଲିଙ୍କ	ଏଲୀଙ୍କ	1	1
length	ଏଲିଶାବେଥ	ଏଲୀଶାବେଥ	7	6
length	ଏଲିଶାବେଥ	ଏଲିଶାବେଥ	0	1
length	ଏଲିଶାବେଥଙ୍କ	ଏଲୀଶାବେଥଙ୍କ	1	2
length	ଏଲିଶାବେଥଙ୍କ	ଏଲିଶାବେଥଙ୍କ	0	1
length	ଏଲିୟ	ଏଲୀୟ	71	65
length	ଏଲିୟ	ଏଲିୟ	1	15
length	ଏଲିୟଙ୍କ	ଏଲୀୟଙ୍କ	20	23
length	ଏଲିୟଙ୍କ	ଏଲିୟଙ୍କ	0	4
length	ଏଲିୟଙ୍କର	ଏଲୀୟଙ୍କର	7	5
length	ଏଲିୟଙ୍କର	ଏଲିୟଙ୍କର	0	2
length	ଏଲିୟଙ୍କୁ	ଏଲୀୟଙ୍କୁ	10	11
length	ଏଲିୟଙ୍କୁ	ଏଲିୟଙ୍କୁ	0	1
length	ଏଲିୟାକିମ	ଏଲିୟାକୀମ	0	1
length	ଏଲିୟାକିମ	ଏଲୀୟାକିମ	0	1
length	ଏହି	ଏହି	3615	4184
length	ଏହି	ଏହୀ	1	1
length	କଟାଳି	କଟାଳି	4	5
length	କଟାଳି	କଟାଳୀ	1	1
length	କଟି	କଟି	27	35
length	କଟି	କଟୀ	4	2
length	କଟିଦେଶ	କଟିଦେଶ	5	5
length	କଟିଦେଶ	କଟୀଦେଶ	2	2
length	କଟିଦେଶର	କଟିଦେଶର	3	3
length	କଟିଦେଶର	କଟୀଦେଶର	1	1
length	କଟିଦେଶରେ	କଟିଦେଶରେ	16	16
length	କଟିଦେଶରେ	କଟୀଦେଶରେ	3	2
length	କଟିବନ୍ଧନ	କଟିବନ୍ଧନ	19	16
length	କଟିବନ୍ଧନ	କଟୀବନ୍ଧନ	2	1
length	କଟିରେ	କଟିରେ	6	5
length	କଟିରେ	କଟୀରେ	3	1
length	କଫର୍ନାହୁମରେ	କଫର୍ନାହୂମରେ	5	3
length	କଫର୍ନାହୁମରେ	କଫର୍ନାହୁମରେ	0	1
length	କାଳି	କାଳି	1	1
length	କାଳି	କାଳୀ	1	1
length	କିଶୋନ୍-ନଦି	କିଶୋନ୍-ନଦୀ	1	1
length	କିଶୋନ୍-ନଦି	କୀଶୋନ୍-ନଦୀ	1	1
length	କୁରିଣିୟ	କୂରୀଣୀୟ	6	4
length	କୁରିଣିୟ	କୁରୀଣୀୟ	0	1
length	କୁଳ	କୂଳ	1	5
length	କୁଳ	କୁଳ	1	1
length	କୋଠରି	କୋଠରି	32	52
length	କୋଠରି	କୋଠରୀ	3	1
length	କୋଠରିକୁ	କୋଠରିକୁ	2	15
length	କୋଠରିକୁ	କୋଠରୀକୁ	2	1
length	କୋଠରିରେ	କୋଠରିରେ	15	12
length	କୋଠରିରେ	କୋଠରୀରେ	4	8
length	ଖଜୁରି	ଖଜୁରି	1	1
length	ଖଜୁରି	ଖଜୁରୀ	1	1
length	ଖପୁରି	ଖପୁରି	1	1
length	ଖପୁରି	ଖପୁରୀ	1	1
length	ଖ୍ରିଷ୍ଟିୟ	ଖ୍ରୀଷ୍ଟୀୟ	3	10
length	ଖ୍ରିଷ୍ଟିୟ	ଖ୍ରୀଷ୍ଟିୟ	0	6
length	ଗଡ଼ବନ୍ଦି	ଗଡ଼ବନ୍ଦୀ	2	2
length	ଗଡ଼ବନ୍ଦି	ଗଡ଼ବନ୍ଦି	1	1
length	ଗମ୍ଭିର	ଗମ୍ଭୀର	3	4
length	ଗମ୍ଭିର	ଗମ୍ଭିର	0	1
length	ଗୌରବସ୍ୱରୁପ	ଗୌରବସ୍ୱରୁପ	0	1
length	ଗୌରବସ୍ୱରୁପ	ଗୌରବସ୍ୱରୂପ	2	1
length	ଘାଟି	ଘାଟୀ	8	8
length	ଘାଟି	ଘାଟି	2	2
length	ଘୁରେ	ଘୁରେ	1	1
length	ଘୁରେ	ଘୂରେ	1	1
length	ଘୁଷୁରି	ଘୁଷୁରି	3	2
length	ଘୁଷୁରି	ଘୁଷୁରୀ	0	1
length	ଚରାଣି	ଚରାଣି	1	6
length	ଚରାଣି	ଚରାଣୀ	5	5
length	ଚୁଣି	ଚୁଣି	1	1
length	ଚୁଣି	ଚୁଣୀ	1	1
length	ଚୁଣି	ଚୂଣୀ	1	1
length	ଚୁର୍ଣ୍ଣବିଚୁର୍ଣ୍ଣ	ଚୁର୍ଣ୍ଣବିଚୂର୍ଣ୍ଣ	0	1
length	ଚୁର୍ଣ୍ଣବିଚୁର୍ଣ୍ଣ	ଚୂର୍ଣ୍ଣବିଚୂର୍ଣ୍ଣ	2	1
length	ଛାଉଣି	ଛାଉଣି	181	188
length	ଛାଉଣି	ଛାଉଣୀ	1	1
length	ଛାଉଣିର	ଛାଉଣିର	39	41
length	ଛାଉଣିର	ଛାଉଣୀର	2	2
length	ଛୁଞ୍ଚିର	ଛୁଞ୍ଚିର	0	2
length	ଛୁଞ୍ଚିର	ଛୁଞ୍ଚୀର	0	1
length	ଜଖିୟ	ଜଖିୟ	0	3
length	ଜଖିୟ	ଜଖୀୟ	3	2
length	ଜିଅନ୍ତା	ଜୀଅନ୍ତା	20	20
length	ଜିଅନ୍ତା	ଜିଅନ୍ତା	2	2
length	ଜିନା	ଜିନା	0	2
length	ଜିନା	ଜୀନା	1	1
length	ଜ୍ଞାନି	ଜ୍ଞାନୀ	59	63
length	ଜ୍ଞାନି	ଜ୍ଞାନି	1	1
length	ଟାଣି	ଟାଣି	30	34
length	ଟାଣି	ଟାଣୀ	1	1
length	ଢାଙ୍କୁଣି	ଢାଙ୍କୁଣି	1	1
length	ଢାଙ୍କୁଣି	ଢାଙ୍କୁଣୀ	1	1
length	ତଦ୍ରୁପ	ତଦ୍ରୂପ	47	36
length	ତଦ୍ରୁପ	ତଦ୍ରୁପ	0	3
length	ତାହାଙ୍କୁୁ	ତାହାଙ୍କୁୁ	0	2
length	ତାହାଙ୍କୁୁ	ତାହାଙ୍କୁୂ	0	1
length	ତିବ୍ର	ତୀବ୍ର	3	4
length	ତିବ୍ର	ତିବ୍ର	0	3
length	ତିମ	ତୀମ	1	3
length	ତିମ	ତିମ	0	1
length	ତୁରିଧ୍ୱନି	ତୂରୀଧ୍ୱନୀ	10	13
length	ତୁରିଧ୍ୱନି	ତୂରୀଧ୍ୱନି	9	8
length	ତୁରିବାଦକ	ତୂରୀବାଦକ	4	4
length	ତୁରିବାଦକ	ତୁରୀବାଦକ	0	1
length	ତୁଲ୍ୟ	ତୁଲ୍ୟ	798	799
length	ତୁଲ୍ୟ	ତୂଲ୍ୟ	1	2
length	ଥଳି	ଥଳି	2	2
length	ଥଳି	ଥଳୀ	1	2
length	ଥାଳିର	ଥାଳିର	1	1
length	ଥାଳିର	ଥାଳୀର	1	1
length	ଥାଳିରେ	ଥାଳିରେ	4	4
length	ଥାଳିରେ	ଥାଳୀରେ	2	2
length	ଥିୟଫିଲ	ଥୀୟଫିଲ	2	4
length	ଥିୟଫିଲ	ଥିୟଫିଲ	0	1
length	ଥେସଲନିକିୟ	ଥେସଲନୀକୀୟ	4	24
length	ଥେସଲନିକିୟ	ଥେସଲନିକୀୟ	0	3
length	ଥୋମଣି	ଥୋମଣି	2	2
length	ଥୋମଣି	ଥୋମଣୀ	1	1
length	ଦାବି	ଦାବି	1	19
length	ଦାବି	ଦାବୀ	10	6
length	ଦାୟିତ୍ୱ	ଦାୟିତ୍ୱ	0	16
length	ଦାୟିତ୍ୱ	ଦାୟୀତ୍ୱ	0	1
length	ଦିନ	ଦିନ	879	1037
length	ଦିନ	ଦୀନ	2	3
length	ଦିନାର୍	ଦିନାର୍	0	6
length	ଦିନାର୍	ଦୀନାର୍	0	1
length	ଦିପ୍ତି	ଦୀପ୍ତି	58	59
length	ଦିପ୍ତି	ଦିପ୍ତୀ	1	1
length	ଦୁଃଖି	ଦୁଃଖୀ	23	24
length	ଦୁଃଖି	ଦୁଃଖି	0	1
length	ଦୁତଙ୍କଠାରୁ	ଦୁତଙ୍କଠାରୁ	0	1
length	ଦୁତଙ୍କଠାରୁ	ଦୂତଙ୍କଠାରୁ	0	1
length	ଦୁର	ଦୂର	273	278
length	ଦୁର	ଦୁର	7	2
length	ଦୁରନ୍ତ	ଦୁରନ୍ତ	0	6
length	ଦୁରନ୍ତ	ଦୂରନ୍ତ	1	1
length	ଦୁରାଚାରିମାନଙ୍କ	ଦୁରାଚାରୀମାନଙ୍କ	3	2
length	ଦୁରାଚାରିମାନଙ୍କ	ଦୂରାଚାରୀମାନଙ୍କ	0	1
length	ଦୁରିକୃତ	ଦୂରୀକୃତ	41	38
length	ଦୁରିକୃତ	ଦୁରୀକୃତ	0	1
length	ଦେକାପଲି	ଦେକାପଲି	2	1
length	ଦେକାପଲି	ଦେକାପଲୀ	0	1
length	ଦେବି	ଦେବି	106	108
length	ଦେବି	ଦେବୀ	3	4
length	ଦ୍ୱିତିୟ	ଦ୍ୱିତୀୟ	184	267
length	ଦ୍ୱିତିୟ	ଦ୍ୱୀତୀୟ	0	1
length	ଦ୍ୱିପରେ	ଦ୍ୱୀପରେ	5	8
length	ଦ୍ୱିପରେ	ଦ୍ୱିପରେ	0	1
length	ଧିର	ଧୀର	18	17
length	ଧିର	ଧିର	0	1
length	ଧିରେ	ଧୀରେ	18	20
length	ଧିରେ	ଧିରେ	0	2
length	ଧୁମ	ଧୂମ	34	34
length	ଧୁମ	ଧୁମ	0	1
length	ଧୁର୍ତ୍ତତାରେ	ଧୂର୍ତ୍ତତାରେ	4	3
length	ଧୁର୍ତ୍ତତାରେ	ଧୁର୍ତ୍ତତାରେ	1	1
length	ଧୁଳି	ଧୂଳି	55	57
length	ଧୁଳି	ଧୂଳୀ	1	1
length	ଧ୍ୱନି	ଧ୍ୱନି	24	29
length	ଧ୍ୱନି	ଧ୍ୱନୀ	1	1
length	ନଗରସମୁହ	ନଗରସମୂହ	14	16
length	ନଗରସମୁହ	ନଗରସମୁହ	0	1
length	ନପ୍ତାଲି	ନପ୍ତାଲି	27	27
length	ନପ୍ତାଲି	ନପ୍ତାଲୀ	1	2
length	ନିଗୁଢ଼	ନିଗୂଢ଼	40	28
length	ନିଗୁଢ଼	ନିଗୁଢ଼	0	1
length	ନିଗୁଢ଼ତତ୍ତ୍ୱ	ନିଗୂଢ଼ତତ୍ତ୍ୱ	8	17
length	ନିଗୁଢ଼ତତ୍ତ୍ୱ	ନିଗୁଢ଼ତତ୍ତ୍ୱ	0	1
length	ନିଚସ୍ଥ	ନୀଚସ୍ଥ	26	25
length	ନିଚସ୍ଥ	ନିଚସ୍ଥ	0	1
length	ନିତ	ନୀତ	30	30
length	ନିତ	ନିତ	0	2
length	ନିତି	ନିତି	4	2
length	ନିତି	ନୀତି	0	2
length	ନିନିବି	ନୀନିବୀ	12	19
length	ନିନିବି	ନିନିବୀ	0	1
length	ନିନିବି	ନିନୀବୀ	0	1
length	ନିନିବିର	ନୀନିବୀର	4	5
length	ନିନିବିର	ନିନୀବୀର	0	1
length	ନିନିବିରେ	ନୀନିବୀରେ	2	4
length	ନିନିବିରେ	ନିନୀବୀରେ	0	2
length	ନିରବ	ନୀରବ	72	78
length	ନିରବ	ନିରବ	2	1
length	ନିରୁପଣ	ନିରୂପଣ	111	97
length	ନିରୁପଣ	ନିରୁପଣ	0	16
length	ନିରୁପିତ	ନିରୂପିତ	150	146
length	ନିରୁପିତ	ନିରୁପିତ	0	5
length	ନିର୍ଣ୍ଣିତ	ନିର୍ଣ୍ଣୀତ	11	7
length	ନିର୍ଣ୍ଣିତ	ନିର୍ଣ୍ଣିତ	1	5
length	ନୁତନ	ନୂତନ	109	143
length	ନୁତନ	ନୁତନ	0	1
length	ନ୍ୟୁନ	ନ୍ୟୂନ	6	4
length	ନ୍ୟୁନ	ନ୍ୟୁନ	0	3
length	ନ୍ୟୁନିକୃତ	ନ୍ୟୁନୀକୃତ	0	1
length	ନ୍ୟୁନିକୃତ	ନ୍ୟୂନୀକୃତ	2	1
length	ପଥର-କଟାଳି	ପଥର-କଟାଳି	1	1
length	ପଥର-କଟାଳି	ପଥର-କଟାଳୀ	1	1
length	ପନ୍ତିୟ	ପନ୍ତିୟ	0	2
length	ପନ୍ତିୟ	ପନ୍ତୀୟ	3	1
length	ପବିତ୍ରିକରଣ	ପବିତ୍ରୀକରଣ	0	4
length	ପବିତ୍ରିକରଣ	ପବିତ୍ରିକରଣ	0	1
length	ପରାଧିନ	ପରାଧିନ	0	4
length	ପରାଧିନ	ପରାଧୀନ	7	3
length	ପରିକ୍ଷା	ପରୀକ୍ଷା	111	121
length	ପରିକ୍ଷା	ପରିକ୍ଷା	0	2
length	ପାରସିକ	ପାରସିକ	4	4
length	ପାରସିକ	ପାରସୀକ	1	1
length	ପିତ	ପିତ	2	3
length	ପିତ	ପୀତ	1	1
length	ପୁରଣ	ପୂରଣ	11	15
length	ପୁରଣ	ପୁରଣ	0	1
length	ପୁରା	ପୂରା	3	5
length	ପୁରା	ପୁରା	2	3
length	ପୁର୍ବରୁ	ପୂର୍ବରୁ	64	96
length	ପୁର୍ବରୁ	ପୁର୍ବରୁ	0	4
length	ପ୍ରତିକ୍ଷା	ପ୍ରତୀକ୍ଷା	1	2
length	ପ୍ରତିକ୍ଷା	ପ୍ରତିକ୍ଷା	0	1
length	ପ୍ରଭୁ	ପ୍ରଭୁ	867	1005
length	ପ୍ରଭୁ	ପ୍ରଭୂ	0	1
length	ପ୍ରିସ୍କା	ପ୍ରୀସ୍କା	3	2
length	ପ୍ରିସ୍କା	ପ୍ରିସ୍କା	0	1
length	ଫିଲିପ୍ପି	ଫିଲିପ୍ପୀ	2	3
length	ଫିଲିପ୍ପି	ଫିଲିପ୍ପି	0	1
length	ବଂଶାବଳି	ବଂଶାବଳୀ	46	71
length	ବଂଶାବଳି	ବଂଶାବଳି	0	3
length	ବଜ୍ରଧ୍ୱନି	ବଜ୍ରଧ୍ୱନୀ	1	2
length	ବଜ୍ରଧ୍ୱନି	ବଜ୍ରଧ୍ୱନି	2	1
length	ବନ୍ଦିତ୍ୱ	ବନ୍ଦୀତ୍ୱ	19	20
length	ବନ୍ଦିତ୍ୱ	ବନ୍ଦିତ୍ୱ	0	2
length	ବନ୍ଦିତ୍ୱରୁ	ବନ୍ଦୀତ୍ୱରୁ	4	7
length	ବନ୍ଦିତ୍ୱରୁ	ବନ୍ଦିତ୍ୱରୁ	0	3
length	ବଳିକୃତ	ବଳୀକୃତ	1	2
length	ବଳିକୃତ	ବଳିକୃତ	1	1
length	ବାକି	ବାକି	4	13
length	ବାକି	ବାକୀ	9	1
length	ବାରୁକ	ବାରୂକ	14	15
length	ବାରୁକ	ବାରୁକ	1	1
length	ବାଲି	ବାଲି	11	12
length	ବାଲି	ବାଲୀ	1	1
length	ବିକ୍ରିତ	ବିକ୍ରୀତ	13	11
length	ବିକ୍ରିତ	ବିକ୍ରିତ	0	2
length	ବିଜୁଳି	ବିଜୁଳି	18	22
length	ବିଜୁଳି	ବିଜୁଳୀ	0	2
length	ବିଦ୍ରୁପ	ବିଦ୍ରୂପ	7	5
length	ବିଦ୍ରୁପ	ବିଦ୍ରୁପ	0	1
length	ବିଦ୍ରୁପର	ବିଦ୍ରୁପର	0	1
length	ବିଦ୍ରୁପର	ବିଦ୍ରୂପର	3	1
length	ବିନତି	ବିନତି	76	78
length	ବିନତି	ବିନତୀ	0	2
length	ବିନାମୁଲ୍ୟରେ	ବିନାମୂଲ୍ୟରେ	14	11
length	ବିନାମୁଲ୍ୟରେ	ବିନାମୁଲ୍ୟରେ	0	1
length	ବିପଥଗାମିନି	ବିପଥଗାମିନୀ	10	7
length	ବିପଥଗାମିନି	ବିପଥଗାମୀନୀ	0	4
length	ବିଶ୍ୱାସିମାନଙ୍କ	ବିଶ୍ୱାସୀମାନଙ୍କ	6	15
length	ବିଶ୍ୱାସିମାନଙ୍କ	ବିଶ୍ୱାସିମାନଙ୍କ	0	2
length	ବିହିନ	ବିହୀନ	0	6
length	ବିହିନ	ବିହିନ	0	1
length	ବୁଲ	ବୁଲ	1	1
length	ବୁଲ	ବୂଲ	1	1
length	ବେଥନିଆ	ବେଥନିଆ	2	2
length	ବେଥନିଆ	ବେଥନୀଆ	0	1
length	ବେଥନିଆରେ	ବେଥନିଆରେ	0	1
length	ବେଥନିଆରେ	ବେଥନୀଆରେ	1	1
length	ବେଦି	ବେଦି	125	134
length	ବେଦି	ବେଦୀ	0	1
length	ବେଶି	ବେଶି	0	3
length	ବେଶି	ବେଶୀ	6	2
length	ବୈଦୁର୍ଯ୍ୟ	ବୈଦୁର୍ଯ୍ୟ	3	4
length	ବୈଦୁର୍ଯ୍ୟ	ବୈଦୂର୍ଯ୍ୟ	1	1
length	ବ୍ୟତିତ	ବ୍ୟତୀତ	7	52
length	ବ୍ୟତିତ	ବ୍ୟତିତ	0	1
length	ବ୍ୟାପି	ବ୍ୟାପି	12	11
length	ବ୍ୟାପି	ବ୍ୟାପୀ	1	1
length	ଭାଟି	ଭାଟି	1	2
length	ଭାଟି	ଭାଟୀ	1	1
length	ଭାଟିର	ଭାଟୀର	4	4
length	ଭାଟିର	ଭାଟିର	1	1
length	ଭାବି	ଭାବି	22	31
length	ଭାବି	ଭାବୀ	4	1
length	ଭାରି	ଭାରୀ	63	54
length	ଭାରି	ଭାରି	0	1
length	ଭିଡ଼	ଭିଡ଼	4	3
length	ଭିଡ଼	ଭୀଡ଼	0	1
length	ଭୁଇଁରେ	ଭୂଇଁରେ	8	6
length	ଭୁଇଁରେ	ଭୁଇଁରେ	0	1
length	ଭେଟି	ଭେଟି	13	24
length	ଭେଟି	ଭେଟୀ	22	11
length	ଭୟଭିତ	ଭୟଭୀତ	0	7
length	ଭୟଭିତ	ଭୟଭିତ	0	1
length	ମଣ୍ଡଳିସମୁହର	ମଣ୍ଡଳୀସମୂହର	3	2
length	ମଣ୍ଡଳିସମୁହର	ମଣ୍ଡଳୀସମୁହର	0	1
length	ମତ୍ତନିୟ	ମତ୍ତନୀୟ	12	11
length	ମତ୍ତନିୟ	ମତ୍ତନିୟ	0	1
length	ମରିୟମ	ମରିୟମ	0	33
length	ମରିୟମ	ମରୀୟମ	49	17
length	ମରିୟମଙ୍କ	ମରିୟମଙ୍କ	0	11
length	ମରିୟମଙ୍କ	ମରୀୟମଙ୍କ	8	2
length	ମରିୟମଙ୍କୁ	ମରିୟମଙ୍କୁ	0	9
length	ମରିୟମଙ୍କୁ	ମରୀୟମଙ୍କୁ	9	3
length	ମରୁପ୍ରାନ୍ତରରେ	ମରୁପ୍ରାନ୍ତରରେ	0	3
length	ମରୁପ୍ରାନ୍ତରରେ	ମରୂପ୍ରାନ୍ତରରେ	0	1
length	ମଲ୍ଲୁକ	ମଲ୍ଲୂକ	1	3
length	ମଲ୍ଲୁକ	ମଲ୍ଲୁକ	2	2
length	ମସ୍କିଲ୍	ମସ୍କୀଲ୍	12	11
length	ମସ୍କିଲ୍	ମସ୍କିଲ୍	0	1
length	ମାଖିର	ମାଖୀର	3	7
length	ମାଖିର	ମାଖିର	1	1
length	ମାରି	ମାରି	46	47
length	ମାରି	ମାରୀ	10	6
length	ମାସିୟ	ମାସିୟ	0	1
length	ମାସିୟ	ମାସୀୟ	2	1
length	ମିଖା	ମୀଖା	14	29
length	ମିଖା	ମିଖା	0	1
length	ମିଖାୟେଲ	ମୀଖାୟେଲ	11	10
length	ମିଖାୟେଲ	ମିଖାୟେଲ	0	1
length	ମୁଖ	ମୁଖ	441	443
length	ମୁଖ	ମୂଖ	0	1
length	ମୁଖାମୁଖି	ମୁଖାମୁଖି	6	6
length	ମୁଖାମୁଖି	ମୁଖାମୁଖୀ	3	3
length	ମୁଖ୍ୟ	ମୁଖ୍ୟ	3	21
length	ମୁଖ୍ୟ	ମୂଖ୍ୟ	0	1
length	ମୁଦି	ମୁଦି	3	2
length	ମୁଦି	ମୂଦି	0	1
length	ମୁର୍ଖ	ମୂର୍ଖ	39	40
length	ମୁର୍ଖ	ମୁର୍ଖ	1	2
length	ମୁର୍ଖତା	ମୂର୍ଖତା	14	14
length	ମୁର୍ଖତା	ମୁର୍ଖତା	0	3
length	ମୁର୍ଚ୍ଛାପନ୍ନ	ମୂର୍ଚ୍ଛାପନ୍ନ	2	2
length	ମୁର୍ଚ୍ଛାପନ୍ନ	ମୁର୍ଚ୍ଛାପନ୍ନ	1	1
length	ମୁର୍ତ୍ତି	ମୂର୍ତ୍ତି	29	35
length	ମୁର୍ତ୍ତି	ମୁର୍ତ୍ତି	0	1
length	ମୁଲ୍ୟ	ମୂଲ୍ୟ	84	91
length	ମୁଲ୍ୟ	ମୁଲ୍ୟ	0	2
length	ମୁଳତଃ	ମୂଳତଃ	0	4
length	ମୁଳତଃ	ମୁଳତଃ	0	1
length	ମୁଳଦୁଆ	ମୂଳଦୁଆ	10	10
length	ମୁଳଦୁଆ	ମୂଳଦୂଆ	1	2
length	ମୁହୁର୍ତ୍ତରେ	ମୁହୁର୍ତ୍ତରେ	0	3
length	ମୁହୁର୍ତ୍ତରେ	ମୁହୂର୍ତ୍ତରେ	4	2
length	ଯଜ୍ଞବେଦିର	ଯଜ୍ଞବେଦିର	37	37
length	ଯଜ୍ଞବେଦିର	ଯଜ୍ଞବେଦୀର	0	1
length	ଯାରିବ	ଯାରିବ	1	2
length	ଯାରିବ	ଯାରୀବ	0	1
length	ଯିଶାଇୟ	ଯିଶାଇୟ	43	53
length	ଯିଶାଇୟ	ଯିଶାଈୟ	0	1
length	ଯିହୁଦା	ଯିହୁଦା	314	322
length	ଯିହୁଦା	ଯିହୂଦା	25	104
length	ଯିହୁଦା	ଯୀହୁଦା	0	2
length	ଯିହୁଦା-ସନ୍ତାନଗଣର	ଯିହୁଦା-ସନ୍ତାନଗଣର	10	7
length	ଯିହୁଦା-ସନ୍ତାନଗଣର	ଯିହୂଦା-ସନ୍ତାନଗଣର	0	1
length	ଯିହୁଦାକୁ	ଯିହୁଦାକୁ	27	33
length	ଯିହୁଦାକୁ	ଯିହୂଦାକୁ	2	6
length	ଯିହୁଦାଙ୍କ	ଯିହୂଦାଙ୍କ	1	6
length	ଯିହୁଦାଙ୍କ	ଯିହୁଦାଙ୍କ	3	2
length	ଯିହୁଦାର	ଯିହୁଦାର	416	466
length	ଯିହୁଦାର	ଯିହୂଦାର	2	26
length	ଯିହୁଦାରୁ	ଯିହୁଦାରୁ	9	9
length	ଯିହୁଦାରୁ	ଯିହୂଦାରୁ	0	2
length	ଯିହୁଦି	ଯିହୂଦୀ	0	76
length	ଯିହୁଦି	ଯିହୁଦୀ	62	43
length	ଯିହୁଦି	ଯୀହୁଦୀ	0	2
length	ଯିହୁଦିଙ୍କ	ଯିହୁଦୀଙ୍କ	2	4
length	ଯିହୁଦିଙ୍କ	ଯିହୂଦୀଙ୍କ	0	3
length	ଯିହୁଦିଙ୍କୁ	ଯିହୁଦୀଙ୍କୁ	1	1
length	ଯିହୁଦିଙ୍କୁ	ଯିହୂଦୀଙ୍କୁ	0	1
length	ଯିହୁଦିମାନଙ୍କ	ଯିହୂଦୀମାନଙ୍କ	0	47
length	ଯିହୁଦିମାନଙ୍କ	ଯିହୁଦୀମାନଙ୍କ	48	8
length	ଯିହୁଦିମାନଙ୍କର	ଯିହୂଦୀମାନଙ୍କର	0	29
length	ଯିହୁଦିମାନଙ୍କର	ଯିହୁଦୀମାନଙ୍କର	26	5
length	ଯିହୁଦିମାନଙ୍କର	ଯୀହୁଦିମାନଙ୍କର	0	1
length	ଯିହୁଦିମାନଙ୍କୁ	ଯିହୂଦୀମାନଙ୍କୁ	0	10
length	ଯିହୁଦିମାନଙ୍କୁ	ଯିହୁଦୀମାନଙ୍କୁ	12	3
length	ଯିହୁଦିମାନେ	ଯିହୂଦୀମାନେ	0	43
length	ଯିହୁଦିମାନେ	ଯିହୁଦୀମାନେ	56	5
length	ଯିହୁଦିୟ	ଯିହୁଦୀୟ	35	35
length	ଯିହୁଦିୟ	ଯିହୂଦୀୟ	0	3
length	ଯିହୁଦିୟା	ଯିହୁଦୀୟା	2	1
length	ଯିହୁଦିୟା	ଯିହୂଦୀୟା	0	1
length	ରାଜାବଳି	ରାଜାବଳୀ	2	12
length	ରାଜାବଳି	ରାଜାବଳି	0	1
length	ରାଶି	ରାଶି	20	20
length	ରାଶି	ରାଶୀ	2	2
length	ରୁପା	ରୂପା	196	237
length	ରୁପା	ରୁପା	0	1
length	ରୁପାନ୍ତରଣ	ରୂପାନ୍ତରଣ	0	3
length	ରୁପାନ୍ତରଣ	ରୁପାନ୍ତରଣ	0	1
length	ରୁମା	ରୁମା	1	1
length	ରୁମା	ରୂମା	1	1
length	ରୋମିୟ	ରୋମୀୟ	10	23
length	ରୋମିୟ	ରୋମିୟ	0	1
length	ରୌପ୍ୟମୁଦ୍ରା	ରୌପ୍ୟମୁଦ୍ରା	6	8
length	ରୌପ୍ୟମୁଦ୍ରା	ରୌପ୍ୟମୂଦ୍ରା	0	1
length	ଲାଅଦିକିଆ	ଲାଅଦିକୀଆ	2	3
length	ଲାଅଦିକିଆ	ଲାଅଦିକିଆ	2	2
length	ଲିନ	ଲୀନ	7	7
length	ଲିନ	ଲିନ	1	1
length	ଲିବିୟାଥନକୁ	ଲିବିୟାଥନକୁ	2	2
length	ଲିବିୟାଥନକୁ	ଲିବୀୟାଥନକୁ	2	1
length	ଲିବ୍ନି	ଲିବ୍ନି	7	6
length	ଲିବ୍ନି	ଲିବ୍ନୀ	1	1
length	ଶାରିରିକ	ଶାରୀରିକ	36	45
length	ଶାରିରିକ	ଶାରିରୀକ	0	1
length	ଶିବା	ଶିବା	13	14
length	ଶିବା	ଶୀବା	0	1
length	ଶିମିୟୋନ	ଶିମୀୟୋନ	18	21
length	ଶିମିୟୋନ	ଶିମିୟୋନ	1	5
length	ଶିମିୟୋନଙ୍କ	ଶିମିୟୋନଙ୍କ	0	1
length	ଶିମିୟୋନଙ୍କ	ଶିମୀୟୋନଙ୍କ	1	1
length	ଶିରା	ଶିରା	3	1
length	ଶିରା	ଶୀରା	2	1
length	ଶିଳ୍ପିତ	ଶିଳ୍ପିତ	5	4
length	ଶିଳ୍ପିତ	ଶିଳ୍ପୀତ	0	1
length	ଶିଷ୍	ଶୀଷ୍	2	4
length	ଶିଷ୍	ଶିଷ୍	2	2
length	ଶିଷ୍ୟସମୁହକୁ	ଶିଷ୍ୟସମୁହକୁ	0	1
length	ଶିଷ୍ୟସମୁହକୁ	ଶିଷ୍ୟସମୂହକୁ	2	1
length	ଶୁଚିକୃତ	ଶୁଚିକୃତ	6	6
length	ଶୁଚିକୃତ	ଶୁଚୀକୃତ	1	1
length	ସଂପୁର୍ଣ୍ଣ	ସଂପୁର୍ଣ୍ଣ	0	2
length	ସଂପୁର୍ଣ୍ଣ	ସଂପୂର୍ଣ୍ଣ	1	2
length	ସବୋୟିମ	ସବୋୟୀମ	1	2
length	ସବୋୟିମ	ସବୋୟିମ	1	1
length	ସମୁଦାୟ	ସମୁଦାୟ	390	389
length	ସମୁଦାୟ	ସମୂଦାୟ	0	2
length	ସମୁହ	ସମୂହ	1	3
length	ସମୁହ	ସମୁହ	0	2
length	ସମ୍ପୁର୍ଣ୍ଣ	ସମ୍ପୂର୍ଣ୍ଣ	169	228
length	ସମ୍ପୁର୍ଣ୍ଣ	ସମ୍ପୁର୍ଣ୍ଣ	0	2
length	ସମ୍ମୁଖିନ	ସମ୍ମୁଖୀନ	7	10
length	ସମ୍ମୁଖିନ	ସମ୍ମୁଖିନ	0	4
length	ସରୁଗ	ସରୁଗ	2	3
length	ସରୁଗ	ସରୂଗ	1	1
length	ସାଧୁମାନଙ୍କ	ସାଧୁମାନଙ୍କ	31	29
length	ସାଧୁମାନଙ୍କ	ସାଧୂମାନଙ୍କ	0	1
length	ସାରି	ସାରୀ	10	10
length	ସାରି	ସାରି	1	1
length	ସିନ୍ଦୁର	ସିନ୍ଦୂର	31	32
length	ସିନ୍ଦୁର	ସିନ୍ଦୁର	1	1
length	ସିନ୍ଦୁରବର୍ଣ୍ଣ	ସିନ୍ଦୂରବର୍ଣ୍ଣ	17	13
length	ସିନ୍ଦୁରବର୍ଣ୍ଣ	ସିନ୍ଦୁରବର୍ଣ୍ଣ	0	2
length	ସିରିୟା	ସିରିୟା	0	7
length	ସିରିୟା	ସିରୀୟା	0	2
length	ସିହୋନ	ସୀହୋନ	16	23
length	ସିହୋନ	ସିହୋନ	0	1
length	ସୁଚି	ସୂଚି	2	2
length	ସୁଚି	ସୂଚୀ	0	1
length	ସୁଜିର	ସୁଜିର	1	1
length	ସୁଜିର	ସୂଜିର	1	1
length	ସୁତା	ସୂତା	7	10
length	ସୁତା	ସୁତା	1	1
length	ସୁପରିଚିତ	ସୁପରିଚିତ	1	5
length	ସୁପରିଚିତ	ସୂପରିଚିତ	0	1
length	ସୁର୍ଯ୍ୟ	ସୂର୍ଯ୍ୟ	108	108
length	ସୁର୍ଯ୍ୟ	ସୁର୍ଯ୍ୟ	0	3
length	ସୁସଜ୍ଜିତ	ସୁସଜ୍ଜିତ	10	12
length	ସୁସଜ୍ଜିତ	ସୂସଜ୍ଜିତ	0	1
length	ସେହି	ସେହି	3808	4552
length	ସେହି	ସେହୀ	0	1
length	ସେହିକ୍ଷଣି	ସେହିକ୍ଷଣି	63	78
length	ସେହିକ୍ଷଣି	ସେହିକ୍ଷଣୀ	0	1
length	ସ୍ଥିରିକୃତ	ସ୍ଥିରୀକୃତ	29	30
length	ସ୍ଥିରିକୃତ	ସ୍ଥିରିକୃତ	1	1
length	ସ୍ୱାଧିନ	ସ୍ୱାଧୀନ	12	11
length	ସ୍ୱାଧିନ	ସ୍ୱାଧିନ	0	2
length	ହାରାମାଥିୟାର	ହାରାମାଥୀୟାର	2	2
length	ହାରାମାଥିୟାର	ହାରାମାଥିୟାର	0	1
length	ହିନ୍	ହିନ୍	6	6
length	ହିନ୍	ହୀନ୍	1	1
length	ହିନ୍ର	ହିନ୍ର	6	2
length	ହିନ୍ର	ହୀନ୍ର	1	2
length	ହିଲ୍କିୟ	ହିଲ୍କୀୟ	19	13
length	ହିଲ୍କିୟ	ହିଲ୍କିୟ	1	8
length	ହିଲ୍କିୟର	ହିଲ୍କୀୟର	11	6
length	ହିଲ୍କିୟର	ହିଲ୍କିୟର	0	5
flap	ଅଜାଡି	ଅଜାଡ଼ି	1	1
flap	ଅଜାଡି	ଅଜାଡି	1	1
flap	ଆଡକୁ	ଆଡ଼କୁ	68	66
flap	ଆଡକୁ	ଆଡକୁ	0	2
flap	ଆଡକୁ	ଆଡ଼଼କୁ	0	2
flap	ଆଡେ	ଆଡ଼େ	195	163
flap	ଆଡେ	ଆଡେ	0	2
flap	ଉଡନ୍ତା	ଉଡ଼ନ୍ତା	11	13
flap	ଉଡନ୍ତା	ଉଡନ୍ତା	0	1
flap	ଏଗୁଡିକ	ଏଗୁଡ଼ିକ	2	2
flap	ଏଗୁଡିକ	ଏଗୁଡିକ	0	1
flap	କେଉଁଆଡେ	କେଉଁଆଡ଼େ	3	3
flap	କେଉଁଆଡେ	କେଉଁଆଡେ	0	1
flap	କୋଡିଏ	କୋଡ଼ିଏ	147	152
flap	କୋଡିଏ	କୋଡିଏ	1	5
flap	ଖଡ୍ଗ	ଖଡ୍ଗ	273	256
flap	ଖଡ୍ଗ	ଖଡ଼୍ଗ	0	21
flap	ଖଡ୍ଗଧାରରୁ	ଖଡ଼୍ଗଧାରରୁ	0	1
flap	ଖଡ୍ଗଧାରରୁ	ଖଡ୍ଗଧାରରୁ	2	1
flap	ଖଡ୍ଗରେ	ଖଡ୍ଗରେ	70	75
flap	ଖଡ୍ଗରେ	ଖଡ଼୍ଗରେ	0	3
flap	ଗୁଡିକ	ଗୁଡିକ	0	41
flap	ଗୁଡିକ	ଗୁଡ଼ିକ	0	12
flap	ଗୁଡିକର	ଗୁଡିକର	0	7
flap	ଗୁଡିକର	ଗୁଡ଼ିକର	0	3
flap	ଗୁଡିକୁ	ଗୁଡିକୁ	0	19
flap	ଗୁଡିକୁ	ଗୁଡ଼ିକୁ	0	6
flap	ଘୋଡା	ଘୋଡ଼ା	1	1
flap	ଘୋଡା	ଘୋଡା	0	1
flap	ଚାପୁଡା	ଚାପୁଡ଼ା	9	8
flap	ଚାପୁଡା	ଚାପୁଡା଼	0	1
flap	ଚାରିଗୋଡିଆ	ଚାରିଗୋଡ଼ିଆ	2	3
flap	ଚାରିଗୋଡିଆ	ଚାରିଗୋଡିଆ	0	1
flap	ଚାଲିବ	ଚାଲିବ	9	9
flap	ଚାଲିବ	ଚ଼ାଲିବ	0	3
flap	ଛଡା	ଛଡ଼ା	139	101
flap	ଛଡା	ଛଡା	0	1
flap	ଛାଡି	ଛାଡ଼ି	144	126
flap	ଛାଡି	ଛାଡି	0	2
flap	ଛାଡିଥିଲେ	ଛାଡ଼ିଥିଲେ	1	1
flap	ଛାଡିଥିଲେ	ଛାଡିଥିଲେ	0	1
flap	ଛାଡେ	ଛାଡ଼େ	5	4
flap	ଛାଡେ	ଛାଡେ	0	1
flap	ଜଡିତ	ଜଡ଼ିତ	9	9
flap	ଜଡିତ	ଜଡିତ	0	1
flap	ଝଗଡା	ଝଗଡ଼ା	0	1
flap	ଝଗଡା	ଝଗଡା	0	1
flap	ଝାଡିଦିଅ	ଝାଡ଼ିଦିଅ	2	1
flap	ଝାଡିଦିଅ	ଝାଡି଼ଦିଅ	0	1
flap	ଝାଡୁ	ଝାଡ଼ୁ	1	1
flap	ଝାଡୁ	ଝାଡୁ	0	1
flap	ଡକାଇ	ଡକାଇ	44	42
flap	ଡକାଇ	ଡ଼କାଇ	0	1
flap	ଡକାଯିବାର	ଡକାଯିବାର	2	1
flap	ଡକାଯିବାର	ଡ଼କାଯିବାର	0	1
flap	ଡାକିଲେ	ଡାକିଲେ	38	38
flap	ଡାକିଲେ	ଡ଼ାକିଲେ	0	2
flap	ଡାଳଗୁଡିକ	ଡାଳଗୁଡ଼ିକ	2	2
flap	ଡାଳଗୁଡିକ	ଡାଳଗୁଡିକ	0	1
flap	ଢଳାଯିବ	ଢଳାଯିବ	5	4
flap	ଢଳାଯିବ	ଢ଼ଳାଯିବ	0	1
flap	ଢାଙ୍କିବେ	ଢାଙ୍କିବେ	3	2
flap	ଢାଙ୍କିବେ	ଢ଼ାଙ୍କିବେ	0	1
flap	ଢାଲ	ଢାଲ	65	63
flap	ଢାଲ	ଢ଼ାଲ	0	3
flap	ଢାଳି	ଢାଳି	41	45
flap	ଢାଳି	ଢ଼ାଳି	0	2
flap	ଢିପି	ଢିପି	19	16
flap	ଢିପି	ଢ଼ିପି	0	2
flap	ତାଡନା	ତାଡ଼ନା	55	59
flap	ତାଡନା	ତାଡନା	0	3
flap	ତାଡନାକୁ	ତାଡନାକୁ	0	1
flap	ତାଡନାକୁ	ତାଡ଼ନାକୁ	0	1
flap	ତାଡନାପ୍ରାପ୍ତ	ତାଡନାପ୍ରାପ୍ତ	0	1
flap	ତାଡନାପ୍ରାପ୍ତ	ତାଡ଼ନାପ୍ରାପ୍ତ	1	1
flap	ଦିନଗୁଡିକ	ଦିନଗୁଡିକ	0	2
flap	ଦିନଗୁଡିକ	ଦିନଗୁଡ଼ିକ	1	1
flap	ଦୃଢ	ଦୃଢ଼	219	197
flap	ଦୃଢ	ଦୃଢ	2	10
flap	ଧାଡି	ଧାଡ଼ି	26	26
flap	ଧାଡି	ଧାଡି	0	2
flap	ଧାଡିରେ	ଧାଡିରେ	0	9
flap	ଧାଡିରେ	ଧାଡ଼ିରେ	3	3
flap	ନଗରଗୁଡିକ	ନଗରଗୁଡ଼ିକ	1	1
flap	ନଗରଗୁଡିକ	ନଗରଗୁଡିକ	0	1
flap	ପଗଡି	ପଗଡି	0	4
flap	ପଗଡି	ପଗଡ଼ି	0	3
flap	ପଡି	ପଡ଼ି	88	86
flap	ପଡି	ପଡି	0	1
flap	ପଡିଥାଏ	ପଡ଼ିଥାଏ	1	1
flap	ପଡିଥାଏ	ପଡିଥାଏ	0	1
flap	ପଡିଥିବା	ପଡ଼ିଥିବା	7	6
flap	ପଡିଥିବା	ପଡିଥିବା	0	1
flap	ପଢି	ପଢ଼ି	3	3
flap	ପଢି	ପଢି	0	1
flap	ପଲ୍ଲୀଗୁଡିକରେ	ପଲ୍ଲୀଗୁଡ଼ିକରେ	1	1
flap	ପଲ୍ଲୀଗୁଡିକରେ	ପଲ୍ଲୀଗୁଡି଼କରେ	0	1
flap	ପାହାଡ	ପାହାଡ	0	2
flap	ପାହାଡ	ପାହାଡ଼	0	1
flap	ପିଢିର	ପିଢ଼ିର	0	6
flap	ପିଢିର	ପିଢିର	0	1
flap	ପୀଡିତ	ପୀଡ଼ିତ	51	47
flap	ପୀଡିତ	ପୀଡିତ	0	1
flap	ଫୋପାଡି	ଫୋପାଡ଼ି	10	10
flap	ଫୋପାଡି	ଫୋପାଡି	0	2
flap	ବଡ	ବଡ଼	209	205
flap	ବଡ	ବଡ	0	2
flap	ବଢାଇବାକୁ	ବଢ଼ାଇବାକୁ	3	3
flap	ବଢାଇବାକୁ	ବଢାଇବାକୁ	0	1
flap	ବଢିଲା	ବଢ଼ିଲା	10	10
flap	ବଢିଲା	ବଢିଲା	0	2
flap	ବିଷୟଗୁଡିକ	ବିଷୟଗୁଡ଼ିକ	13	9
flap	ବିଷୟଗୁଡିକ	ବିଷୟଗୁଡିକ	0	4
flap	ବିଷୟଗୁଡିକରେ	ବିଷୟଗୁଡ଼ିକରେ	1	1
flap	ବିଷୟଗୁଡିକରେ	ବିଷୟଗୁଡିକରେ	0	1
flap	ମାଡିପଡୁଥିଲେ	ମାଡ଼ିପଡ଼ୁଥିଲେ	3	2
flap	ମାଡିପଡୁଥିଲେ	ମାଡ଼ିପଡୁଥିଲେ	0	1
flap	ଯୋଡି	ଯୋଡ଼ି	4	4
flap	ଯୋଡି	ଯୋଡି଼	0	1
flap	ଷଡଯନ୍ତ୍ର	ଷଡ଼ଯନ୍ତ୍ର	4	10
flap	ଷଡଯନ୍ତ୍ର	ଷଡଯନ୍ତ୍ର	0	1
flap	ସେଗୁଡିକର	ସେଗୁଡ଼ିକର	1	1
flap	ସେଗୁଡିକର	ସେଗୁଡିକର	0	1
flap	ସେଗୁଡିକୁ	ସେଗୁଡ଼ିକୁ	4	4
flap	ସେଗୁଡିକୁ	ସେଗୁଡିକୁ	0	2
phala	ଅନ୍ୱେଷଣକାରୀମାନଙ୍କର	ଅନ୍ବେଷଣକାରୀମାନଙ୍କର	0	1
phala	ଅନ୍ୱେଷଣକାରୀମାନଙ୍କର	ଅନ୍ୱେଷଣକାରୀମାନଙ୍କର	2	1
phala	ଅବିଶ୍ୱସ୍ତ	ଅବିଶ୍ୱସ୍ତ	5	8
phala	ଅବିଶ୍ୱସ୍ତ	ଅବିଶ୍ବସ୍ତ	0	2
phala	ଅବିଶ୍ୱସ୍ତତା	ଅବିଶ୍ୱସ୍ତତା	1	5
phala	ଅବିଶ୍ୱସ୍ତତା	ଅବିଶ୍ବସ୍ତତା	0	2
phala	ଅଶ୍ୱ	ଅଶ୍ୱ	74	78
phala	ଅଶ୍ୱ	ଅଶ୍ବ	0	1
phala	ଅସ୍ୱୀକାର	ଅସ୍ୱୀକାର	55	62
phala	ଅସ୍ୱୀକାର	ଅସ୍ବୀକାର	0	1
phala	ଈଶ୍ୱରଙ୍କ	ଈଶ୍ୱରଙ୍କ	723	152
phala	ଈଶ୍ୱରଙ୍କ	ଈଶ୍ବରଙ୍କ	0	1
phala	ଉଦାହରଣସ୍ୱରୂପ	ଉଦାହରଣସ୍ବରୂପ	0	1
phala	ଉଦାହରଣସ୍ୱରୂପ	ଉଦାହରଣସ୍ୱରୂପ	0	1
phala	ଉର୍ଦ୍ଧ୍ୱ	ଉର୍ଦ୍ଧ୍ୱ	0	11
phala	ଉର୍ଦ୍ଧ୍ୱ	ଉର୍ଦ୍ଧ୍ବ	0	2
phala	ଉର୍ଦ୍ଧ୍ୱକୁ	ଉର୍ଦ୍ଧ୍ୱକୁ	0	18
phala	ଉର୍ଦ୍ଧ୍ୱକୁ	ଉର୍ଦ୍ଧ୍ବକୁ	0	2
phala	ଉର୍ଦ୍ଧ୍ୱଗାମୀ	ଉର୍ଦ୍ଧ୍ବଗାମୀ	0	1
phala	ଉର୍ଦ୍ଧ୍ୱଗାମୀ	ଉର୍ଦ୍ଧ୍ୱଗାମୀ	0	1
phala	ଉର୍ଦ୍ଧ୍ୱରୁ	ଉର୍ଦ୍ଧ୍ୱରୁ	0	6
phala	ଉର୍ଦ୍ଧ୍ୱରୁ	ଉର୍ଦ୍ଧ୍ବରୁ	0	1
phala	କର୍ତ୍ତୃତ୍ୱ	କର୍ତ୍ତୃତ୍ୱ	92	91
phala	କର୍ତ୍ତୃତ୍ୱ	କର୍ତ୍ତୃତ୍ବ	0	1
phala	କ୍ରୋଧାନ୍ୱିତ	କ୍ରୋଧାନ୍ୱିତ	7	7
phala	କ୍ରୋଧାନ୍ୱିତ	କ୍ରୋଧାନ୍ବିତ	0	1
phala	ଡିମ୍ୱିରି	ଡିମ୍ବିରି	0	74
phala	ଡିମ୍ୱିରି	ଡିମ୍ୱିରି	0	2
phala	ତଦ୍ୱାରା	ତଦ୍ୱାରା	0	31
phala	ତଦ୍ୱାରା	ତଦ୍ବାରା	0	5
phala	ତମ୍ୱୁ	ତମ୍ବୁ	102	115
phala	ତମ୍ୱୁ	ତମ୍ୱୁ	0	1
phala	ଦ୍ୱାରା	ଦ୍ୱାରା	1507	1614
phala	ଦ୍ୱାରା	ଦ୍ବାରା	0	16
phala	ଦ୍ୱିତୀୟ	ଦ୍ୱିତୀୟ	184	267
phala	ଦ୍ୱିତୀୟ	ଦ୍ବିତୀୟ	0	2
phala	ଦ୍ୱୀପ	ଦ୍ୱୀପ	5	7
phala	ଦ୍ୱୀପ	ଦ୍ବୀପ	0	2
phala	ଦ୍ୱୀପକୁ	ଦ୍ବୀପକୁ	0	3
phala	ଦ୍ୱୀପକୁ	ଦ୍ୱୀପକୁ	0	1
phala	ଦ୍ୱୀପର	ଦ୍ୱୀପର	4	4
phala	ଦ୍ୱୀପର	ଦ୍ବୀପର	0	1
phala	ଦ୍ୱୀପରୁ	ଦ୍ବୀପରୁ	0	1
phala	ଦ୍ୱୀପରୁ	ଦ୍ୱୀପରୁ	1	1
phala	ଦ୍ୱୀପରେ	ଦ୍ୱୀପରେ	5	8
phala	ଦ୍ୱୀପରେ	ଦ୍ବୀପରେ	0	1
phala	ପରମେଶ୍ୱର	ପରମେଶ୍ୱର	1436	1536
phala	ପରମେଶ୍ୱର	ପରମେଶ୍ବର	0	422
phala	ପରମେଶ୍ୱରକୃତ	ପରମେଶ୍ବରକୃତ	0	1
phala	ପରମେଶ୍ୱରକୃତ	ପରମେଶ୍ୱରକୃତ	1	1
phala	ପରମେଶ୍ୱରଙ୍କ	ପରମେଶ୍ୱରଙ୍କ	923	1026
phala	ପରମେଶ୍ୱରଙ୍କ	ପରମେଶ୍ବରଙ୍କ	0	788
phala	ପରମେଶ୍ୱରଙ୍କଠାରୁ	ପରମେଶ୍ବରଙ୍କଠାରୁ	0	51
phala	ପରମେଶ୍ୱରଙ୍କଠାରୁ	ପରମେଶ୍ୱରଙ୍କଠାରୁ	17	22
phala	ପରମେଶ୍ୱରଙ୍କଠାରେ	ପରମେଶ୍ୱରଙ୍କଠାରେ	24	32
phala	ପରମେଶ୍ୱରଙ୍କଠାରେ	ପରମେଶ୍ବରଙ୍କଠାରେ	0	24
phala	ପରମେଶ୍ୱରଙ୍କର	ପରମେଶ୍ୱରଙ୍କର	139	145
phala	ପରମେଶ୍ୱରଙ୍କର	ପରମେଶ୍ବରଙ୍କର	0	64
phala	ପରମେଶ୍ୱରଙ୍କୁ	ପରମେଶ୍ୱରଙ୍କୁ	137	140
phala	ପରମେଶ୍ୱରଙ୍କୁ	ପରମେଶ୍ବରଙ୍କୁ	0	79
phala	ପାର୍ଶ୍ୱରେ	ପାର୍ଶ୍ୱରେ	120	132
phala	ପାର୍ଶ୍ୱରେ	ପାର୍ଶ୍ବରେ	0	4
phala	ବିଶ୍ୱାସ	ବିଶ୍ୱାସ	506	588
phala	ବିଶ୍ୱାସ	ବିଶ୍ବାସ	0	1
phala	ବିଶ୍ୱାସର	ବିଶ୍ୱାସର	18	26
phala	ବିଶ୍ୱାସର	ବିଶ୍ବାସର	0	1
phala	ବିଶ୍ୱାସୀ	ବିଶ୍ୱାସୀ	22	19
phala	ବିଶ୍ୱାସୀ	ବିଶ୍ବାସୀ	0	6
phala	ବିଶ୍ୱାସୀମାନଙ୍କ	ବିଶ୍ୱାସୀମାନଙ୍କ	6	15
phala	ବିଶ୍ୱାସୀମାନଙ୍କ	ବିଶ୍ବାସୀମାନଙ୍କ	0	5
phala	ବିଶ୍ୱାସୀମାନେ	ବିଶ୍ୱାସୀମାନେ	3	16
phala	ବିଶ୍ୱାସୀମାନେ	ବିଶ୍ବାସୀମାନେ	0	3
phala	ମତାବଲମ୍ୱୀ	ମତାବଲମ୍ୱୀ	0	3
phala	ମତାବଲମ୍ୱୀ	ମତାବଲମ୍ବୀ	5	1
phala	ଶ୍ୱାସ	ଶ୍ୱାସ	3	3
phala	ଶ୍ୱାସ	ଶ୍ବାସ	0	1
phala	ଶ୍ୱାସବାୟୁ	ଶ୍ୱାସବାୟୁ	10	10
phala	ଶ୍ୱାସବାୟୁ	ଶ୍ବାସବାୟୁ	0	1
phala	ସମ୍ୱନ୍ଧରେ	ସମ୍ବନ୍ଧରେ	135	126
phala	ସମ୍ୱନ୍ଧରେ	ସମ୍ୱନ୍ଧରେ	0	1
phala	ସ୍ୱରୂପ	ସ୍ୱରୂପ	456	447
phala	ସ୍ୱରୂପ	ସ୍ବରୂପ	0	1
phala	ସ୍ୱର୍ଗକୁ	ସ୍ୱର୍ଗକୁ	10	12
phala	ସ୍ୱର୍ଗକୁ	ସ୍ବର୍ଗକୁ	0	1
phala	ସ୍ୱର୍ଗର	ସ୍ୱର୍ଗର	20	22
phala	ସ୍ୱର୍ଗର	ସ୍ବର୍ଗର	0	1
phala	ସ୍ୱର୍ଗରୁ	ସ୍ୱର୍ଗରୁ	70	72
phala	ସ୍ୱର୍ଗରୁ	ସ୍ବର୍ଗରୁ	0	2
phala	ସ୍ୱର୍ଗରେ	ସ୍ୱର୍ଗରେ	80	86
phala	ସ୍ୱର୍ଗରେ	ସ୍ବର୍ଗରେ	0	1
phala	ସ୍ୱର୍ଗସ୍ଥ	ସ୍ୱର୍ଗସ୍ଥ	47	47
phala	ସ୍ୱର୍ଗସ୍ଥ	ସ୍ବର୍ଗସ୍ଥ	0	4
phala	ସ୍ୱର୍ଗୀୟ	ସ୍ୱର୍ଗୀୟ	19	24
phala	ସ୍ୱର୍ଗୀୟ	ସ୍ବର୍ଗୀୟ	0	2
phala	ସ୍ୱାମୀ	ସ୍ୱାମୀ	98	101
phala	ସ୍ୱାମୀ	ସ୍ବାମୀ	0	1
phala	ସ୍ୱାମୀକୁ	ସ୍ୱାମୀକୁ	3	19
phala	ସ୍ୱାମୀକୁ	ସ୍ବାମୀକୁ	0	1
phala	ସ୍ୱାମୀଠାରୁ	ସ୍ବାମୀଠାରୁ	0	1
phala	ସ୍ୱାମୀଠାରୁ	ସ୍ୱାମୀଠାରୁ	1	1
phala	ସ୍ୱୀକାର	ସ୍ୱୀକାର	75	84
phala	ସ୍ୱୀକାର	ସ୍ବୀକାର	0	1
lla	ଅଭିଲାଷ	ଅଭିଳାଷ	14	14
lla	ଅଭିଲାଷ	ଅଭିଲାଷ	0	1
lla	ଆହ୍ଲାଦିତ	ଆହ୍ଲାଦିତ	9	9
lla	ଆହ୍ଲାଦିତ	ଆହ୍ଳାଦିତ	2	2
lla	ଓହ୍ଲାଇ	ଓହ୍ଲାଇ	96	107
lla	ଓହ୍ଲାଇ	ଓହ୍ଳାଇ	14	10
lla	କଲସୀୟ	କଲସୀୟ	0	13
lla	କଲସୀୟ	କଳସୀୟ	0	1
lla	କଲା	କଲା	1324	1258
lla	କଲା	କଳା	4	6
lla	କଲି	କଲି	266	259
lla	କଲି	କଳି	10	10
lla	କାଲ	କାଳ	255	244
lla	କାଲ	କାଲ	1	1
lla	କାଲି	କାଲି	61	53
lla	କାଲି	କାଳି	1	1
lla	କ୍ଲାନ୍ତ	କ୍ଳାନ୍ତ	0	66
lla	କ୍ଲାନ୍ତ	କ୍ଲାନ୍ତ	0	6
lla	କ୍ଲେଶ	କ୍ଳେଶ	143	86
lla	କ୍ଲେଶ	କ୍ଲେଶ	5	53
lla	କ୍ଲେଶର	କ୍ଲେଶର	0	4
lla	କ୍ଲେଶର	କ୍ଳେଶର	8	4
lla	କ୍ଲେଶରୁ	କ୍ଳେଶରୁ	9	7
lla	କ୍ଲେଶରୁ	କ୍ଲେଶରୁ	0	2
lla	କ୍ଲେଶରୂପ	କ୍ଲେଶରୂପ	0	1
lla	କ୍ଲେଶରୂପ	କ୍ଳେଶରୂପ	2	1
lla	କ୍ଲେଶରେ	କ୍ଳେଶରେ	11	9
lla	କ୍ଲେଶରେ	କ୍ଲେଶରେ	0	2
lla	ଖୋଲା	ଖୋଲା	7	13
lla	ଖୋଲା	ଖୋଳା	11	5
lla	ଖୋଲି	ଖୋଳି	22	22
lla	ଖୋଲି	ଖୋଲି	0	7
lla	ଖୋଲିଅଛି	ଖୋଳିଅଛି	3	3
lla	ଖୋଲିଅଛି	ଖୋଲିଅଛି	0	1
lla	ଖୋଲିଲେ	ଖୋଳିଲେ	11	8
lla	ଖୋଲିଲେ	ଖୋଲିଲେ	0	1
lla	ଗଲା	ଗଲା	220	217
lla	ଗଲା	ଗଳା	8	9
lla	ଗଲି	ଗଲି	18	17
lla	ଗଲି	ଗଳି	3	3
lla	ଗ୍ଲାନି	ଗ୍ଳାନି	5	4
lla	ଗ୍ଲାନି	ଗ୍ଲାନି	1	2
lla	ଚଲାଇବା	ଚଲାଇବା	4	4
lla	ଚଲାଇବା	ଚଳାଇବା	4	4
lla	ଚଲାଇବାକୁ	ଚଳାଇବାକୁ	2	2
lla	ଚଲାଇବାକୁ	ଚଲାଇବାକୁ	1	1
lla	ଛେଲି	ଛେଳି	3	5
lla	ଛେଲି	ଛେଲି	1	1
lla	ଜଲପ୍ଲାବନ	ଜଳପ୍ଳାବନ	13	12
lla	ଜଲପ୍ଲାବନ	ଜଳପ୍ଲାବନ	1	2
lla	ଜାଲ	ଜାଲ	44	46
lla	ଜାଲ	ଜାଳ	4	4
lla	ଜାଲି	ଜାଳି	9	9
lla	ଜାଲି	ଜାଲି	6	6
lla	ଢାଲ	ଢାଲ	65	63
lla	ଢାଲ	ଢାଳ	6	6
lla	ଢାଲରେ	ଢାଲରେ	3	3
lla	ଢାଲରେ	ଢାଳରେ	1	1
lla	ତରଲା	ତରଳା	2	2
lla	ତରଲା	ତରଲା	1	1
lla	ତଲଃସର	ତଲଃସର	1	1
lla	ତଲଃସର	ତଳଃସର	1	1
lla	ପାଲ	ପାଳ	10	9
lla	ପାଲ	ପାଲ	2	2
lla	ପ୍ଲାବନ	ପ୍ଲାବନ	2	4
lla	ପ୍ଲାବନ	ପ୍ଳାବନ	4	3
lla	ପ୍ଲାବନରେ	ପ୍ଲାବନରେ	1	1
lla	ପ୍ଲାବନରେ	ପ୍ଳାବନରେ	1	1
lla	ପ୍ଲାବିତ	ପ୍ଳାବିତ	4	4
lla	ପ୍ଲାବିତ	ପ୍ଲାବିତ	1	1
lla	ଫଲିଲା	ଫଳିଲା	8	7
lla	ଫଲିଲା	ଫଲିଲା	0	1
lla	ବିପ୍ଲବ	ବିପ୍ଲବ	0	4
lla	ବିପ୍ଲବ	ବିପ୍ଳବ	5	1
lla	ମଲା	ମଲା	76	76
lla	ମଲା	ମଳା	2	2
lla	ମଲି	ମଲି	1	1
lla	ମଲି	ମଳି	1	1
lla	ମହାକ୍ଲେଶରେ	ମହାକ୍ଲେଶରେ	0	1
lla	ମହାକ୍ଲେଶରେ	ମହାକ୍ଳେଶରେ	2	1
lla	ମୂଲ	ମୂଳ	38	49
lla	ମୂଲ	ମୂଲ	8	10
lla	ଲାଲ	ଲାଲ	2	2
lla	ଲାଲ	ଲାଳ	1	1
lla	ଶୁକ୍ଲବର୍ଣ୍ଣ	ଶୁକ୍ଳବର୍ଣ୍ଣ	8	8
lla	ଶୁକ୍ଲବର୍ଣ୍ଣ	ଶୁକ୍ଲବର୍ଣ୍ଣ	0	1
lla	ହେଲା	ହେଲା	1493	1472
lla	ହେଲା	ହେଳା	4	4
