word	m	f	total	share	gender
ਅਕਾਰ	3	0	3	1.000	M
ਅਕਾਸ਼	15	0	15	1.000	M
ਅਖਵਾਉਂਦਾ	17	0	17	1.000	M
ਅਖਾਂ	0	14	14	1.000	F
ਅਗਲੇ	19	0	19	1.000	M
ਅਗਵਾਈ	0	90	90	1.000	F
ਅਗੰਮ	48	0	48	1.000	M
ਅਚਰਜ	15	4	19	0.789	mixed
ਅਚਰਜ਼	16	4	20	0.800	mixed
ਅਚਰਜਾਂ	8	0	8	1.000	M
ਅਚੰਭਿਆਂ	6	0	6	1.000	M
ਅਚੰਭੇ	6	0	6	1.000	M
ਅਜ਼ਾਦੀ	0	7	7	1.000	F
ਅਜਿਹੀ	0	6	6	1.000	F
ਅਠਾਰਵੇਂ	15	0	15	1.000	M
ਅਠਾਰਾਂ	4	2	6	0.667	mixed
ਅਠੱਤੀਵੇਂ	3	0	3	1.000	M
ਅਣ-ਆਗਿਆਕਾਰ	3	0	3	1.000	M
ਅਣ-ਆਗਿਆਕਾਰੀ	0	4	4	1.000	F
ਅਣਆਗਿਆਕਾਰ	3	0	3	1.000	M
ਅਣਆਗਿਆਕਾਰੀ	0	3	3	1.000	F
ਅਣਖ	0	52	52	1.000	F
ਅਣਮੁੱਲ	3	2	5	0.600	mixed
ਅਤਰ	3	0	3	1.000	M
ਅਧਕਾਰ	10	0	10	1.000	M
ਅਧਕਾਰੀ	10	0	10	1.000	M
ਅਧਿਕਾਰ	69	0	69	1.000	M
ਅਧਿਕਾਰੀ	55	2	57	0.965	M
ਅਧਿਕਾਰੀਆਂ	11	0	11	1.000	M
ਅਧੀਨ	118	0	118	1.000	M
ਅਧੀਨਗੀ	0	4	4	1.000	F
ਅਧੀਨਤਾਈ	0	6	6	1.000	F
ਅਨਕੂਲ	6	0	6	1.000	M
ਅਨਮੋਲ	4	0	4	1.000	M
ਅਨਾਜ਼	3	0	3	1.000	M
ਅਨਾਰ	7	0	7	1.000	M
ਅਨੁਸਰਣ	11	0	11	1.000	M
ਅਨੇਰੇ	3	0	3	1.000	M
ਅਨ੍ਹੇਰ	4	0	4	1.000	M
ਅਨ੍ਹੇਰੀ	0	5	5	1.000	F
ਅਨ੍ਹੇਰੇ	8	0	8	1.000	M
ਅਨੰਦ	48	0	48	1.000	M
ਅਪਮਾਨ	13	0	13	1.000	M
ਅਪਰਾਧ	97	0	97	1.000	M
ਅਪਰਾਧਾਂ	37	0	37	1.000	M
ਅਪਰਾਧੀ	11	0	11	1.000	M
ਅਫਰਸਕਾਈ	3	0	3	1.000	M
ਅਫਰਾਥੀ	3	0	3	1.000	M
ਅਫ਼ਸਰ	5	0	5	1.000	M
ਅਫ਼ਸੋਸ	5	0	5	1.000	M
ਅਭਮਾਨ	9	0	9	1.000	M
ਅਭਿਸ਼ੇਕ	13	0	13	1.000	M
ਅਮਾਮਾ	5	0	5	1.000	M
ਅਮੋਰੀਆਂ	3	2	5	0.600	mixed
ਅਯਾਲੀ	24	1	25	0.960	M
ਅਯੋਗ	3	0	3	1.000	M
ਅਰ	53	15	68	0.779	mixed
ਅਰਜ਼	0	7	7	1.000	F
ਅਰਜੋਈ	0	6	6	1.000	F
ਅਰਜੋਈਆਂ	0	7	7	1.000	F
ਅਰਤਿਮਿਸ	0	4	4	1.000	F
ਅਰਥ	134	0	134	1.000	M
ਅਰਥਾਤ	14	9	23	0.609	mixed
ਅਰਦਾਸ	0	12	12	1.000	F
ਅਰਦਾਸਾਂ	0	6	6	1.000	F
ਅਰਪਣ	4	0	4	1.000	M
ਅਰਲ	11	0	11	1.000	M
ਅਰਲਾਂ	17	0	17	1.000	M
ਅਰਾਮ	18	1	19	0.947	mixed
ਅਰਾਮੀ	6	3	9	0.667	mixed
ਅਰਾਮੀਆਂ	5	0	5	1.000	M
ਅਰੰਭ	48	0	48	1.000	M
ਅਵਗਿਆ	0	3	3	1.000	F
ਅਵਾਈ	0	3	3	1.000	F
ਅਵਾਈਆਂ	2	2	4	0.500	mixed
ਅਵਾਜ	0	7	7	1.000	F
ਅਵਾਜ਼	0	595	595	1.000	F
ਅਵਾਜ਼ਾਂ	0	3	3	1.000	F
ਅਵਿਸ਼ਵਾਸ	4	0	4	1.000	M
ਅਵਿਸ਼ਵਾਸੀ	2	1	3	0.667	mixed
ਅਸਚਰਜ	3	0	3	1.000	M
ਅਸਥਾਨ	25	0	25	1.000	M
ਅਸਥਾਨਾਂ	4	0	4	1.000	M
ਅਸਬਾਬ	6	0	6	1.000	M
ਅਸਲੀ	8	1	9	0.889	mixed
ਅਸਵਾਰ	12	0	12	1.000	M
ਅਸ਼ਰਫ਼ੀ	0	6	6	1.000	F
ਅਸ਼ੁੱਧਤਾ	0	3	3	1.000	F
ਅਸ਼ੁੱਧਤਾਈ	0	23	23	1.000	F
ਅਸ਼ੇਰਾਹ	1	4	5	0.800	mixed
ਅਸੀਂ	8	19	27	0.704	mixed
ਅਸੀਰ	3	0	3	1.000	M
ਅਸੀਰਾਂ	10	0	10	1.000	M
ਅਸੀਰੀ	0	28	28	1.000	F
ਅਸੀਸਾਂ	0	4	4	1.000	F
ਅਸੁੰਨਤ	0	4	4	1.000	F
ਅਹਾਰ	8	0	8	1.000	M
ਅਹੁਦੇ	4	0	4	1.000	M
ਅੜੀ	0	4	4	1.000	F
ਅੰਕ	4	0	4	1.000	M
ਅੰਗ	83	0	83	1.000	M
ਅੰਗ-ਸੰਗ	46	0	46	1.000	M
ਅੰਗਾਂ	21	0	21	1.000	M
ਅੰਗਿਆਰੇ	6	0	6	1.000	M
ਅੰਗੂਠਿਆਂ	10	0	10	1.000	M
ਅੰਗੂਠੀ	0	12	12	1.000	F
ਅੰਗੂਠੇ	14	0	14	1.000	M
ਅੰਗੂਰ	14	0	14	1.000	M
ਅੰਗੂਰਾਂ	1	2	3	0.667	mixed
ਅੰਗੂਰੀ	59	10	69	0.855	mixed
ਅੰਝੂ	3	0	3	1.000	M
ਅੰਤ	179	1	180	0.994	M
ਅੰਤਹਕਰਨ	8	0	8	1.000	M
ਅੰਤਿਮ	3	0	3	1.000	M
ਅੰਦਰ-ਬਾਹਰ	6	0	6	1.000	M
ਅੰਦਰਲਾ	7	0	7	1.000	M
ਅੰਦਰਲੀ	4	2	6	0.667	mixed
ਅੰਦਰਲੀਆਂ	0	3	3	1.000	F
ਅੰਦਰਲੇ	24	0	24	1.000	M
ਅੰਦਰੋਂ	12	0	12	1.000	M
ਅੰਦਾਜ਼ੇ	5	0	5	1.000	M
ਅੰਧਕਾਰ	3	0	3	1.000	M
ਅੰਧਘੋਰ	3	0	3	1.000	M
ਅੰਨ	29	0	29	1.000	M
ਅੰਬਰ	10	0	10	1.000	M
ਅੰਮਾਂ	1	2	3	0.667	mixed
ਅੰਸ	9	313	322	0.972	F
ਅੰਸ਼	0	10	10	1.000	F
ਅੱਖ	0	91	91	1.000	F
ਅੱਖਾਂ	0	620	620	1.000	F
ਅੱਖੀਂ	0	6	6	1.000	F
ਅੱਖੀਆਂ	0	135	135	1.000	F
ਅੱਗ	2	112	114	0.982	F
ਅੱਗਿਓਂ	78	0	78	1.000	M
ਅੱਗੇ-ਅੱਗੇ	56	0	56	1.000	M
ਅੱਗੋ	7	0	7	1.000	M
ਅੱਗੋਂ	271	0	271	1.000	M
ਅੱਜ	3	2	5	0.600	mixed
ਅੱਠ	7	0	7	1.000	M
ਅੱਠਵੇਂ	8	0	8	1.000	M
ਅੱਡ	23	0	23	1.000	M
ਅੱਡਾ	7	0	7	1.000	M
ਅੱਡੀ	0	7	7	1.000	F
ਅੱਤ	11	11	22	0.500	mixed
ਅੱਥਰੂ	4	0	4	1.000	M
ਅੱਧ	20	2	22	0.909	mixed
ਅੱਧਾ	23	0	23	1.000	M
ਅੱਧੀ	2	8	10	0.800	mixed
ਅੱਧੇ	80	0	80	1.000	M
ਆਂਡੇ	4	0	4	1.000	M
ਆਂਦਰਾਂ	0	16	16	1.000	F
ਆਂਦ੍ਰਾਂ	0	3	3	1.000	F
ਆਉਂਦੇ	1	2	3	0.667	mixed
ਆਉਣ	89	5	94	0.947	mixed
ਆਉਣਾ	15	0	15	1.000	M
ਆਏ	1	4	5	0.800	mixed
ਆਓਲ	2	2	4	0.500	mixed
ਆਕੀਪੁਣੇ	3	0	3	1.000	M
ਆਕੜ	0	11	11	1.000	F
ਆਖਣ	28	0	28	1.000	M
ਆਖਰ	6	0	6	1.000	M
ਆਖਰੀ	7	2	9	0.778	mixed
ਆਖਾ	5	0	5	1.000	M
ਆਖਿਆ	9	0	9	1.000	M
ਆਖਿਰ	3	0	3	1.000	M
ਆਖੇ	24	0	24	1.000	M
ਆਗਤ	0	3	3	1.000	F
ਆਗਿਆ	1	144	145	0.993	F
ਆਗਿਆਂ	0	17	17	1.000	F
ਆਗਿਆਕਾਰ	6	0	6	1.000	M
ਆਗਿਆਕਾਰੀ	6	26	32	0.812	mixed
ਆਗੂ	48	0	48	1.000	M
ਆਗੂਆਂ	23	0	23	1.000	M
ਆਗੂਓ	6	0	6	1.000	M
ਆਜ਼ਾਦੀ	0	4	4	1.000	F
ਆਜੜੀ	5	0	5	1.000	M
ਆਜੜੀਆਂ	8	0	8	1.000	M
ਆਤਮਕ	2	2	4	0.500	mixed
ਆਤਮਾ	373	5	378	0.987	M
ਆਤਮਾਂ	1	2	3	0.667	mixed
ਆਤਮਾਵਾਂ	0	3	3	1.000	F
ਆਤਮਿਆਂ	3	1	4	0.750	mixed
ਆਤਮਿਕ	1	2	3	0.667	mixed
ਆਤਮੇ	12	0	12	1.000	M
ਆਥਣ	5	0	5	1.000	M
ਆਦ	5	1	6	0.833	mixed
ਆਦਮੀ	3	0	3	1.000	M
ਆਦਮੀਆਂ	15	0	15	1.000	M
ਆਦਰ	124	0	124	1.000	M
ਆਨੰਦ	3	0	3	1.000	M
ਆਪਸ	1	2	3	0.667	mixed
ਆਪੋ	2	1	3	0.667	mixed
ਆਫ਼ਰਾਹ	4	0	4	1.000	M
ਆਮ	2	1	3	0.667	mixed
ਆਮਦ	0	3	3	1.000	F
ਆਰ	4	3	7	0.571	mixed
ਆਰਾਮ	5	0	5	1.000	M
ਆਲੇ	100	2	102	0.980	M
ਆਲੋਚਨਾ	0	3	3	1.000	F
ਆਲ੍ਹਣਾ	9	0	9	1.000	M
ਆਲ੍ਹਣੇ	5	0	5	1.000	M
ਆਵਾਜ	0	6	6	1.000	F
ਆਵਾਜ਼	0	85	85	1.000	F
ਆਸ	2	102	104	0.981	F
ਆਸਰਾ	11	0	11	1.000	M
ਆਸਰੇ	4	0	4	1.000	M
ਆਸ਼ਾ	0	10	10	1.000	F
ਆਸਾ	1	18	19	0.947	mixed
ਆਸੇ	3	0	3	1.000	M
ਆਹਮੋ	7	1	8	0.875	mixed
ਆਹਮੋ-ਸਾਹਮਣੇ	5	1	6	0.833	mixed
ਆਹਲਣਾ	6	0	6	1.000	M
ਆਹਲਣੇ	7	0	7	1.000	M
ਆੱਸਾ	12	0	12	1.000	M
ਇਕਰਾਰ	21	0	21	1.000	M
ਇਕਲੌਤੀ	0	4	4	1.000	F
ਇਕਲੌਤੇ	13	0	13	1.000	M
ਇਕੱਠ	8	0	8	1.000	M
ਇਕੱਠੇ	11	0	11	1.000	M
ਇਕੱਲਾ	4	0	4	1.000	M
ਇਖ਼ਤਿਆਰ	14	0	14	1.000	M
ਇਛੁਕ	2	1	3	0.667	mixed
ਇਜਾਜ਼ਤ	0	8	8	1.000	F
ਇਤਹਾਸ	38	4	42	0.905	mixed
ਇਤਿਹਾਸ	40	4	44	0.909	mixed
ਇਨਕਾਰ	51	0	51	1.000	M
ਇਨਸਾਫ਼	25	0	25	1.000	M
ਇਨਾਮ	12	0	12	1.000	M
ਇਬਰਾਨੀ	6	0	6	1.000	M
ਇਰਾਦਾ	6	0	6	1.000	M
ਇਲਾਕਿਆਂ	9	0	9	1.000	M
ਇਲਾਕੇ	41	0	41	1.000	M
ਇਲਾਜ	11	0	11	1.000	M
ਇਸਤਰੀ	0	13	13	1.000	F
ਇਸਤਰੀਆਂ	2	10	12	0.833	mixed
ਇਸਤੇਮਾਲ	3	0	3	1.000	M
ਇਸਤ੍ਰੀ	0	7	7	1.000	F
ਇਸਤ੍ਰੀਆਂ	0	5	5	1.000	F
ਇਸਰਾਏਲ	7	4	11	0.636	mixed
ਇਸਰਾਏਲੀ	9	6	15	0.600	mixed
ਇਸਰਾਏਲੀਆਂ	5	1	6	0.833	mixed
ਇਸੇ	4	0	4	1.000	M
ਇਹਨਾਂ	3	1	4	0.750	mixed
ਇਹੋ	26	17	43	0.605	mixed
ਇੰਜੀਲ	0	3	3	1.000	F
ਇੰਤਜ਼ਾਰ	13	0	13	1.000	M
ਇੱਕ-ਇੱਕ	8	2	10	0.800	mixed
ਇੱਕਲੌਤਾ	4	0	4	1.000	M
ਇੱਕੋ	25	8	33	0.758	mixed
ਇੱਛਾ	1	59	60	0.983	F
ਇੱਛਾਵਾਂ	0	3	3	1.000	F
ਇੱਛਿਆ	0	55	55	1.000	F
ਇੱਛਿਆਂ	0	3	3	1.000	F
ਇੱਜ਼ਤ	0	6	6	1.000	F
ਇੱਜੜ	117	0	117	1.000	M
ਇੱਜੜਾਂ	27	3	30	0.900	mixed
ਇੱਟਾਂ	4	0	4	1.000	M
ਇੱਥੇ	5	0	5	1.000	M
ਈਰਖਾ	1	2	3	0.667	mixed
ਉਂਗਲ	0	32	32	1.000	F
ਉਂਗਲੀ	0	9	9	1.000	F
ਉਂਗਲੀਆਂ	0	15	15	1.000	F
ਉਚਾਈ	0	25	25	1.000	F
ਉਚਿਆਈ	0	29	29	1.000	F
ਉਚਿਆਈਆਂ	1	7	8	0.875	mixed
ਉਜਾੜ	15	110	125	0.880	mixed
ਉਜਾੜਾਂ	2	1	3	0.667	mixed
ਉਡਾਏ	3	0	3	1.000	M
ਉਡੀਕ	0	92	92	1.000	F
ਉਡੀਕਣ	8	0	8	1.000	M
ਉਤਪਤ	4	2	6	0.667	mixed
ਉਤਪਤੀ	0	3	3	1.000	F
ਉਤਰ	3	1	4	0.750	mixed
ਉਤਰਾਈ	0	4	4	1.000	F
ਉਤਸਤ	0	3	3	1.000	F
ਉਤਾਹਾਂ	23	0	23	1.000	M
ਉਤੇ	4	0	4	1.000	M
ਉਦਾਲੇ	15	0	15	1.000	M
ਉਦਾਸੀ	0	13	13	1.000	F
ਉਦੇਸ਼	3	0	3	1.000	M
ਉਨਤਾਲੀਵੇਂ	4	0	4	1.000	M
ਉਨੱਤੀ	0	3	3	1.000	F
ਉਪਜ	0	21	21	1.000	F
ਉਪਦੇਸ਼	55	0	55	1.000	M
ਉਪਦੇਸ਼ਕਾਂ	7	0	7	1.000	M
ਉਪਦੇਸ਼ਾਂ	4	0	4	1.000	M
ਉਪਮਾ	0	7	7	1.000	F
ਉਪਰਲਾ	4	0	4	1.000	M
ਉਪਰਲੇ	3	0	3	1.000	M
ਉਪਰਾਲਾ	4	0	4	1.000	M
ਉਪਾਓ	7	0	7	1.000	M
ਉਪਾਸਕ	8	0	8	1.000	M
ਉਪਾਸਕਾਂ	3	0	3	1.000	M
ਉਪਾਸਨਾ	0	187	187	1.000	F
ਉਮਰ	0	78	78	1.000	F
ਉਮੀਦ	0	3	3	1.000	F
ਉਮੱਤ	0	3	3	1.000	F
ਉਮੱਤਾਂ	0	6	6	1.000	F
ਉਰਲੇ	3	0	3	1.000	M
ਉਲਟ	9	0	9	1.000	M
ਉਲਟੀ	0	3	3	1.000	F
ਉਲਾਂਭਾ	5	0	5	1.000	M
ਉਲਾਦ	1	4	5	0.800	mixed
ਉਲਾਹਮਾ	5	0	5	1.000	M
ਉਲਾਹਮੇ	4	0	4	1.000	M
ਉਲੰਘਣ	18	0	18	1.000	M
ਉਲੰਘਣਾ	2	29	31	0.935	mixed
ਉਸਤਤ	1	218	219	0.995	F
ਉਸਤਤਿ	0	10	10	1.000	F
ਉਸਤਾਦ	9	0	9	1.000	M
ਉਸਾਰੀ	2	11	13	0.846	mixed
ਉਸੇ	4	1	5	0.800	mixed
ਉਹਨਾਂ	19	9	28	0.679	mixed
ਉਹਲੇ	3	0	3	1.000	M
ਉਹੀ	4	2	6	0.667	mixed
ਉਹੋ	7	2	9	0.778	mixed
ਉੱਕਰਾਈ	0	11	11	1.000	F
ਉੱਕਰੀ	0	5	5	1.000	F
ਉੱਕਰੀਆਂ	0	12	12	1.000	F
ਉੱਚਾ	26	0	26	1.000	M
ਉੱਚਿਆਂ	6	2	8	0.750	mixed
ਉੱਚਿਆਈ	0	4	4	1.000	F
ਉੱਚਿਆਈਆਂ	0	15	15	1.000	F
ਉੱਚੀ	2	3	5	0.600	mixed
ਉੱਚੀਆਂ	0	9	9	1.000	F
ਉੱਚੇ	52	1	53	0.981	M
ਉੱਤਮ	9	3	12	0.750	mixed
ਉੱਤਮਤਾਈ	0	8	8	1.000	F
ਉੱਤਰ	61	8	69	0.884	mixed
ਉੱਤਰੀ	2	2	4	0.500	mixed
ਉੱਦਮ	4	0	4	1.000	M
ਉੱਨ	3	25	28	0.893	mixed
ਉੱਨਤੀ	0	3	3	1.000	F
ਉੱਨੀਵਾਂ	4	0	4	1.000	M
ਉੱਪਰਲਾ	10	0	10	1.000	M
ਉੱਪਰਲੀ	7	2	9	0.778	mixed
ਉੱਪਰਲੀਆਂ	2	3	5	0.600	mixed
ਉੱਪਰਲੇ	12	0	12	1.000	M
ਉੱਪਰੋਂ	6	0	6	1.000	M
ਉੱਮਤ	0	6	6	1.000	F
ਊਠ	12	4	16	0.750	mixed
ਊਠਾਂ	18	0	18	1.000	M
ਊਰ	7	0	7	1.000	M
ਏਕਤਾ	0	4	4	1.000	F
ਏਫ਼ੋਦ	6	0	6	1.000	M
ਏਸ	13	6	19	0.684	mixed
ਏਹ	23	12	35	0.657	mixed
ਏਹੋ	2	1	3	0.667	mixed
ਐਥੇ	5	0	5	1.000	M
ਐਨੀ	0	3	3	1.000	F
ਐਨੇ	4	0	4	1.000	M
ਓਟ	0	39	39	1.000	F
ਓਪਾਸਨਾ	0	3	3	1.000	F
ਓਸ	5	0	5	1.000	M
ਓਹ	7	7	14	0.500	mixed
ਓਹਨਾਂ	5	2	7	0.714	mixed
ਓਹਲੇ	5	0	5	1.000	M
ਓਹੋ	2	1	3	0.667	mixed
ਓੜਕ	8	0	8	1.000	M
ਓੜ੍ਹਨਾ	3	0	3	1.000	M
ਔਖ	3	3	6	0.500	mixed
ਔਗੁਣ	9	0	9	1.000	M
ਔਗੁਣਾਂ	10	0	10	1.000	M
ਔਰਤ	0	20	20	1.000	F
ਔਰਤਾਂ	0	18	18	1.000	F
ਔਲਾਦ	1	2	3	0.667	mixed
ਕਚਹਿਰੀ	0	3	3	1.000	F
ਕਟਕ	3	0	3	1.000	M
ਕਟੋਰਾ	30	0	30	1.000	M
ਕਟੋਰੇ	17	0	17	1.000	M
ਕਠੋਰਤਾ	0	4	4	1.000	F
ਕਣਕ	2	6	8	0.750	mixed
ਕਤਰਾਂ	0	12	12	1.000	F
ਕਤਲ	9	0	9	1.000	M
ਕਤਾਨ	2	5	7	0.714	mixed
ਕਤਾਰ	0	3	3	1.000	F
ਕਥਨ	4	0	4	1.000	M
ਕਥਾ	0	9	9	1.000	F
ਕਦਮ	12	0	12	1.000	M
ਕਦਮਾਂ	22	0	22	1.000	M
ਕਦਰ	0	7	7	1.000	F
ਕਨਾਤਾਂ	0	25	25	1.000	F
ਕਨੂੰਨ	7	0	7	1.000	M
ਕਨੂੰਨਾਂ	5	0	5	1.000	M
ਕਪਟ	5	0	5	1.000	M
ਕਪਤਾਨ	20	0	20	1.000	M
ਕਪੜੇ	10	0	10	1.000	M
ਕਬਜ਼ਾ	3	0	3	1.000	M
ਕਬਜ਼ੇ	30	0	30	1.000	M
ਕਬਰ	0	55	55	1.000	F
ਕਬਰਾਂ	0	42	42	1.000	F
ਕਬਰਿਸਤਾਨ	6	0	6	1.000	M
ਕਬੂਤਰੀ	0	4	4	1.000	F
ਕਬੂਲ	4	0	4	1.000	M
ਕਮਜ਼ੋਰੀ	0	6	6	1.000	F
ਕਮਜ਼ੋਰੀਆਂ	0	5	5	1.000	F
ਕਮਰ	11	17	28	0.607	mixed
ਕਮਰਬੰਦ	4	0	4	1.000	M
ਕਮਰਾਂ	0	4	4	1.000	F
ਕਮਾਈ	0	32	32	1.000	F
ਕਮੀ	0	14	14	1.000	F
ਕਰ	6	4	10	0.600	mixed
ਕਰਜ਼	6	0	6	1.000	M
ਕਰਜ਼ਦਾਰ	6	0	6	1.000	M
ਕਰਜ਼ਾ	3	0	3	1.000	M
ਕਰਤਾ	30	0	30	1.000	M
ਕਰਤਾਰ	19	0	19	1.000	M
ਕਰਤੂਤਾਂ	0	26	26	1.000	F
ਕਰਤੱਬ	3	0	3	1.000	M
ਕਰਤੱਬਾਂ	4	0	4	1.000	M
ਕਰਨ	24	0	24	1.000	M
ਕਰਨੀ	0	28	28	1.000	F
ਕਰਨੀਆਂ	0	15	15	1.000	F
ਕਰਮਚਾਰੀ	3	0	3	1.000	M
ਕਰਮਚਾਰੀਆਂ	10	0	10	1.000	M
ਕਰਮਾਂ	6	0	6	1.000	M
ਕਰਾਮਾਤਾਂ	0	3	3	1.000	F
ਕਰਾਰ	8	0	8	1.000	M
ਕਰਿੰਦਿਆਂ	3	0	3	1.000	M
ਕਰੋਧ	13	0	13	1.000	M
ਕਲੀਆਂ	0	3	3	1.000	F
ਕਲੀਸਿਯਾ	1	53	54	0.981	F
ਕਲੀਸਿਯਾਵਾਂ	0	7	7	1.000	F
ਕਲੇਜੇ	4	0	4	1.000	M
ਕਲੇਸ਼	3	0	3	1.000	M
ਕਸ਼ਟ	36	4	40	0.900	mixed
ਕਸ਼ਟਾਂ	11	1	12	0.917	mixed
ਕਹਾਉਂਦਾ	4	0	4	1.000	M
ਕਹਾਉਂਦੇ	4	0	4	1.000	M
ਕਹਾਉਤਾਂ	0	11	11	1.000	F
ਕਹਿਣ	10	0	10	1.000	M
ਕਹਿਣਾ	5	0	5	1.000	M
ਕਹਿਰ	101	0	101	1.000	M
ਕਹੇ	7	0	7	1.000	M
ਕਾਂ	3	0	3	1.000	M
ਕਾਕੀ	0	8	8	1.000	F
ਕਾਨਾ	4	0	4	1.000	M
ਕਾਨੂਨ	8	0	8	1.000	M
ਕਾਨੂੰਨਾਂ	3	0	3	1.000	M
ਕਾਨੇ	8	0	8	1.000	M
ਕਾਬਿਲ	5	0	5	1.000	M
ਕਾਬੂ	7	0	7	1.000	M
ਕਾਮਨਾ	0	12	12	1.000	F
ਕਾਮਨਾਂ	0	17	17	1.000	F
ਕਾਮਨਾਵਾਂ	0	4	4	1.000	F
ਕਾਰ	0	5	5	1.000	F
ਕਾਰਜ	19	0	19	1.000	M
ਕਾਰਜਾਂ	9	0	9	1.000	M
ਕਾਰਣ	26	0	26	1.000	M
ਕਾਰੀਗਰ	9	0	9	1.000	M
ਕਾਰੀਗਰੀ	9	20	29	0.690	mixed
ਕਾਰੋਬਾਰ	3	0	3	1.000	M
ਕਾਲ	8	0	8	1.000	M
ਕਾਲਜਾ	4	0	4	1.000	M
ਕਿਆਰੀ	0	5	5	1.000	F
ਕਿਆਰੀਆਂ	0	6	6	1.000	F
ਕਿਉਂ	25	6	31	0.806	mixed
ਕਿਤਾਬ	2	1	3	0.667	mixed
ਕਿਤੇ	2	2	4	0.500	mixed
ਕਿਨਾਰੀ	0	4	4	1.000	F
ਕਿਨਾਰੇ	11	0	11	1.000	M
ਕਿਰਤ	0	7	7	1.000	F
ਕਿਰਨਾਂ	0	3	3	1.000	F
ਕਿਰਪਾ	0	170	170	1.000	F
ਕਿਲਿਆਂ	3	0	3	1.000	M
ਕਿਵੇਂ	2	2	4	0.500	mixed
ਕਿਸ	6	1	7	0.857	mixed
ਕਿਸੇ	75	25	100	0.750	mixed
ਕਿੰਨੇ	4	0	4	1.000	M
ਕੀ	139	34	173	0.803	mixed
ਕੀਤਾ	6	0	6	1.000	M
ਕੀਤੀ	0	9	9	1.000	F
ਕੀਤੇ	13	0	13	1.000	M
ਕੀਮਤ	0	9	9	1.000	F
ਕੀਮਤੀ	4	4	8	0.500	mixed
ਕੀਲੀਆਂ	0	12	12	1.000	F
ਕੀੜਾ	7	0	7	1.000	M
ਕੁਆਰਪੁਣੇ	12	0	12	1.000	M
ਕੁਆਰੀ	0	21	21	1.000	F
ਕੁਆਰੀਆਂ	0	17	17	1.000	F
ਕੁਚਲਣ	4	0	4	1.000	M
ਕੁਦਰਤ	0	5	5	1.000	F
ਕੁਦਰਤਾਂ	0	4	4	1.000	F
ਕੁਧਰਮ	16	0	16	1.000	M
ਕੁਨਬੇ	4	0	4	1.000	M
ਕੁਫ਼ਰ	4	0	4	1.000	M
ਕੁਰਸੀ	0	11	11	1.000	F
ਕੁਲ	3	35	38	0.921	mixed
ਕੁਲਪੱਤ੍ਰੀ	0	16	16	1.000	F
ਕੁਲਪੱਤ੍ਰੀਆਂ	0	5	5	1.000	F
ਕੁਲਾਂ	3	39	42	0.929	mixed
ਕੁੜਤਾ	5	0	5	1.000	M
ਕੁੜਤੇ	7	0	7	1.000	M
ਕੁੜਮਾਈ	0	5	5	1.000	F
ਕੁੜੀਆਂ	0	5	5	1.000	F
ਕੁੜ੍ਹਣਾ	4	0	4	1.000	M
ਕੁੜ੍ਹਨਾ	5	0	5	1.000	M
ਕੁੜੱਤਣ	0	16	16	1.000	F
ਕੁੰਜੀ	0	10	10	1.000	F
ਕੁੰਜੀਆਂ	0	4	4	1.000	F
ਕੁੰਡ	6	0	6	1.000	M
ਕੁੰਡੀਆਂ	0	7	7	1.000	F
ਕੁੰਡੇ	26	0	26	1.000	M
ਕੁੰਦਨ	4	0	4	1.000	M
ਕੁੱਖ	2	46	48	0.958	F
ਕੁੱਖੋਂ	0	24	24	1.000	F
ਕੁੱਝ	2	1	3	0.667	mixed
ਕੁੱਤਿਆਂ	4	0	4	1.000	M
ਕੁੱਪੀ	0	5	5	1.000	F
ਕੁੱਲ	3	6	9	0.667	mixed
ਕੁੱਲਾਂ	3	2	5	0.600	mixed
ਕੂਚ	19	1	20	0.950	M
ਕੂੜਾ	3	0	3	1.000	M
ਕੂੰਬਲਾਂ	0	4	4	1.000	F
ਕੇ	428	0	428	1.000	M
ਕੈ	0	5	5	1.000	F
ਕੈਂਠਾ	6	0	6	1.000	M
ਕੈਦ	5	2	7	0.714	mixed
ਕੈਦੀ	5	0	5	1.000	M
ਕੈਦੀਆਂ	3	0	3	1.000	M
ਕੋਟ	3	0	3	1.000	M
ਕੋਟਾਂ	7	0	7	1.000	M
ਕੋਠਿਆਂ	2	1	3	0.667	mixed
ਕੋਠੜੀ	0	41	41	1.000	F
ਕੋਠੜੀਆਂ	0	58	58	1.000	F
ਕੋਪ	7	0	7	1.000	M
ਕੋਲਿਆਂ	3	0	3	1.000	M
ਕੋਲੋ	3	0	3	1.000	M
ਕੋਸ਼ਿਸ਼	0	50	50	1.000	F
ਕੋਹਲੂ	6	0	6	1.000	M
ਕੋਹੜ	4	0	4	1.000	M
ਕੋੜ੍ਹ	13	0	13	1.000	M
ਕੌਣ	3	2	5	0.600	mixed
ਕੌਮ	2	43	45	0.956	F
ਕੌਮਾਂ	2	38	40	0.950	F
ਕੌੜੇ	3	0	3	1.000	M
ਕੌੜ੍ਹ	3	0	3	1.000	M
ਕ੍ਰੋਧ	377	0	377	1.000	M
ਕੜਿਆਂ	16	0	16	1.000	M
ਕੜੀਆਂ	0	5	5	1.000	F
ਕੜੇ	14	0	14	1.000	M
ਕੰਗਾਲ	4	0	4	1.000	M
ਕੰਡਿਆਲੇ	4	0	4	1.000	M
ਕੰਡੇ	8	0	8	1.000	M
ਕੰਢਾ	3	0	3	1.000	M
ਕੰਢਿਆਂ	20	0	20	1.000	M
ਕੰਢੇ	127	0	127	1.000	M
ਕੰਧ	2	56	58	0.966	F
ਕੰਧਾਂ	1	69	70	0.986	F
ਕੰਨ	181	0	181	1.000	M
ਕੰਨਾਂ	88	0	88	1.000	M
ਕੰਨੀ	6	0	6	1.000	M
ਕੰਨੀਂ	21	0	21	1.000	M
ਕੰਮ	586	0	586	1.000	M
ਕੰਮ-ਧੰਦਾ	3	0	3	1.000	M
ਕੰਮ-ਧੰਦੇ	4	0	4	1.000	M
ਕੰਮਾਂ	184	2	186	0.989	M
ਕੱਖ	7	0	7	1.000	M
ਕੱਛ	0	4	4	1.000	F
ਕੱਜਣ	5	0	5	1.000	M
ਕੱਟਣ	3	0	3	1.000	M
ਕੱਢੇ	10	0	10	1.000	M
ਕੱਦ	14	0	14	1.000	M
ਕੱਪੜਾ	27	0	27	1.000	M
ਕੱਪੜਿਆਂ	5	0	5	1.000	M
ਕੱਪੜੇ	152	0	152	1.000	M
ਖਜ਼ਾਨਾ	6	0	6	1.000	M
ਖਜ਼ਾਨਿਆਂ	18	0	18	1.000	M
ਖਜ਼ਾਨੇ	25	0	25	1.000	M
ਖਜਾਨਿਆਂ	3	0	3	1.000	M
ਖਬਰ	1	55	56	0.982	F
ਖਰਚੀ	0	8	8	1.000	F
ਖਰਿਆਈ	0	16	16	1.000	F
ਖਲਵਾੜੇ	3	0	3	1.000	M
ਖਲੜੀਆਂ	0	4	4	1.000	F
ਖ਼ਜ਼ਾਨਿਆਂ	11	0	11	1.000	M
ਖ਼ਜ਼ਾਨੇ	18	0	18	1.000	M
ਖ਼ਬਰ	2	149	151	0.987	F
ਖ਼ਬਰਾਂ	0	6	6	1.000	F
ਖ਼ਮੀਰ	13	0	13	1.000	M
ਖ਼ਾਕ	0	4	4	1.000	F
ਖ਼ਾਨਿਆਂ	6	0	6	1.000	M
ਖ਼ਾਨੇ	4	0	4	1.000	M
ਖ਼ਾਸ	1	5	6	0.833	mixed
ਖ਼ਿਆਲ	17	0	17	1.000	M
ਖ਼ਿਆਲਾਂ	5	0	5	1.000	M
ਖ਼ੂਨ	32	0	32	1.000	M
ਖ਼ੋਜ	11	12	23	0.522	mixed
ਖਾ	3	0	3	1.000	M
ਖਾਖਾਂ	0	3	3	1.000	F
ਖਾਜਾ	8	0	8	1.000	M
ਖਾਣ	53	9	62	0.855	mixed
ਖਾਣਾ	20	0	20	1.000	M
ਖਾਣੇ	7	0	7	1.000	M
ਖਾਤਿਰ	0	7	7	1.000	F
ਖਾਤੇ	3	0	3	1.000	M
ਖਾਧਾ	3	0	3	1.000	M
ਖਾਲੀ	2	3	5	0.600	mixed
ਖਾੜੀ	0	4	4	1.000	F
ਖਿਆਲ	25	0	25	1.000	M
ਖਿਆਲਾਂ	9	0	9	1.000	M
ਖਿਮਾ	1	9	10	0.900	mixed
ਖਿਲਾਫ਼	26	0	26	1.000	M
ਖਿੜਕੀ	0	4	4	1.000	F
ਖਿੜਕੀਆਂ	0	11	11	1.000	F
ਖੁਦ	6	3	9	0.667	mixed
ਖੁਰ	24	0	24	1.000	M
ਖੁਰਲੀ	0	4	4	1.000	F
ਖੁਰਿਆਂ	5	0	5	1.000	M
ਖੁਰੇ	3	0	3	1.000	M
ਖੁਸਰਿਆਂ	6	0	6	1.000	M
ਖੁਸਰੇ	8	0	8	1.000	M
ਖੁਸ਼	0	36	36	1.000	F
ਖੁਸ਼ਖਬਰੀ	0	64	64	1.000	F
ਖੁਸ਼ਬੂ	0	7	7	1.000	F
ਖੁਸ਼ਹਾਲੀ	0	4	4	1.000	F
ਖੁਸ਼ੀ	1	81	82	0.988	F
ਖੁੰਧਰਾਂ	0	5	5	1.000	F
ਖੁੱਡਾਂ	1	3	4	0.750	mixed
ਖੂਨ	59	0	59	1.000	M
ਖੂਬਸੂਰਤੀ	0	6	6	1.000	F
ਖੂਹ	10	0	10	1.000	M
ਖੂੰਜਿਆਂ	5	0	5	1.000	M
ਖੂੰਜੇ	3	0	3	1.000	M
ਖੂੰਨ	6	0	6	1.000	M
ਖੇਚਲ	0	6	6	1.000	F
ਖੇਤ	75	2	77	0.974	M
ਖੇਤਰਾਂ	3	0	3	1.000	M
ਖੇਤਾਂ	29	0	29	1.000	M
ਖੇਤੀ	0	4	4	1.000	F
ਖੋਜ	12	38	50	0.760	mixed
ਖੋਜ਼ੀ	6	0	6	1.000	M
ਖੋਜੀ	7	0	7	1.000	M
ਖੋਟ	5	0	5	1.000	M
ਖੋਤਾ	5	0	5	1.000	M
ਖੋਤਿਆਂ	6	1	7	0.857	mixed
ਖੋਤੇ	12	0	12	1.000	M
ਖੋਪਰੀ	0	6	6	1.000	F
ਖੋਪੜੀ	0	5	5	1.000	F
ਖੋਲਿਆਂ	3	0	3	1.000	M
ਖੋਲੇ	3	0	3	1.000	M
ਖੋਲ੍ਹਣ	14	0	14	1.000	M
ਖੋਲ੍ਹਣਾ	3	0	3	1.000	M
ਖੋਹ	0	10	10	1.000	F
ਖੜਵੇਂ	3	0	3	1.000	M
ਖੜਾਕ	5	1	6	0.833	mixed
ਖੜੀ	0	5	5	1.000	F
ਖੜ੍ਹੀ	0	4	4	1.000	F
ਖੰਡਰਾਂ	3	0	3	1.000	M
ਖੰਭ	49	0	49	1.000	M
ਖੰਭਾ	3	2	5	0.600	mixed
ਖੰਭਾਂ	48	0	48	1.000	M
ਖੱਚਰ	0	6	6	1.000	F
ਖੱਚਰਾਂ	1	2	3	0.667	mixed
ਖੱਟੀ	0	8	8	1.000	F
ਖੱਡ	0	20	20	1.000	F
ਖੱਤਾ	3	0	3	1.000	M
ਖੱਤੇ	6	0	6	1.000	M
ਖੱਬਾ	12	0	12	1.000	M
ਖੱਬੇ	36	0	36	1.000	M
ਖੱਲ	0	35	35	1.000	F
ਖੱਲਾਂ	0	31	31	1.000	F
ਖੱਲੜੀ	0	15	15	1.000	F
ਗਜ਼ਬ	18	0	18	1.000	M
ਗਧਾ	13	0	13	1.000	M
ਗਧਿਆਂ	7	0	7	1.000	M
ਗਧੀ	0	9	9	1.000	F
ਗਧੇ	22	0	22	1.000	M
ਗਭਰੂਆਂ	3	0	3	1.000	M
ਗਰਜ	0	12	12	1.000	F
ਗਰਜਾਂ	0	11	11	1.000	F
ਗਰਦਨ	0	16	16	1.000	F
ਗਰਦਨਾਂ	0	3	3	1.000	F
ਗਰਭ	23	1	24	0.958	M
ਗਰਮੀ	2	11	13	0.846	mixed
ਗਰੀਬ	6	0	6	1.000	M
ਗਲ	21	0	21	1.000	M
ਗਲ਼	20	0	20	1.000	M
ਗਲੀ	0	4	4	1.000	F
ਗਲੀਆਂ	2	33	35	0.943	mixed
ਗਲੀਲ	3	2	5	0.600	mixed
ਗਲੇ	6	0	6	1.000	M
ਗਵਾਂਢੀ	28	0	28	1.000	M
ਗਵਾਹ	45	2	47	0.957	M
ਗਵਾਹੀ	0	62	62	1.000	F
ਗਹਿਣਿਆਂ	5	0	5	1.000	M
ਗਹਿਣੇ	29	2	31	0.935	mixed
ਗ਼ਮ	3	0	3	1.000	M
ਗ਼ੁਲਾਮ	15	0	15	1.000	M
ਗ਼ੁਲਾਮਾਂ	4	0	4	1.000	M
ਗ਼ੁਲਾਮੀ	2	24	26	0.923	mixed
ਗਾਉਣ	6	0	6	1.000	M
ਗਾਹ	4	0	4	1.000	M
ਗਾਹਕ	10	0	10	1.000	M
ਗਾਹਕਾਂ	4	0	4	1.000	M
ਗਿਆਨ	88	2	90	0.978	M
ਗਿਆਨੀਆਂ	4	0	4	1.000	M
ਗਿਆਰਵੇਂ	13	0	13	1.000	M
ਗਿਣਤੀ	2	198	200	0.990	F
ਗਿਣੇ	75	0	75	1.000	M
ਗਿਬਆਹ	19	0	19	1.000	M
ਗਿਰਵੀ	0	5	5	1.000	F
ਗਿਲਾ	3	1	4	0.750	mixed
ਗਿਲ੍ਹਟੀਆਂ	0	4	4	1.000	F
ਗੀਤ	46	0	46	1.000	M
ਗੀਤਾਂ	7	0	7	1.000	M
ਗੁਆਂਡੀ	8	1	9	0.889	mixed
ਗੁਆਂਢਣ	0	4	4	1.000	F
ਗੁਆਂਢੀ	229	1	230	0.996	M
ਗੁਆਂਢੀਆਂ	16	2	18	0.889	mixed
ਗੁਆਚੀ	0	3	3	1.000	F
ਗੁਆਚੀਆਂ	0	4	4	1.000	F
ਗੁਣ	15	0	15	1.000	M
ਗੁਣਾ	16	0	16	1.000	M
ਗੁਣੇ	8	0	8	1.000	M
ਗੁਥਲੀ	0	4	4	1.000	F
ਗੁਨਾਹ	3	0	3	1.000	M
ਗੁਨਾਹਾਂ	3	0	3	1.000	M
ਗੁਪਤ	15	14	29	0.517	mixed
ਗੁਫ਼ਾ	0	18	18	1.000	F
ਗੁਫਾ	0	6	6	1.000	F
ਗੁਰਦਿਆਂ	5	0	5	1.000	M
ਗੁਰਦੇ	4	0	4	1.000	M
ਗੁਰੂ	14	0	14	1.000	M
ਗੁਲ	3	0	3	1.000	M
ਗੁਲਤਰਾਸ਼	4	0	4	1.000	M
ਗੁਲਦਾਨ	5	0	5	1.000	M
ਗੁਲਾਮ	35	0	35	1.000	M
ਗੁਲਾਮਾਂ	10	0	10	1.000	M
ਗੁਲਾਮੀ	0	24	24	1.000	F
ਗੁੱਛਿਆਂ	7	0	7	1.000	M
ਗੁੱਛੇ	8	0	8	1.000	M
ਗੁੱਸਾ	50	0	50	1.000	M
ਗੁੱਸੇ	45	0	45	1.000	M
ਗੂਣ	0	9	9	1.000	F
ਗੂਣਾਂ	0	11	11	1.000	F
ਗੂੰਜ	0	3	3	1.000	F
ਗੇਲੀਆਂ	0	4	4	1.000	F
ਗੈਬਦਾਨ	4	0	4	1.000	M
ਗੈਰਤ	1	2	3	0.667	mixed
ਗੋਡਿਆਂ	11	0	11	1.000	M
ਗੋਡੇ	12	0	12	1.000	M
ਗੋਤ	339	5	344	0.985	M
ਗੋਤਾਂ	56	14	70	0.800	mixed
ਗੋਦ	0	8	8	1.000	F
ਗੋਦਾਮ	3	0	3	1.000	M
ਗੋਦੜੀ	0	6	6	1.000	F
ਗੋਲੀ	0	32	32	1.000	F
ਗੋਲੀਆਂ	0	3	3	1.000	F
ਗੋਲੇ	17	0	17	1.000	M
ਗੋਹਾ	6	0	6	1.000	M
ਗੋੱਲਾ	5	0	5	1.000	M
ਗੋੱਲੀ	0	11	11	1.000	F
ਗੋੱਲੀਆਂ	0	4	4	1.000	F
ਗੋੱਲੇ	4	0	4	1.000	M
ਗੌਹ	3	0	3	1.000	M
ਗ੍ਰੰਥੀ	3	0	3	1.000	M
ਗ੍ਰੰਥੀਆਂ	4	0	4	1.000	M
ਗੜ	6	0	6	1.000	M
ਗੜਵੀ	0	6	6	1.000	F
ਗੜ੍ਹ	51	0	51	1.000	M
ਗੜ੍ਹਾਂ	21	0	21	1.000	M
ਗੰਜੇ	9	0	9	1.000	M
ਗੰਦ	4	0	4	1.000	M
ਗੰਦ-ਮੰਦ	3	0	3	1.000	M
ਗੰਦਗੀ	0	6	6	1.000	F
ਗੰਦੇ	3	0	3	1.000	M
ਗੱਜ	0	4	4	1.000	F
ਗੱਜਣ	9	1	10	0.900	mixed
ਗੱਦੀ	0	45	45	1.000	F
ਗੱਦੀਆਂ	0	5	5	1.000	F
ਗੱਪਾਂ	0	5	5	1.000	F
ਗੱਭਰੂ	3	0	3	1.000	M
ਗੱਭਰੂਆਂ	3	0	3	1.000	M
ਗੱਲ	1	284	285	0.996	F
ਗੱਲਬਾਤ	0	3	3	1.000	F
ਗੱਲਾਂ	0	522	522	1.000	F
ਗੱਲ੍ਹ	0	4	4	1.000	F
ਗੱਲ੍ਹਾਂ	0	3	3	1.000	F
ਘਟਾਂ	0	7	7	1.000	F
ਘਟਾਂਵਾਂ	0	3	3	1.000	F
ਘਬਰਾਹਟ	0	8	8	1.000	F
ਘਮੰਡ	21	0	21	1.000	M
ਘਰ	1052	0	1052	1.000	M
ਘਰਜੰਮ	3	0	3	1.000	M
ਘਰਾਂ	79	0	79	1.000	M
ਘਰਾਣਾ	103	0	103	1.000	M
ਘਰਾਣਿਆ	3	0	3	1.000	M
ਘਰਾਣਿਆਂ	280	0	280	1.000	M
ਘਰਾਣੇ	686	0	686	1.000	M
ਘਰਾਣੇੇ	4	0	4	1.000	M
ਘਰੀਂ	4	0	4	1.000	M
ਘਰੇਲੂ	4	0	4	1.000	M
ਘਰੋਂ	29	0	29	1.000	M
ਘਾਉ	7	0	7	1.000	M
ਘਾਓ	3	0	3	1.000	M
ਘਾਟ	8	14	22	0.636	mixed
ਘਾਟਾ	18	0	18	1.000	M
ਘਾਟਾਂ	3	0	3	1.000	M
ਘਾਟੀ	0	45	45	1.000	F
ਘਾਟੇ	6	0	6	1.000	M
ਘਾਤ	15	18	33	0.545	mixed
ਘਾਤੀ	4	0	4	1.000	M
ਘਾਤੀਆਂ	8	0	8	1.000	M
ਘਾਹ	15	2	17	0.882	mixed
ਘਿਣ	6	3	9	0.667	mixed
ਘਿਣਾਉਣੀਆਂ	0	26	26	1.000	F
ਘਿਣਾਉਣੇ	46	1	47	0.979	M
ਘਿਸਰਨ	3	0	3	1.000	M
ਘਿੱਸਰਨ	3	0	3	1.000	M
ਘੁਮੰਡ	18	0	18	1.000	M
ਘੁਰਕੀ	0	6	6	1.000	F
ਘੁਰਨਿਆਂ	3	0	3	1.000	M
ਘੁਰਨੇ	9	0	9	1.000	M
ਘੁਰੇ	10	0	10	1.000	M
ਘੁੰਗਰੂ	8	0	8	1.000	M
ਘੁੱਪ	3	0	3	1.000	M
ਘੂਕ	0	6	6	1.000	F
ਘੇਰ	3	0	3	1.000	M
ਘੇਰਾ	7	0	7	1.000	M
ਘੇਰੇ	13	0	13	1.000	M
ਘੋਸ਼ਣਾ	0	9	9	1.000	F
ਘੋੜ	9	0	9	1.000	M
ਘੋੜਿਆਂ	35	1	36	0.972	M
ਘੋੜੇ	29	0	29	1.000	M
ਘੜਤ	0	3	3	1.000	F
ਘੜਨ	4	0	4	1.000	M
ਘੜਾ	20	0	20	1.000	M
ਘੜੀ	0	10	10	1.000	F
ਘੜੀਆਂ	0	4	4	1.000	F
ਘੜੇ	6	0	6	1.000	M
ਘੜ੍ਹੀ	0	4	4	1.000	F
ਘੜ੍ਹੀਆਂ	0	4	4	1.000	F
ਘੱਟ	5	1	6	0.833	mixed
ਘੱਲਣ	8	0	8	1.000	M
ਚਟਾਨ	0	35	35	1.000	F
ਚਤਰਾਈ	0	8	8	1.000	F
ਚਮਕ	0	15	15	1.000	F
ਚਮਕਦੀ	0	4	4	1.000	F
ਚਮਕਾਰਾ	7	0	7	1.000	M
ਚਮੜਾ	3	0	3	1.000	M
ਚਮੜੀ	1	17	18	0.944	mixed
ਚਰਚਾ	15	33	48	0.688	mixed
ਚਰਨ	11	0	11	1.000	M
ਚਰਨਾਂ	29	0	29	1.000	M
ਚਰਬੀ	0	54	54	1.000	F
ਚਰਵਾਹਾ	4	0	4	1.000	M
ਚਰਵਾਹਿਆਂ	3	0	3	1.000	M
ਚਰਵਾਹੀ	0	3	3	1.000	F
ਚਰਾਂਦ	2	4	6	0.667	mixed
ਚਰਾਂਦਾਂ	0	9	9	1.000	F
ਚਲਾਕੀ	0	5	5	1.000	F
ਚਸ਼ਮਾ	11	0	11	1.000	M
ਚਸ਼ਮੇ	11	0	11	1.000	M
ਚਹੁੰ	0	3	3	1.000	F
ਚਾਂਦੀ	13	81	94	0.862	mixed
ਚਾਕਰ	18	0	18	1.000	M
ਚਾਕਰਾਂ	19	0	19	1.000	M
ਚਾਚਾ	6	0	6	1.000	M
ਚਾਚੀ	0	3	3	1.000	F
ਚਾਚੇ	26	0	26	1.000	M
ਚਾਦਰ	0	13	13	1.000	F
ਚਾਨਣ	98	0	98	1.000	M
ਚਾਨਣੀ	0	6	6	1.000	F
ਚਾਪਲੂਸੀ	0	4	4	1.000	F
ਚਾਰ	49	18	67	0.731	mixed
ਚਾਰਗਾਹਾਂ	0	14	14	1.000	F
ਚਾਰਾਂ	4	1	5	0.800	mixed
ਚਾਰੇ	16	8	24	0.667	mixed
ਚਾਲ	10	63	73	0.863	mixed
ਚਾਲ-ਚਲਣ	11	0	11	1.000	M
ਚਾਲ-ਚੱਲਣ	14	0	14	1.000	M
ਚਾਲਾਂ	0	15	15	1.000	F
ਚਾਲੀ	2	4	6	0.667	mixed
ਚਾਲੀਵੇਂ	3	0	3	1.000	M
ਚਾਲ੍ਹੀ	3	4	7	0.571	mixed
ਚਾਹ	0	11	11	1.000	F
ਚਾਹਨਾ	0	3	3	1.000	F
ਚਾਹਵੰਦ	14	2	16	0.875	mixed
ਚਿਕਨਾਈ	0	11	11	1.000	F
ਚਿਟਕਨੀਆਂ	0	5	5	1.000	F
ਚਿਲਮਚੀ	0	4	4	1.000	F
ਚਿਹਰਾ	44	0	44	1.000	M
ਚਿਹਰਿਆਂ	12	0	12	1.000	M
ਚਿਹਰੇ	38	0	38	1.000	M
ਚਿੰਤਾ	0	34	34	1.000	F
ਚਿੰਤਾਂ	0	7	7	1.000	F
ਚਿੱਕੜ	12	2	14	0.857	mixed
ਚਿੱਠੀ	0	8	8	1.000	F
ਚਿੱਠੀਆਂ	0	7	7	1.000	F
ਚਿੱਤ	7	0	7	1.000	M
ਚਿੱਤਰਕਾਰੀ	0	5	5	1.000	F
ਚਿੱਲਾਉਣ	3	0	3	1.000	M
ਚਿੱਲਾਉਣਾ	6	0	6	1.000	M
ਚੀਚੀ	0	4	4	1.000	F
ਚੀਜ਼	0	11	11	1.000	F
ਚੀਜ਼ਾਂ	0	5	5	1.000	F
ਚੀਥੀਆਂ	0	51	51	1.000	F
ਚੁਗਵੇਂ	11	0	11	1.000	M
ਚੁਗਾਉਣ	3	0	3	1.000	M
ਚੁਗਾਠ	0	12	12	1.000	F
ਚੁਗਾਠਾਂ	0	11	11	1.000	F
ਚੁਣਵੇਂ	11	0	11	1.000	M
ਚੁਣਿਆ	9	0	9	1.000	M
ਚੁਣਿਆਂ	9	0	9	1.000	M
ਚੁਣੀ	0	5	5	1.000	F
ਚੁਣੇ	26	0	26	1.000	M
ਚੁਥਾਈ	0	3	3	1.000	F
ਚੁਫ਼ੇਰੇ	58	0	58	1.000	M
ਚੁਫੇਰੇ	44	0	44	1.000	M
ਚੁਬਾਰੇ	4	0	4	1.000	M
ਚੁਬੱਚੇ	5	0	5	1.000	M
ਚੁੜਾਈ	0	44	44	1.000	F
ਚੁੰਝ	0	4	4	1.000	F
ਚੁੱਕਣ	20	25	45	0.556	mixed
ਚੁੱਕਣਾ	4	0	4	1.000	M
ਚੁੱਕਾ	3	0	3	1.000	M
ਚੁੱਕਿਆ	3	0	3	1.000	M
ਚੂਹੇ	3	0	3	1.000	M
ਚੇਤਾ	17	0	17	1.000	M
ਚੇਲਾ	18	0	18	1.000	M
ਚੇਲਿਆਂ	182	0	182	1.000	M
ਚੇਲੇ	85	0	85	1.000	M
ਚੋਗਾ	17	0	17	1.000	M
ਚੋਗੇ	5	0	5	1.000	M
ਚੋਟੀ	0	39	39	1.000	F
ਚੋਟੀਆਂ	0	5	5	1.000	F
ਚੋਣ	1	7	8	0.875	mixed
ਚੋਬਾਂ	0	32	32	1.000	F
ਚੋਰੀ	0	4	4	1.000	F
ਚੋਲਾ	10	0	10	1.000	M
ਚੋਲੇ	3	0	3	1.000	M
ਚੌਂਕ	21	0	21	1.000	M
ਚੌਂਕਾਂ	10	0	10	1.000	M
ਚੌਂਕੀ	0	54	54	1.000	F
ਚੌਂਕੀਆਂ	0	4	4	1.000	F
ਚੌਂਹ	2	4	6	0.667	mixed
ਚੌਂਹਾਂ	3	0	3	1.000	M
ਚੌਕਸੀ	0	12	12	1.000	F
ਚੌਕਾਂ	10	0	10	1.000	M
ਚੌਕੀ	0	3	3	1.000	F
ਚੌਣੇ	21	0	21	1.000	M
ਚੌਥਾ	3	0	3	1.000	M
ਚੌਥਾਈ	0	11	11	1.000	F
ਚੌਥੇ	26	0	26	1.000	M
ਚੌਦਵੀਂ	0	3	3	1.000	F
ਚੌਧਵੀਂ	0	20	20	1.000	F
ਚੌਧਵੇਂ	9	0	9	1.000	M
ਚੌਵੀ	0	7	7	1.000	F
ਚੌਹਾਂ	21	9	30	0.700	mixed
ਚੌਹੀਂ	3	0	3	1.000	M
ਚੌੜਾਈ	0	52	52	1.000	F
ਚੌੜੀ	0	3	3	1.000	F
ਚੜਦੇ	4	0	4	1.000	M
ਚੜ੍ਹਤ	0	4	4	1.000	F
ਚੜ੍ਹਦੀ	6	5	11	0.545	mixed
ਚੜ੍ਹਦੇ	21	0	21	1.000	M
ਚੜ੍ਹਨ	3	0	3	1.000	M
ਚੜ੍ਹਾਈ	2	33	35	0.943	mixed
ਚੜ੍ਹਾਉਣ	11	0	11	1.000	M
ਚੜ੍ਹਾਓ	3	2	5	0.600	mixed
ਚੜ੍ਹਾਵਾ	102	0	102	1.000	M
ਚੜ੍ਹਾਵਿਆਂ	3	0	3	1.000	M
ਚੜ੍ਹਾਵੇ	40	0	40	1.000	M
ਚੰਗੀਆਂ	0	8	8	1.000	F
ਚੰਗੇ	16	0	16	1.000	M
ਚੰਮ	16	0	16	1.000	M
ਚੱਕਰ	3	0	3	1.000	M
ਚੱਕੀ	0	3	3	1.000	F
ਚੱਟਾਨ	0	36	36	1.000	F
ਚੱਠ	0	13	13	1.000	F
ਚੱਦਰ	0	12	12	1.000	F
ਚੱਲਣ	6	2	8	0.750	mixed
ਚੱਵੀ	0	6	6	1.000	F
ਛਲ	7	0	7	1.000	M
ਛਾਂ	2	14	16	0.875	mixed
ਛਾਇਆ	0	9	9	1.000	F
ਛਾਉਣੀ	0	11	11	1.000	F
ਛਾਉਣੀਆਂ	0	5	5	1.000	F
ਛਾਣਬੀਣ	0	4	4	1.000	F
ਛਾਤੀ	0	27	27	1.000	F
ਛਾਤੀਆਂ	0	23	23	1.000	F
ਛਾਬੇ	3	0	3	1.000	M
ਛਿੱਟੇ	2	1	3	0.667	mixed
ਛੁਟਕਾਰਾ	42	0	42	1.000	M
ਛੁਟਕਾਰੇ	16	0	16	1.000	M
ਛੁਡਾਉਣ	41	0	41	1.000	M
ਛੁਡਾਏ	5	0	5	1.000	M
ਛੁਰੀਆਂ	0	4	4	1.000	F
ਛੇ	23	4	27	0.852	mixed
ਛੇ-ਛੇ	2	1	3	0.667	mixed
ਛੇਕ	5	0	5	1.000	M
ਛੇਕੜ	11	1	12	0.917	mixed
ਛੇਤੀ	0	5	5	1.000	F
ਛੇਵਾਂ	8	0	8	1.000	M
ਛੇਵੇਂ	9	0	9	1.000	M
ਛੇੜ	0	5	5	1.000	F
ਛੇੜਨ	3	0	3	1.000	M
ਛੋਕਰੀਆਂ	0	4	4	1.000	F
ਛੋਟੇ	20	0	20	1.000	M
ਛੌਣੀ	0	5	5	1.000	F
ਛੱਤ	1	31	32	0.969	F
ਛੱਤਰੇ	7	0	7	1.000	M
ਛੱਤਾਂ	0	3	3	1.000	F
ਛੱਤੇ	5	0	5	1.000	M
ਛੱਤ੍ਰੇ	7	0	7	1.000	M
ਜਗਵੇਦੀ	2	179	181	0.989	F
ਜਗਵੇਦੀਆਂ	0	52	52	1.000	F
ਜਗ਼੍ਹਾ	0	3	3	1.000	F
ਜਗ੍ਹਾ	0	3	3	1.000	F
ਜਣਨ	8	1	9	0.889	mixed
ਜਣਨੀ	2	4	6	0.667	mixed
ਜਣਿਆ	3	0	3	1.000	M
ਜਤਨ	25	0	25	1.000	M
ਜਨ	73	0	73	1.000	M
ਜਨਮ	44	20	64	0.688	mixed
ਜਬਾਨੀ	0	4	4	1.000	F
ਜਬਾੜਿਆਂ	6	0	6	1.000	M
ਜਬਾੜੇ	8	0	8	1.000	M
ਜਮੀਨ	0	5	5	1.000	F
ਜਰੀਬ	0	3	3	1.000	F
ਜਲ	20	0	20	1.000	M
ਜਲਣ	3	2	5	0.600	mixed
ਜਲਨ	3	1	4	0.750	mixed
ਜਲੂਸ	5	0	5	1.000	M
ਜਵਾਈ	19	0	19	1.000	M
ਜਵਾਈਆਂ	6	0	6	1.000	M
ਜਵਾਨਾਂ	3	0	3	1.000	M
ਜਵਾਨੀ	0	9	9	1.000	F
ਜਵਾਬ	4	0	4	1.000	M
ਜਵਾਹਰ	5	0	5	1.000	M
ਜਸ	20	0	20	1.000	M
ਜਹਾਜ਼	6	0	6	1.000	M
ਜਹਾਜ਼ਾਂ	5	0	5	1.000	M
ਜ਼ਖਮ	9	0	9	1.000	M
ਜ਼ਨਾਕਾਰੀ	0	4	4	1.000	F
ਜ਼ਨਾਹ	5	0	5	1.000	M
ਜ਼ਬਾਨ	0	14	14	1.000	F
ਜ਼ਬਾਨੀ	0	19	19	1.000	F
ਜ਼ਮਾਨਤ	0	4	4	1.000	F
ਜ਼ਮਾਨਤੀ	5	0	5	1.000	M
ਜ਼ਮੀਨ	0	89	89	1.000	F
ਜ਼ਰੂਰਤ	0	10	10	1.000	F
ਜ਼ਰੂਰਤਾਂ	0	3	3	1.000	F
ਜ਼ਰੂਰੀ	3	0	3	1.000	M
ਜ਼ਹਿਰ	7	1	8	0.875	mixed
ਜ਼ਾਮਨ	7	0	7	1.000	M
ਜ਼ਿਕਰ	10	0	10	1.000	M
ਜ਼ਿੰਦਗੀ	0	8	8	1.000	F
ਜ਼ਿੰਦਗੀਆਂ	0	3	3	1.000	F
ਜ਼ਿੰਮੇਵਾਰੀ	0	22	22	1.000	F
ਜ਼ੁਬਾਨੀ	0	5	5	1.000	F
ਜ਼ੁਮੇਵਾਰੀ	0	3	3	1.000	F
ਜ਼ੁਲਮ	8	0	8	1.000	M
ਜ਼ੁੰਮੇਵਾਰੀ	0	3	3	1.000	F
ਜ਼ੈਤੂਨ	7	0	7	1.000	M
ਜ਼ੋਰ	49	1	50	0.980	M
ਜਾ	0	3	3	1.000	F
ਜਾਂਘ	0	4	4	1.000	F
ਜਾਂਚ	0	14	14	1.000	F
ਜਾਂਚ-ਪੜਤਾਲ	0	5	5	1.000	F
ਜਾਇਦਾਦ	1	9	10	0.900	mixed
ਜਾਚ	0	19	19	1.000	F
ਜਾਚਣ	5	0	5	1.000	M
ਜਾਜਕ	69	0	69	1.000	M
ਜਾਜਕਾਂ	43	0	43	1.000	M
ਜਾਜਕਾਈ	1	17	18	0.944	mixed
ਜਾਜ਼ਕ	3	0	3	1.000	M
ਜਾਣ	24	12	36	0.667	mixed
ਜਾਣ-ਪਛਾਣ	4	0	4	1.000	M
ਜਾਣਨ	16	0	16	1.000	M
ਜਾਣਾ	6	0	6	1.000	M
ਜਾਣੂ	8	1	9	0.889	mixed
ਜਾਤ	0	9	9	1.000	F
ਜਾਤੀ	0	6	6	1.000	F
ਜਾਦੂਗਰਾਂ	4	0	4	1.000	M
ਜਾਦੂਗਰੀ	0	4	4	1.000	F
ਜਾਦੂਗਰੀਆਂ	0	7	7	1.000	F
ਜਾਨ	1	665	666	0.998	F
ਜਾਨਵਰ	11	0	11	1.000	M
ਜਾਨਵਰਾਂ	8	0	8	1.000	M
ਜਾਨਾਂ	0	74	74	1.000	F
ਜਾਨੀ	9	0	9	1.000	M
ਜਾਨੋਂ	3	0	3	1.000	M
ਜਾਮ	3	0	3	1.000	M
ਜਾਮਨ	4	0	4	1.000	M
ਜਾਲ	17	0	17	1.000	M
ਜਾਲ਼	16	0	16	1.000	M
ਜਾਲ਼ਾਂ	5	0	5	1.000	M
ਜਾਲਾ	4	0	4	1.000	M
ਜਿਉਂਦੇ	9	0	9	1.000	M
ਜਿਉਣ	6	0	6	1.000	M
ਜਿਨ	2	1	3	0.667	mixed
ਜਿਨਸ	0	20	20	1.000	F
ਜਿਨ੍ਹਾਂ	8	4	12	0.667	mixed
ਜਿਵੇਂ	3	4	7	0.571	mixed
ਜਿਸ	11	9	20	0.550	mixed
ਜਿਹ	14	2	16	0.875	mixed
ਜਿਹੜੀਆਂ	6	6	12	0.500	mixed
ਜਿੰਦ	0	64	64	1.000	F
ਜਿੰਨੇ	4	0	4	1.000	M
ਜਿੱਤ	0	6	6	1.000	F
ਜਿੱਤਣ	5	0	5	1.000	M
ਜਿੱਥੇ	4	0	4	1.000	M
ਜੀ	146	0	146	1.000	M
ਜੀਅ	43	0	43	1.000	M
ਜੀਆਂ	4	0	4	1.000	M
ਜੀਉ	17	0	17	1.000	M
ਜੀਉਂਦਿਆਂ	6	0	6	1.000	M
ਜੀਉਂਦੇ	14	0	14	1.000	M
ਜੀਉਣ	20	0	20	1.000	M
ਜੀਉਣਾ	3	1	4	0.750	mixed
ਜੀਭ	0	88	88	1.000	F
ਜੀਭਾਂ	0	15	15	1.000	F
ਜੀਵ	5	0	5	1.000	M
ਜੀਵਣ	7	0	7	1.000	M
ਜੀਵਨ	130	4	134	0.970	M
ਜੁਆਈ	3	0	3	1.000	M
ਜੁਆਣਾਂ	3	0	3	1.000	M
ਜੁਆਨ	35	2	37	0.946	mixed
ਜੁਆਨਾਂ	36	0	36	1.000	M
ਜੁਆਨੀ	2	69	71	0.972	F
ਜੁਗਤ	0	6	6	1.000	F
ਜੁਗਤਾਂ	0	19	19	1.000	F
ਜੁਗਤੀ	0	6	6	1.000	F
ਜੁਗਤੀਆਂ	0	3	3	1.000	F
ਜੁਬਾਨੀ	0	3	3	1.000	F
ਜੁਰਮਾਨਾ	4	0	4	1.000	M
ਜੁੰਮੇ	37	0	37	1.000	M
ਜੁੰਮੇਵਾਰੀ	0	18	18	1.000	F
ਜੁੰਮੇਵਾਰੀਆਂ	0	3	3	1.000	F
ਜੁੱਤੀ	0	31	31	1.000	F
ਜੁੱਤੀਆਂ	0	5	5	1.000	F
ਜੁੱਧ	6	0	6	1.000	M
ਜੂਲਾ	25	0	25	1.000	M
ਜੂਲੇ	32	0	32	1.000	M
ਜੂਹ	2	17	19	0.895	mixed
ਜੂਹਾਂ	0	5	5	1.000	F
ਜੇਠਾ	5	0	5	1.000	M
ਜੇਠੇ	7	0	7	1.000	M
ਜੈ	3	2	5	0.600	mixed
ਜੈਕਾਰਾ	9	0	9	1.000	M
ਜੋਖਮਾਂ	7	0	7	1.000	M
ਜੋਗ	54	5	59	0.915	mixed
ਜੋਤ	0	11	11	1.000	F
ਜੋਧੇ	3	0	3	1.000	M
ਜੋਰ	4	0	4	1.000	M
ਜੋਸ਼	7	0	7	1.000	M
ਜੋੜ	20	0	20	1.000	M
ਜੋੜੇ	10	0	10	1.000	M
ਜੜ੍ਹ	0	41	41	1.000	F
ਜੜ੍ਹਾਂ	0	27	27	1.000	F
ਜੰਗਲ	20	1	21	0.952	M
ਜੰਗਲਾਂ	3	0	3	1.000	M
ਜੰਗਲੀ	6	2	8	0.750	mixed
ਜੰਗਾਲ	7	0	7	1.000	M
ਜੰਗੀ	8	0	8	1.000	M
ਜੰਤਰਾਂ-ਮੰਤਰਾਂ	4	0	4	1.000	M
ਜੰਮਣ	24	3	27	0.889	mixed
ਜੰਮੇ	5	0	5	1.000	M
ਜੱਥਿਆਂ	4	0	4	1.000	M
ਜੱਥੇ	32	0	32	1.000	M
ਝਗੜਾ	4	0	4	1.000	M
ਝਗੜਿਆਂ	5	0	5	1.000	M
ਝਗੜੇ	11	0	11	1.000	M
ਝਲਕ	0	3	3	1.000	F
ਝਾਤੀ	0	5	5	1.000	F
ਝਿੜਕ	0	4	4	1.000	F
ਝੀਲ	0	26	26	1.000	F
ਝੁੰਡ	19	0	19	1.000	M
ਝੁੰਡਾਂ	9	0	9	1.000	M
ਝੂਠ	3	0	3	1.000	M
ਝੂਠੀ	0	4	4	1.000	F
ਝੂਠੇ	3	0	3	1.000	M
ਝੋਕੇ	4	0	4	1.000	M
ਝੋਲੀ	0	9	9	1.000	F
ਝੰਜਰੀ	0	9	9	1.000	F
ਝੰਡਾ	10	0	10	1.000	M
ਝੰਡਿਆਂ	5	0	5	1.000	M
ਝੰਡੇ	19	0	19	1.000	M
ਟਲ	3	0	3	1.000	M
ਟਹਿਣੀ	0	16	16	1.000	F
ਟਹਿਣੀਆਂ	0	79	79	1.000	F
ਟਹਿਲ	0	160	160	1.000	F
ਟਹਿਲਣ	0	30	30	1.000	F
ਟਹਿਲਣਾਂ	0	4	4	1.000	F
ਟਹਿਲੀਏ	6	0	6	1.000	M
ਟਹਿਲੂਆ	18	0	18	1.000	M
ਟਹਿਲੂਆਂ	156	1	157	0.994	M
ਟਹਿਲੂਏ	89	0	89	1.000	M
ਟਾਕਰਾ	6	0	6	1.000	M
ਟਾਕਰੇ	24	0	24	1.000	M
ਟਾਕੀ	0	6	6	1.000	F
ਟਾਪ	0	3	3	1.000	F
ਟਾਪੂ	5	0	5	1.000	M
ਟਾਪੂਆਂ	14	0	14	1.000	M
ਟਾਹਣੀਆਂ	0	10	10	1.000	F
ਟਿਕਾਣਾ	11	0	11	1.000	M
ਟਿਕਾਣਿਆਂ	8	0	8	1.000	M
ਟਿਕਾਣੇ	4	0	4	1.000	M
ਟਿਹਣੀਆਂ	0	4	4	1.000	F
ਟਿੱਬੇ	7	0	7	1.000	M
ਟਿੱਲਾ	3	0	3	1.000	M
ਟੀਸੀ	0	64	64	1.000	F
ਟੀਸੀਆਂ	0	14	14	1.000	F
ਟੁਕੜਾ	3	0	3	1.000	M
ਟੁਕੜਿਆਂ	5	0	5	1.000	M
ਟੁਕੜੇ	8	0	8	1.000	M
ਟੁੰਡ	14	2	16	0.875	mixed
ਟੁੰਡਾਂ	4	0	4	1.000	M
ਟੁੱਕੜਾ	5	0	5	1.000	M
ਟੁੱਕੜਿਆਂ	7	0	7	1.000	M
ਟੁੱਕੜੇ	4	0	4	1.000	M
ਟੁੱਕੜੇ-ਟੁੱਕੜੇ	5	0	5	1.000	M
ਟੁੱਟ	0	7	7	1.000	F
ਟੁੱਟ-ਫੁੱਟ	0	5	5	1.000	F
ਟੁੱਟਣ	5	0	5	1.000	M
ਟੁੱਟਣਾ	4	0	4	1.000	M
ਟੁੱਟੀਆਂ	0	3	3	1.000	F
ਟੋਇਆਂ	5	0	5	1.000	M
ਟੋਏ	18	0	18	1.000	M
ਟੋਕਰੀ	0	11	11	1.000	F
ਟੋਟਿਆਂ	3	0	3	1.000	M
ਟੋਟੇ	10	0	10	1.000	M
ਟੋਟੇ-ਟੋਟੇ	4	0	4	1.000	M
ਟੋਪ	20	0	20	1.000	M
ਟੋਲਾ	3	0	3	1.000	M
ਟੋਲੀ	0	22	22	1.000	F
ਟੋਲੀਆਂ	0	7	7	1.000	F
ਟੱਬਰ	268	0	268	1.000	M
ਟੱਬਰਾਂ	79	1	80	0.988	M
ਠਹਿਰਾਇਆ	3	0	3	1.000	M
ਠਹਿਰਾਏ	36	0	36	1.000	M
ਠਾਠਾਂ	0	12	12	1.000	F
ਠੀਕ	9	0	9	1.000	M
ਠੋਕਰ	3	11	14	0.786	mixed
ਠੱਠਾ	10	0	10	1.000	M
ਡਰ	77	0	77	1.000	M
ਡਰਨ	12	0	12	1.000	M
ਡਾਢਾ	5	0	5	1.000	M
ਡਾਢੀ	0	7	7	1.000	F
ਡਾਢੇ	15	0	15	1.000	M
ਡਾਲੀਆਂ	0	16	16	1.000	F
ਡਿਉੜੀ	0	7	7	1.000	F
ਡਿਉੜ੍ਹੀ	0	27	27	1.000	F
ਡਿੱਗਣ	15	0	15	1.000	M
ਡਿੱਗੇ	4	0	4	1.000	M
ਡੁੰਘਿਆਈ	0	4	4	1.000	F
ਡੁੰਘਿਆਈਆਂ	0	4	4	1.000	F
ਡੁੱਬਣ	7	0	7	1.000	M
ਡੂੰਘਿਆਈਆਂ	0	4	4	1.000	F
ਡੂੰਘੀਆਂ	0	5	5	1.000	F
ਡੇਉੜ੍ਹੀ	0	25	25	1.000	F
ਡੇਢ	3	0	3	1.000	M
ਡੇਰਾ	23	0	23	1.000	M
ਡੇਰਿਆਂ	20	0	20	1.000	M
ਡੇਰੇ	226	0	226	1.000	M
ਡੇਹਰਾ	5	0	5	1.000	M
ਡੇਹਰੇ	22	0	22	1.000	M
ਡੋਰੀ	0	7	7	1.000	F
ਡੋਰੀਆਂ	0	11	11	1.000	F
ਡੌਂਡੀ	0	16	16	1.000	F
ਡੌਲ	0	7	7	1.000	F
ਡੰਗ	8	0	8	1.000	M
ਡੰਗਰ	17	0	17	1.000	M
ਡੰਗਰਾਂ	19	0	19	1.000	M
ਡੰਡਾ	10	0	10	1.000	M
ਡੰਡੇ	21	0	21	1.000	M
ਡੰਨ	4	0	4	1.000	M
ਢਲਾਣ	0	4	4	1.000	F
ਢਾਂਗਾ	24	0	24	1.000	M
ਢਾਂਗੇ	11	0	11	1.000	M
ਢਾਉਣ	6	0	6	1.000	M
ਢਾਲ	1	25	26	0.962	F
ਢਾਲ਼	1	23	24	0.958	F
ਢਾਲਾਂ	0	18	18	1.000	F
ਢਾਲੀ	0	3	3	1.000	F
ਢਾਲੀਆਂ	0	6	6	1.000	F
ਢਿੱਡ	61	0	61	1.000	M
ਢੀਠਪੁਣੇ	6	0	6	1.000	M
ਢੇਰ	56	3	59	0.949	mixed
ਢੇਰੀਆਂ	0	5	5	1.000	F
ਢੇਲਿਆਂ	3	0	3	1.000	M
ਢੰਗ	7	0	7	1.000	M
ਢੱਕਣ	33	0	33	1.000	M
ਤਕਲੀਫ਼	0	3	3	1.000	F
ਤਕੜਾਈ	0	3	3	1.000	F
ਤਕੜੇ	5	0	5	1.000	M
ਤਖ਼ਤਪੋਸ਼	4	0	4	1.000	M
ਤਖ਼ਤੀ	0	5	5	1.000	F
ਤਨ	6	0	6	1.000	M
ਤਬਾਹੀ	0	16	16	1.000	F
ਤਰਕਸ਼	6	2	8	0.750	mixed
ਤਰਲੇ	13	0	13	1.000	M
ਤਰਸ	9	0	9	1.000	M
ਤਰੀਕਾ	3	0	3	1.000	M
ਤਰ੍ਹਾਂ	0	135	135	1.000	F
ਤਰੱਕੀ	0	10	10	1.000	F
ਤਲਬ	0	6	6	1.000	F
ਤਲਵਾਰ	5	149	154	0.968	F
ਤਲਵਾਰਾਂ	0	22	22	1.000	F
ਤਲਾਬ	6	0	6	1.000	M
ਤਲਾਸ਼	0	3	3	1.000	F
ਤਲਾਸ਼ੀ	0	5	5	1.000	F
ਤਲੀ	0	18	18	1.000	F
ਤਲੀਆਂ	0	15	15	1.000	F
ਤਲੇ	8	0	8	1.000	M
ਤਸਮਾ	7	0	7	1.000	M
ਤਸੱਲੀ	1	14	15	0.933	mixed
ਤਸੱਲੀਆਂ	0	4	4	1.000	F
ਤਹਿ	0	9	9	1.000	F
ਤਹਿਆਂ	0	3	3	1.000	F
ਤਾਂ	49	12	61	0.803	mixed
ਤਾਂਘ	2	13	15	0.867	mixed
ਤਾਈਂ	10	0	10	1.000	M
ਤਾਕ	0	4	4	1.000	F
ਤਾਜ	9	0	9	1.000	M
ਤਾਣਨ	6	0	6	1.000	M
ਤਾਪ	3	0	3	1.000	M
ਤਾਰ	3	1	4	0.750	mixed
ਤਾਰਾ	6	0	6	1.000	M
ਤਾਰਿਆਂ	21	0	21	1.000	M
ਤਾਰੇ	17	0	17	1.000	M
ਤਾਲਿਬ	22	1	23	0.957	M
ਤਾਲਿਬਾਂ	2	1	3	0.667	mixed
ਤਾਲੀਮ	0	6	6	1.000	F
ਤਾਲੂ	9	0	9	1.000	M
ਤਾੜ	0	29	29	1.000	F
ਤਾੜਨ	3	0	3	1.000	M
ਤਾੜਨਾ	0	9	9	1.000	F
ਤਿਆਗ	2	2	4	0.500	mixed
ਤਿਆਗਣ	5	0	5	1.000	M
ਤਿਆਰੀ	0	28	28	1.000	F
ਤਿਉਹਾਰ	46	3	49	0.939	mixed
ਤਿਹਾਈ	0	12	12	1.000	F
ਤਿੰਨਾਂ	6	2	8	0.750	mixed
ਤਿੰਨੇ	8	2	10	0.800	mixed
ਤਿੱਖੀ	0	6	6	1.000	F
ਤੀਜਾ	6	0	6	1.000	M
ਤੀਜੀ	0	8	8	1.000	F
ਤੀਜੇ	24	0	24	1.000	M
ਤੀਰ	26	1	27	0.963	M
ਤੀਰਾਂ	13	0	13	1.000	M
ਤੀਵੀਂ	0	147	147	1.000	F
ਤੀਵੀਆਂ	1	36	37	0.973	F
ਤੀਸਰੇ	3	0	3	1.000	M
ਤੀਹ	16	0	16	1.000	M
ਤੁਖਮ	3	0	3	1.000	M
ਤੁਰ	1	5	6	0.833	mixed
ਤੁਰਨ	4	0	4	1.000	M
ਤੁਰ੍ਹੀ	0	4	4	1.000	F
ਤੁਰ੍ਹੀਆਂ	0	5	5	1.000	F
ਤੁਲਨਾ	0	6	6	1.000	F
ਤੁਸਾਂ	1	2	3	0.667	mixed
ਤੁਸੀਂ	6	13	19	0.684	mixed
ਤੁਹਾਨੂੰ	10	0	10	1.000	M
ਤੁੱਲ	56	0	56	1.000	M
ਤੂਫਾਨ	7	0	7	1.000	M
ਤੂੰ	17	14	31	0.548	mixed
ਤੇਈਵੀਂ	0	3	3	1.000	F
ਤੇਈਵੇਂ	6	0	6	1.000	M
ਤੇਗ	0	10	10	1.000	F
ਤੇਗਾਂ	0	3	3	1.000	F
ਤੇਜ	103	0	103	1.000	M
ਤੇਜਵਾਨ	7	4	11	0.636	mixed
ਤੇਜ਼	13	2	15	0.867	mixed
ਤੇਜ਼ੀ	0	7	7	1.000	F
ਤੇਰਵੀਂ	0	3	3	1.000	F
ਤੇਰ੍ਹਵੀਂ	0	9	9	1.000	F
ਤੇਰ੍ਹਵੇਂ	4	0	4	1.000	M
ਤੇਲ	84	4	88	0.955	M
ਤੇੜ	2	2	4	0.500	mixed
ਤੇੜਾਂ	0	16	16	1.000	F
ਤੈਂ	7	1	8	0.875	mixed
ਤੈਨੂੰ	13	5	18	0.722	mixed
ਤੋਬਾ	6	0	6	1.000	M
ਤੋਰ	1	6	7	0.857	mixed
ਤੋਲ	35	1	36	0.972	M
ਤੋੜਨ	3	0	3	1.000	M
ਤੋੜੇ	4	0	4	1.000	M
ਤੌਰ	9	0	9	1.000	M
ਤ੍ਰੇਲ	0	20	20	1.000	F
ਤੰਗੀ	0	4	4	1.000	F
ਤੰਗੁਲੀ	0	3	3	1.000	F
ਤੰਬੂ	354	2	356	0.994	M
ਤੰਬੂਆਂ	62	2	64	0.969	M
ਤੱਕੜੀ	0	5	5	1.000	F
ਤੱਸਲੀ	1	5	6	0.833	mixed
ਥਾਪਣ	3	0	3	1.000	M
ਥਾਪਨਾ	4	2	6	0.667	mixed
ਥਾਲ	4	0	4	1.000	M
ਥਾਲੀਆਂ	0	4	4	1.000	F
ਥਾਵਾਂ	14	2	16	0.875	mixed
ਥਿੰਧਿਆਈ	0	4	4	1.000	F
ਥੁੜ	0	30	30	1.000	F
ਥੁੜੋਂ	0	7	7	1.000	F
ਥੇਹ	4	0	4	1.000	M
ਥੈਲੀ	0	3	3	1.000	F
ਥੈਲੀਆਂ	0	3	3	1.000	F
ਥੋੜੀ	0	5	5	1.000	F
ਥੋੜੇ	5	0	5	1.000	M
ਥੋੜ੍ਹੇ	4	0	4	1.000	M
ਥੜੇ	4	0	4	1.000	M
ਥੰਮ	11	0	11	1.000	M
ਥੰਮਾਂ	27	0	27	1.000	M
ਥੰਮ੍ਹ	67	0	67	1.000	M
ਥੰਮ੍ਹਾਂ	20	0	20	1.000	M
ਥੰਮ੍ਹੀਆਂ	0	44	44	1.000	F
ਥੱਲੇ	22	0	22	1.000	M
ਦਫ਼ਨਾਉਣ	5	0	5	1.000	M
ਦਬਕਾ	7	0	7	1.000	M
ਦਬਕੇ	6	0	6	1.000	M
ਦਬਾਓ	4	0	4	1.000	M
ਦਮ	3	0	3	1.000	M
ਦਯਾ	0	235	235	1.000	F
ਦਰ	10	0	10	1.000	M
ਦਰਖ਼ਤ	3	0	3	1.000	M
ਦਰਗਾਹ	0	4	4	1.000	F
ਦਰਗਾਹਾਂ	0	6	6	1.000	F
ਦਰਗਾਹੇ	0	7	7	1.000	F
ਦਰਜੇ	10	0	10	1.000	M
ਦਰਦੀ	6	0	6	1.000	M
ਦਰਬਾਨ	10	0	10	1.000	M
ਦਰਬਾਨਾਂ	4	0	4	1.000	M
ਦਰਬਾਰ	38	0	38	1.000	M
ਦਰਬਾਰੀਆਂ	4	0	4	1.000	M
ਦਰਮਿਆਨ	3	0	3	1.000	M
ਦਰਵਾਜ਼ਾ	8	0	8	1.000	M
ਦਰਵਾਜ਼ਿਆਂ	9	0	9	1.000	M
ਦਰਵਾਜ਼ੇ	112	0	112	1.000	M
ਦਰਵਾਜਿਆਂ	3	0	3	1.000	M
ਦਰਵੱਜਾ	3	0	3	1.000	M
ਦਰਵੱਜਿਆਂ	10	0	10	1.000	M
ਦਰਵੱਜੇ	61	0	61	1.000	M
ਦਰਸ਼ਣ	76	0	76	1.000	M
ਦਰਸ਼ਣਾਂ	5	0	5	1.000	M
ਦਰਸ਼ਨ	10	0	10	1.000	M
ਦਰਾਰਾਂ	0	7	7	1.000	F
ਦਰਿਆ	14	0	14	1.000	M
ਦਰਿਆਵਾਂ	2	2	4	0.500	mixed
ਦਰਿਸ਼ਟਾਂ	0	6	6	1.000	F
ਦਰਿਸ਼ਟੀਆਂ	0	3	3	1.000	F
ਦਰਿੰਦਿਆਂ	21	0	21	1.000	M
ਦਰਿੰਦੇ	17	0	17	1.000	M
ਦਰੋਗਾ	4	0	4	1.000	M
ਦਰੋਗੇ	3	0	3	1.000	M
ਦਰੱਖਤ	4	0	4	1.000	M
ਦਲ	41	0	41	1.000	M
ਦਲਾਂ	26	0	26	1.000	M
ਦਲਾਨ	9	0	9	1.000	M
ਦਲੀਲ	0	14	14	1.000	F
ਦਲੀਲਾਂ	0	5	5	1.000	F
ਦਲੇਰੀ	0	10	10	1.000	F
ਦਵਾ	1	2	3	0.667	mixed
ਦਸ	28	32	60	0.533	mixed
ਦਸਤਕਾਰੀ	0	20	20	1.000	F
ਦਸਤੂਰ	11	0	11	1.000	M
ਦਸਵਾਂ	20	0	20	1.000	M
ਦਸਵੀਂ	0	9	9	1.000	F
ਦਸਵੇਂ	23	0	23	1.000	M
ਦਸਵੰਦ	4	0	4	1.000	M
ਦਸਵੰਧ	41	2	43	0.953	M
ਦਸਾਂ	7	0	7	1.000	M
ਦਸੇ	9	1	10	0.900	mixed
ਦਸੌਂਧ	5	0	5	1.000	M
ਦਾਈ	0	12	12	1.000	F
ਦਾਉਤ	1	7	8	0.875	mixed
ਦਾਖ	3	13	16	0.812	mixed
ਦਾਖਾਂ	13	6	19	0.684	mixed
ਦਾਗ	13	0	13	1.000	M
ਦਾਗਾਂ	4	0	4	1.000	M
ਦਾਣਾ	3	0	3	1.000	M
ਦਾਣਿਆਂ	5	0	5	1.000	M
ਦਾਣੇ	11	0	11	1.000	M
ਦਾਤ	0	29	29	1.000	F
ਦਾਤਾਂ	0	10	10	1.000	F
ਦਾਤੀ	0	8	8	1.000	F
ਦਾਦਿਆਂ	4	0	4	1.000	M
ਦਾਦੀ	0	6	6	1.000	F
ਦਾਨ	24	0	24	1.000	M
ਦਾਵਤ	0	11	11	1.000	F
ਦਾਵਾ	13	0	13	1.000	M
ਦਾਸ	607	0	607	1.000	M
ਦਾਸਾਂ	124	1	125	0.992	M
ਦਾਸੀ	0	71	71	1.000	F
ਦਾਸੀਆਂ	0	17	17	1.000	F
ਦਾਹੜੀ	0	3	3	1.000	F
ਦਾੜ੍ਹੀ	0	9	9	1.000	F
ਦਾੜ੍ਹੀਆਂ	0	7	7	1.000	F
ਦਿਆਂ	3	0	3	1.000	M
ਦਿਆਂਗਾ	48	0	48	1.000	M
ਦਿਆਰ	14	2	16	0.875	mixed
ਦਿਆਰਾਂ	6	1	7	0.857	mixed
ਦਿਆਲਗੀ	0	6	6	1.000	F
ਦਿਆਲੂ	4	0	4	1.000	M
ਦਿਉ	5	0	5	1.000	M
ਦਿਓ	17	0	17	1.000	M
ਦਿਓਤਾ	8	0	8	1.000	M
ਦਿਓਤਿਆਂ	25	0	25	1.000	M
ਦਿਓਤੇ	24	0	24	1.000	M
ਦਿਨ	1103	4	1107	0.996	M
ਦਿਨਾਂ	262	0	262	1.000	M
ਦਿਨੀਂ	19	1	20	0.950	M
ਦਿਲ	414	0	414	1.000	M
ਦਿਲਾਂ	69	1	70	0.986	M
ਦਿਲਾਸਾ	3	0	3	1.000	M
ਦਿਲਾਸੇ	7	0	7	1.000	M
ਦਿਲੀ	2	1	3	0.667	mixed
ਦਿਲੇਰੀ	0	8	8	1.000	F
ਦਿਲੋਂ	5	0	5	1.000	M
ਦਿਹਾੜੇ	20	0	20	1.000	M
ਦਿੰਦਾ	8	0	8	1.000	M
ਦਿੰਦੇ	6	0	6	1.000	M
ਦਿੰਨਾਂ	3	0	3	1.000	M
ਦਿੱਡੋਂ	4	0	4	1.000	M
ਦਿੱਤਾ	210	0	210	1.000	M
ਦਿੱਤੀ	54	4	58	0.931	mixed
ਦਿੱਤੀਆਂ	6	2	8	0.750	mixed
ਦਿੱਤੇ	42	0	42	1.000	M
ਦੀਵਾ	32	0	32	1.000	M
ਦੀਵਾਨ	4	0	4	1.000	M
ਦੀਵਿਆਂ	8	0	8	1.000	M
ਦੀਵੇ	10	0	10	1.000	M
ਦੁਆਰੇ	4	0	4	1.000	M
ਦੁਆਲੇ	88	2	90	0.978	M
ਦੁਖ	36	0	36	1.000	M
ਦੁਖਾਂ	3	0	3	1.000	M
ਦੁਰਦਸ਼ਾ	0	3	3	1.000	F
ਦੁਰਬਲਤਾਈ	0	3	3	1.000	F
ਦੁਲਹਨ	0	3	3	1.000	F
ਦੁਸ਼ਟ	3	4	7	0.571	mixed
ਦੁਸ਼ਟਤਾ	2	7	9	0.778	mixed
ਦੁਸ਼ਟਤਾਈ	0	4	4	1.000	F
ਦੁਸ਼ਮਣ	10	1	11	0.909	mixed
ਦੁਸ਼ਮਣਾਂ	5	0	5	1.000	M
ਦੁਹਾਈ	0	112	112	1.000	F
ਦੁਹਾਈਆਂ	0	3	3	1.000	F
ਦੁੱਖ	72	0	72	1.000	M
ਦੁੱਖਾਂ	15	0	15	1.000	M
ਦੁੱਗਣਾ	3	0	3	1.000	M
ਦੁੱਧ	35	0	35	1.000	M
ਦੁੱਧੀਆਂ	0	9	9	1.000	F
ਦੂਣ	1	34	35	0.971	F
ਦੂਤ	223	0	223	1.000	M
ਦੂਤਾਂ	36	0	36	1.000	M
ਦੂਤੀ	3	0	3	1.000	M
ਦੂਦਾਂ	3	0	3	1.000	M
ਦੂਦੀਆਂ	0	5	5	1.000	F
ਦੂਰ	6	1	7	0.857	mixed
ਦੂਰੀ	0	8	8	1.000	F
ਦੂਸਰੇ	5	0	5	1.000	M
ਦੇਉ	3	0	3	1.000	M
ਦੇਖ	0	5	5	1.000	F
ਦੇਖਭਾਲ	0	21	21	1.000	F
ਦੇਗਾਂ	0	3	3	1.000	F
ਦੇਣ	26	0	26	1.000	M
ਦੇਣਗੇ	6	0	6	1.000	M
ਦੇਵ	4	0	4	1.000	M
ਦੇਵਤਾ	12	0	12	1.000	M
ਦੇਵਤਿਆਂ	105	0	105	1.000	M
ਦੇਵਤੇ	57	0	57	1.000	M
ਦੇਵੀ	0	9	9	1.000	F
ਦੇਵੀਂ	5	0	5	1.000	M
ਦੇਵੇ	31	0	31	1.000	M
ਦੇਵੇਂ	6	0	6	1.000	M
ਦੇਵੇਗਾ	18	0	18	1.000	M
ਦੇਸ	658	1	659	0.998	M
ਦੇਸ਼	171	1	172	0.994	M
ਦੇਸ਼ਾਂ	3	0	3	1.000	M
ਦੇਸ਼ੋਂ	6	0	6	1.000	M
ਦੇਸਾਂ	21	0	21	1.000	M
ਦੇਸੋਂ	13	0	13	1.000	M
ਦੇਹ	10	14	24	0.583	mixed
ਦੇਹੀ	0	19	19	1.000	F
ਦੋ-ਦੋ	3	0	3	1.000	M
ਦੋਨਾਂ	3	0	3	1.000	M
ਦੋਨੋਂ	3	2	5	0.600	mixed
ਦੋਵਾਂ	6	0	6	1.000	M
ਦੋਵੇਂ	34	17	51	0.667	mixed
ਦੋਸਤ	4	0	4	1.000	M
ਦੋਸ਼	58	5	63	0.921	mixed
ਦੋਸ਼ੀ	30	0	30	1.000	M
ਦੋਹਤੀ	0	7	7	1.000	F
ਦੋਹਾਂ	100	37	137	0.730	mixed
ਦੋਹੀਂ	4	3	7	0.571	mixed
ਦੌਲਤ	0	7	7	1.000	F
ਦੌੜ	0	7	7	1.000	F
ਦ੍ਰਿਸ਼ਟ	0	5	5	1.000	F
ਦ੍ਰਿਸ਼ਟਾਂਤ	8	0	8	1.000	M
ਦ੍ਰਿਸ਼ਟੀ	0	5	5	1.000	F
ਦੰਡ	7	0	7	1.000	M
ਦੰਦ	47	0	47	1.000	M
ਦੰਦਾਂ	15	0	15	1.000	M
ਦੰਮਿਸ਼ਕ	1	2	3	0.667	mixed
ਦੱਖਣ	52	0	52	1.000	M
ਦੱਖਣੀ	2	4	6	0.667	mixed
ਦੱਬਣ	6	0	6	1.000	M
ਦੱਸਣ	6	0	6	1.000	M
ਧਗੜਿਆਂ	4	0	4	1.000	M
ਧਣੁਖ	19	1	20	0.950	M
ਧਣੁੱਖ	23	1	24	0.958	M
ਧਨ	76	0	76	1.000	M
ਧਨਵਾਨ	3	0	3	1.000	M
ਧਨੀ	6	0	6	1.000	M
ਧਰ	0	3	3	1.000	F
ਧਰਤੀ	3	195	198	0.985	F
ਧਰਮ	200	0	200	1.000	M
ਧਰਮੀ	15	1	16	0.938	mixed
ਧਾਰ	0	81	81	1.000	F
ਧਾਰਮਿਕਤਾ	2	15	17	0.882	mixed
ਧਾਰਾਂ	0	14	14	1.000	F
ਧਾਹਾਂ	0	5	5	1.000	F
ਧਿਆਨ	43	1	44	0.977	M
ਧੀ	1	432	433	0.998	F
ਧੀਆਂ	2	242	244	0.992	F
ਧੀਏ	0	5	5	1.000	F
ਧੀਓ	0	5	5	1.000	F
ਧੀਰਜ	8	2	10	0.800	mixed
ਧੁਰੇ	4	0	4	1.000	M
ਧੁੰਦ	0	6	6	1.000	F
ਧੁੰਨੀ	0	3	3	1.000	F
ਧੁੰਮ	0	17	17	1.000	F
ਧੁੱਪ	0	10	10	1.000	F
ਧੂਪ	1	29	30	0.967	F
ਧੂਪਦਾਨ	10	0	10	1.000	M
ਧੂਪਦਾਨੀ	0	3	3	1.000	F
ਧੂੜ	0	41	41	1.000	F
ਧੂੜਕੋਟ	5	0	5	1.000	M
ਧੂੰਆਂ	18	0	18	1.000	M
ਧੂੰਏਂ	4	0	4	1.000	M
ਧੋਖਾ	4	0	4	1.000	M
ਧੋਖੇ	5	1	6	0.833	mixed
ਧੌਣ	2	43	45	0.956	F
ਧੌਣਾਂ	0	14	14	1.000	F
ਧੌਲੇ	4	0	4	1.000	M
ਧੰਦੇ	5	0	5	1.000	M
ਧੰਨ	6	0	6	1.000	M
ਧੰਨਵਾਦ	197	1	198	0.995	M
ਨਕਲ	0	13	13	1.000	F
ਨਕਸ਼ਾ	6	0	6	1.000	M
ਨਕੇਲ	0	4	4	1.000	F
ਨਗਰ	92	0	92	1.000	M
ਨਗਰਾਂ	35	0	35	1.000	M
ਨਗਰੀ	0	8	8	1.000	F
ਨਜਰ	0	3	3	1.000	F
ਨਜ਼ਦੀਕ	8	0	8	1.000	M
ਨਜ਼ਦੀਕੀ	5	5	10	0.500	mixed
ਨਜ਼ਰ	1	46	47	0.979	F
ਨਜ਼ਰਾਂ	0	15	15	1.000	F
ਨਜ਼ਰਾਨਾ	6	0	6	1.000	M
ਨਜ਼ਰਾਨੇ	5	0	5	1.000	M
ਨਜ਼ੀਰ	5	0	5	1.000	M
ਨਤੀਜਾ	3	0	3	1.000	M
ਨਦੀ	1	34	35	0.971	F
ਨਦੀਆਂ	1	38	39	0.974	F
ਨਬੀ	31	0	31	1.000	M
ਨਬੀਆਂ	58	1	59	0.983	M
ਨਬੇੜਾ	6	0	6	1.000	M
ਨਮਿਤ	5	0	5	1.000	M
ਨਮਿੱਤ	81	0	81	1.000	M
ਨਮੂਨਾ	7	0	7	1.000	M
ਨਮੂਨੇ	12	0	12	1.000	M
ਨਮੋਸ਼ੀ	0	17	17	1.000	F
ਨਰ	8	0	8	1.000	M
ਨਰਕ	4	0	4	1.000	M
ਨਰਮਾਈ	0	4	4	1.000	F
ਨਲ	7	0	7	1.000	M
ਨਵੇਂ	5	0	5	1.000	M
ਨਸਲ	0	49	49	1.000	F
ਨਸ਼ਾ	3	0	3	1.000	M
ਨਹਿਰਾਂ	0	6	6	1.000	F
ਨਹੀਂ	83	74	157	0.529	mixed
ਨਾਂ	22	0	22	1.000	M
ਨਾਂਹ	0	3	3	1.000	F
ਨਾਉ	10	0	10	1.000	M
ਨਾਉਂ	447	0	447	1.000	M
ਨਾਓਂ	12	0	12	1.000	M
ਨਾਚ	5	0	5	1.000	M
ਨਾਨਾ	3	0	3	1.000	M
ਨਾਪ	12	0	12	1.000	M
ਨਾਮ	1441	0	1441	1.000	M
ਨਾਮਾਂ	34	0	34	1.000	M
ਨਾਯੋਥ	9	0	9	1.000	M
ਨਾਰਾ	4	0	4	1.000	M
ਨਾਰੇ	4	0	4	1.000	M
ਨਾਲ-ਨਾਲ	29	0	29	1.000	M
ਨਾਲੀ	0	3	3	1.000	F
ਨਾਲੀਆਂ	0	7	7	1.000	F
ਨਾਲੇ	52	0	52	1.000	M
ਨਾਲੋ	3	0	3	1.000	M
ਨਾਲੋਂ	121	1	122	0.992	M
ਨਾਵਾਂ	10	0	10	1.000	M
ਨਾਸ	274	0	274	1.000	M
ਨਾਸਰਤ	6	0	6	1.000	M
ਨਾਸ਼	10	0	10	1.000	M
ਨਾਸਾਂ	0	24	24	1.000	F
ਨਾੜਾਂ	0	5	5	1.000	F
ਨਿਆਂ	216	0	216	1.000	M
ਨਿਆਂਈਆਂ	9	0	9	1.000	M
ਨਿਆਂਵਾਂ	17	0	17	1.000	M
ਨਿਆਈ	14	4	18	0.778	mixed
ਨਿਆਈਂ	20	48	68	0.706	mixed
ਨਿਆਈਆਂ	5	0	5	1.000	M
ਨਿਆਉ	3	0	3	1.000	M
ਨਿਆਉਂ	185	0	185	1.000	M
ਨਿਆਉਂਕਾਰਾਂ	3	0	3	1.000	M
ਨਿਆਓ	2	1	3	0.667	mixed
ਨਿਆਣਿਆਂ	10	0	10	1.000	M
ਨਿਆਣੇ	18	0	18	1.000	M
ਨਿਆਵਾਂ	21	1	22	0.955	M
ਨਿਉਂ	0	11	11	1.000	F
ਨਿਗਾਹ	2	396	398	0.995	F
ਨਿਗਾਹਬਾਨੀ	0	4	4	1.000	F
ਨਿਜ	2	2	4	0.500	mixed
ਨਿਯਂਤ੍ਰਣ	3	0	3	1.000	M
ਨਿਯਮ	4	0	4	1.000	M
ਨਿਯਮਾਂ	7	0	7	1.000	M
ਨਿਯੁਕਤ	8	0	8	1.000	M
ਨਿਰਣਾ	28	0	28	1.000	M
ਨਿਰਣੇ	3	0	3	1.000	M
ਨਿਰਨਾ	5	0	5	1.000	M
ਨਿਰਬਲਤਾਈਆਂ	0	4	4	1.000	F
ਨਿਰਮਲ	2	3	5	0.600	mixed
ਨਿਰਾਦਰ	19	0	19	1.000	M
ਨਿਰਾਦਰੀ	0	20	20	1.000	F
ਨਿਵਾਸ	25	0	25	1.000	M
ਨਿਵਾਸੀ	6	0	6	1.000	M
ਨਿਸਤਾਰਾ	19	0	19	1.000	M
ਨਿਸਤਾਰੇ	9	0	9	1.000	M
ਨਿਸ਼ਾ	0	5	5	1.000	F
ਨਿਸ਼ਾਨ	45	0	45	1.000	M
ਨਿਸ਼ਾਨਾ	9	0	9	1.000	M
ਨਿਸ਼ਾਨਾਂ	12	0	12	1.000	M
ਨਿਸ਼ਾਨੀ	0	4	4	1.000	F
ਨਿਸ਼ਾਨੇ	8	0	8	1.000	M
ਨਿਹਚਾ	1	54	55	0.982	F
ਨਿੰਦਕਾਂ	4	0	4	1.000	M
ਨਿੰਦਿਆ	0	72	72	1.000	F
ਨਿੰਦਿਆਂ	0	3	3	1.000	F
ਨਿੱਕਲ	2	3	5	0.600	mixed
ਨਿੱਕਲਣ	4	0	4	1.000	M
ਨਿੱਕਲਣਾ	3	0	3	1.000	M
ਨਿੱਕਲਿਆ	4	0	4	1.000	M
ਨਿੱਕਲੀ	0	8	8	1.000	F
ਨਿੱਕਾ	10	0	10	1.000	M
ਨਿੱਕੇ	14	0	14	1.000	M
ਨਿੱਜ	7	6	13	0.538	mixed
ਨਿੱਜ-ਪਰਜਾ	0	5	5	1.000	F
ਨਿੱਜ-ਭਾਗ	7	1	8	0.875	mixed
ਨਿੱਜ-ਭੂਮੀ	0	5	5	1.000	F
ਨੀਂਦ	1	26	27	0.963	F
ਨੀਂਹ	3	59	62	0.952	F
ਨੀਂਹਾਂ	0	8	8	1.000	F
ਨੀਉਂ	0	8	8	1.000	F
ਨੀਤ	0	6	6	1.000	F
ਨੀਲੇ	3	2	5	0.600	mixed
ਨੀਹਾਂ	0	32	32	1.000	F
ਨੁਕਸਾਨ	22	0	22	1.000	M
ਨੁੱਕਰ	0	12	12	1.000	F
ਨੁੱਕਰਾਂ	0	12	12	1.000	F
ਨੂਹਾਂ	0	4	4	1.000	F
ਨੂੰਹ	0	28	28	1.000	F
ਨੂੰਹਾਂ	0	6	6	1.000	F
ਨੇਕ	8	5	13	0.615	mixed
ਨੇਕਨਾਮੀ	0	3	3	1.000	F
ਨੇਤਰ	4	0	4	1.000	M
ਨੇਤਰਾਂ	4	0	4	1.000	M
ਨੇਮ	310	0	310	1.000	M
ਨੇੜੇ-ਤੇੜੇ	4	0	4	1.000	M
ਨੇੜ੍ਹੇ	6	0	6	1.000	M
ਨੋਕ	0	4	4	1.000	F
ਨੌਂਹ	3	0	3	1.000	M
ਨੌਕਰ	43	0	43	1.000	M
ਨੌਕਰਾਂ	50	0	50	1.000	M
ਨੌਕਰੀ	0	5	5	1.000	F
ਨੌਵੇਂ	18	0	18	1.000	M
ਨੰਗੇ	4	0	4	1.000	M
ਨੰਗੇਜ	42	0	42	1.000	M
ਨੰਗੇਜ਼	50	0	50	1.000	M
ਨੱਕ	23	1	24	0.958	M
ਨੱਕੇ	6	0	6	1.000	M
ਪਈ	0	4	4	1.000	F
ਪਕਾਇਆ	3	0	3	1.000	M
ਪਖ	4	0	4	1.000	M
ਪਗੜੀ	0	5	5	1.000	F
ਪਛਾਣ	0	16	16	1.000	F
ਪਛਾੜੀ	4	0	4	1.000	M
ਪਟੜੀਆਂ	0	8	8	1.000	F
ਪਤ	2	15	17	0.882	mixed
ਪਤਨੀ	1	322	323	0.997	F
ਪਤਨੀਆਂ	0	44	44	1.000	F
ਪਤਵੰਤ	8	2	10	0.800	mixed
ਪਤਵੰਤਾਂ	7	0	7	1.000	M
ਪਤਵੰਤਿਆਂ	4	0	4	1.000	M
ਪਤਵੰਤੇ	3	0	3	1.000	M
ਪਤਾ	29	0	29	1.000	M
ਪਤਾਲ	6	0	6	1.000	M
ਪਤੀ	145	2	147	0.986	M
ਪਤੀਆਂ	15	0	15	1.000	M
ਪਤੀਰੀ	0	7	7	1.000	F
ਪਦਵੀ	0	39	39	1.000	F
ਪਦਾਰਥ	11	0	11	1.000	M
ਪਦਾਰਥਾਂ	13	0	13	1.000	M
ਪਨਾਹ	6	36	42	0.857	mixed
ਪਨਾਹਗਾਰ	0	5	5	1.000	F
ਪਨਾਹਗਾਹ	0	3	3	1.000	F
ਪਰਕਾਸ਼	26	0	26	1.000	M
ਪਰਖ	0	9	9	1.000	F
ਪਰਖਣ	6	0	6	1.000	M
ਪਰਗਟ	5	0	5	1.000	M
ਪਰਚਾਰ	99	0	99	1.000	M
ਪਰਚਾਰਕ	7	0	7	1.000	M
ਪਰਚੀ	0	6	6	1.000	F
ਪਰਛਾਂਵੇ	3	0	3	1.000	M
ਪਰਛਾਵਾਂ	11	0	11	1.000	M
ਪਰਛਾਵੇਂ	5	0	5	1.000	M
ਪਰਜਾ	2	705	707	0.997	F
ਪਰਤ	0	21	21	1.000	F
ਪਰਤਾਉਣ	9	0	9	1.000	M
ਪਰਤਾਪ	159	0	159	1.000	M
ਪਰਤਾਪਵਾਨ	2	2	4	0.500	mixed
ਪਰਤਾਵਾ	9	0	9	1.000	M
ਪਰਤਾਵਿਆਂ	3	0	3	1.000	M
ਪਰਤਾਵੇ	3	0	3	1.000	M
ਪਰਤੀਤ	0	33	33	1.000	F
ਪਰਦਾ	14	0	14	1.000	M
ਪਰਦਿਆਂ	8	0	8	1.000	M
ਪਰਦੇ	7	0	7	1.000	M
ਪਰਦੇਸੀ	10	0	10	1.000	M
ਪਰਧਾਨ	51	0	51	1.000	M
ਪਰਧਾਨਾਂ	14	1	15	0.933	mixed
ਪਰਨਾਮ	4	0	4	1.000	M
ਪਰਬ	102	0	102	1.000	M
ਪਰਬਤ	146	3	149	0.980	M
ਪਰਬਤਾਂ	15	0	15	1.000	M
ਪਰਬਤੋ	3	0	3	1.000	M
ਪਰਬਤੋਂ	6	0	6	1.000	M
ਪਰਬਾਂ	8	0	8	1.000	M
ਪਰਮਾਣ	9	0	9	1.000	M
ਪਰਮੁਖ	4	0	4	1.000	M
ਪਰਮੇਸ਼ੁਰ	2862	5	2867	0.998	M
ਪਰਲੇ	11	0	11	1.000	M
ਪਰਲੋ	0	6	6	1.000	F
ਪਰਵਾਨਗੀ	0	11	11	1.000	F
ਪਰਵਾਰ	8	0	8	1.000	M
ਪਰਵਾਹ	1	20	21	0.952	F
ਪਰਸੰਨਤਾ	0	3	3	1.000	F
ਪਰਾਂ	15	0	15	1.000	M
ਪਰਾਈਆਂ	0	5	5	1.000	F
ਪਰਾਚੀਨ	4	0	4	1.000	M
ਪਰਾਸਚਿਤ	14	0	14	1.000	M
ਪਰਿਵਾਰ	55	0	55	1.000	M
ਪਰਿਵਾਰਾਂ	5	0	5	1.000	M
ਪਰੇ	3	0	3	1.000	M
ਪਰੋਜਨ	14	0	14	1.000	M
ਪਰੋਹਤ	6	0	6	1.000	M
ਪਲਕਾਂ	0	19	19	1.000	F
ਪਲੀਤ	0	3	3	1.000	F
ਪਲੀਤੀ	0	6	6	1.000	F
ਪਲੀਤੀਆਂ	0	3	3	1.000	F
ਪਲੋਠਾ	5	0	5	1.000	M
ਪਲੋਠਿਆਂ	3	0	3	1.000	M
ਪਲੋਠੇ	11	0	11	1.000	M
ਪਲੌਠਾ	17	0	17	1.000	M
ਪਲੌਠੇ	21	0	21	1.000	M
ਪਲੰਘ	18	0	18	1.000	M
ਪਵਿਤ੍ਰ	3	0	3	1.000	M
ਪਵਿੱਤਰਤਾਈ	0	20	20	1.000	F
ਪਵਿੱਤ੍ਰ	45	8	53	0.849	mixed
ਪਸਲੀਆਂ	0	4	4	1.000	F
ਪਸ਼ੂ	24	0	24	1.000	M
ਪਸ਼ੂਆਂ	46	0	46	1.000	M
ਪਸਾਹ	17	5	22	0.773	mixed
ਪਸੂ	10	0	10	1.000	M
ਪਸੂਆਂ	11	0	11	1.000	M
ਪਹਾੜ	127	1	128	0.992	M
ਪਹਾੜਾ	4	0	4	1.000	M
ਪਹਾੜਾਂ	24	0	24	1.000	M
ਪਹਾੜੀ	29	11	40	0.725	mixed
ਪਹਿਆਂ	5	0	5	1.000	M
ਪਹਿਚਾਣ	1	2	3	0.667	mixed
ਪਹਿਰਾਂ	4	0	4	1.000	M
ਪਹਿਰਾਵਾ	8	0	8	1.000	M
ਪਹਿਰੇ	9	0	9	1.000	M
ਪਹਿਰੇਦਾਰਾਂ	7	0	7	1.000	M
ਪਹਿਲਾਂ	9	0	9	1.000	M
ਪਹਿਲੌਠਾ	35	0	35	1.000	M
ਪਹਿਲੌਠਿਆਂ	6	0	6	1.000	M
ਪਹਿਲੌਠੇ	43	0	43	1.000	M
ਪਹੀਆ	4	0	4	1.000	M
ਪਹੀਆਂ	3	0	3	1.000	M
ਪਹੀਏ	10	0	10	1.000	M
ਪਹੁੰਚ	0	8	8	1.000	F
ਪਹੇ	5	0	5	1.000	M
ਪਾਏਦਾਨ	4	0	4	1.000	M
ਪਾਣੀ	133	1	134	0.993	M
ਪਾਣੀਆਂ	42	0	42	1.000	M
ਪਾਤਸ਼ਾਹ	804	1	805	0.999	M
ਪਾਤਸ਼ਾਹਾਂ	105	3	108	0.972	M
ਪਾਤਸ਼ਾਹੀ	1	47	48	0.979	F
ਪਾਤਸ਼ਾਹੀਆਂ	0	6	6	1.000	F
ਪਾਤਸ਼ਾਹੋ	4	0	4	1.000	M
ਪਾਪ	298	9	307	0.971	M
ਪਾਪਾਂ	135	1	136	0.993	M
ਪਾਪੀ	12	0	12	1.000	M
ਪਾਪੜੀ	0	7	7	1.000	F
ਪਾਰ	106	10	116	0.914	mixed
ਪਾਰੋਂ	8	0	8	1.000	M
ਪਾਲ	4	2	6	0.667	mixed
ਪਾਲਣ	9	0	9	1.000	M
ਪਾਲਣਾ	0	131	131	1.000	F
ਪਾਲਨਾ	0	192	192	1.000	F
ਪਾਲਾਂ	0	14	14	1.000	F
ਪਾਲੀ	6	0	6	1.000	M
ਪਾਲੀਆਂ	4	0	4	1.000	M
ਪਾਲੇ	4	0	4	1.000	M
ਪਾਸਾ	5	0	5	1.000	M
ਪਾਸਿਆਂ	6	0	6	1.000	M
ਪਾਸਿਓਂ	4	0	4	1.000	M
ਪਾਸੇ	59	0	59	1.000	M
ਪਾਸੋਂ	13	0	13	1.000	M
ਪਿਆਰ	51	1	52	0.981	M
ਪਿਆਰਾ	32	0	32	1.000	M
ਪਿਆਰਿਆਂ	3	0	3	1.000	M
ਪਿਆਰਿਓ	5	0	5	1.000	M
ਪਿਆਰੀ	0	17	17	1.000	F
ਪਿਆਰੇ	47	0	47	1.000	M
ਪਿਆਲਾ	22	0	22	1.000	M
ਪਿਆਲੇ	10	0	10	1.000	M
ਪਿਆਸ	0	5	5	1.000	F
ਪਿਉ	556	0	556	1.000	M
ਪਿਉ-ਦਾਦਿਆਂ	29	0	29	1.000	M
ਪਿਉ-ਦਾਦੇ	25	0	25	1.000	M
ਪਿਉਦਾਦਿਆਂ	7	0	7	1.000	M
ਪਿਓ	61	0	61	1.000	M
ਪਿਛਲੀ	2	1	3	0.667	mixed
ਪਿਛਲੇ	12	1	13	0.923	mixed
ਪਿਛਵਾੜੇ	12	0	12	1.000	M
ਪਿਛਾ	5	0	5	1.000	M
ਪਿਛੇ	7	0	7	1.000	M
ਪਿਛੋਂ	10	0	10	1.000	M
ਪਿਤਰਾਂ	23	0	23	1.000	M
ਪਿਤਾ	1406	0	1406	1.000	M
ਪਿਤਾਵਾਂ	18	0	18	1.000	M
ਪਿਤ੍ਰਾਂ	50	0	50	1.000	M
ਪਿਰਤਪਾਲ	0	4	4	1.000	F
ਪਿੜ	36	0	36	1.000	M
ਪਿੰਡ	61	0	61	1.000	M
ਪਿੰਡਾ	3	0	3	1.000	M
ਪਿੰਡਾਂ	53	0	53	1.000	M
ਪਿੰਡੇ	3	0	3	1.000	M
ਪਿੰਨੀਆਂ	1	3	4	0.750	mixed
ਪਿੱਛਲੇ	7	0	7	1.000	M
ਪਿੱਛਾ	210	0	210	1.000	M
ਪਿੱਛੇ-ਪਿੱਛੇ	27	0	27	1.000	M
ਪਿੱਛੋ	6	0	6	1.000	M
ਪਿੱਠ	1	46	47	0.979	F
ਪਿੱਤਲ	10	6	16	0.625	mixed
ਪੀਣ	47	10	57	0.825	mixed
ਪੀਣਾ	3	0	3	1.000	M
ਪੀੜ	1	16	17	0.941	mixed
ਪੀੜਾਂ	0	17	17	1.000	F
ਪੀੜੀਆਂ	0	9	9	1.000	F
ਪੀੜ੍ਹੀ	0	22	22	1.000	F
ਪੀੜ੍ਹੀਆਂ	0	68	68	1.000	F
ਪੀੜ੍ਹੀਓਂ	0	12	12	1.000	F
ਪੁਕਾਰ	0	9	9	1.000	F
ਪੁਜਾਰੀ	16	0	16	1.000	M
ਪੁਤ੍ਰ	5	0	5	1.000	M
ਪੁਤ੍ਰਾਂ	6	0	6	1.000	M
ਪੁਰਖ	8	0	8	1.000	M
ਪੁਰਖਾ	3	0	3	1.000	M
ਪੁਰਖਾਂ	5	0	5	1.000	M
ਪੁਰਖਿਆਂ	364	0	364	1.000	M
ਪੁਰਖੇ	10	0	10	1.000	M
ਪੁਰਾਣੀ	0	4	4	1.000	F
ਪੁਰੋਹਿਤ	8	0	8	1.000	M
ਪੁਸਤਕ	6	25	31	0.806	mixed
ਪੁਸ਼ਾਕ	0	12	12	1.000	F
ਪੁਸ਼ਾਕਾਂ	0	3	3	1.000	F
ਪੁੜ	11	0	11	1.000	M
ਪੁੜਪੁੜੀ	0	6	6	1.000	F
ਪੁੱਛ	1	5	6	0.833	mixed
ਪੁੱਛਣ	4	0	4	1.000	M
ਪੁੱਛੇ	0	4	4	1.000	F
ਪੁੱਛੋ	0	4	4	1.000	F
ਪੁੱਜ	0	3	3	1.000	F
ਪੁੱਠੇ	3	0	3	1.000	M
ਪੁੱਤ	3	0	3	1.000	M
ਪੁੱਤਰ	2774	0	2774	1.000	M
ਪੁੱਤਰਾਂ	494	0	494	1.000	M
ਪੁੱਤਰੋ	11	0	11	1.000	M
ਪੁੱਤ੍ਰ	2071	0	2071	1.000	M
ਪੁੱਤ੍ਰਾਂ	395	0	395	1.000	M
ਪੁੱਤ੍ਰੀ	0	4	4	1.000	F
ਪੁੱਤ੍ਰੋ	9	0	9	1.000	M
ਪੁੱੱਤ੍ਰ	19	0	19	1.000	M
ਪੂਛ	0	6	6	1.000	F
ਪੂਛਾਂ	0	4	4	1.000	F
ਪੂਜਾ	1	139	140	0.993	F
ਪੂਰਬ	24	2	26	0.923	mixed
ਪੂਰਬੀ	6	2	8	0.750	mixed
ਪੂਰਾ	41	0	41	1.000	M
ਪੂਰੀ	6	29	35	0.829	mixed
ਪੂਰੇ	25	0	25	1.000	M
ਪੂਲਾ	3	0	3	1.000	M
ਪੂੰਛਾਂ	0	4	4	1.000	F
ਪੇਟ	15	0	15	1.000	M
ਪੇਟੀ	0	23	23	1.000	F
ਪੇਵਾਂ	3	0	3	1.000	M
ਪੈਂਡਾ	10	0	10	1.000	M
ਪੈਂਡੇ	6	0	6	1.000	M
ਪੈਛੜ	0	3	3	1.000	F
ਪੈਦਾਵਾਰ	0	32	32	1.000	F
ਪੈਰ	221	0	221	1.000	M
ਪੈਰਾਂ	210	0	210	1.000	M
ਪੈਰੀਂ	22	1	23	0.957	M
ਪੈਰੋਂ	4	0	4	1.000	M
ਪੈਲੀ	0	31	31	1.000	F
ਪੈਲੀਆਂ	0	12	12	1.000	F
ਪੈਸਾ	5	0	5	1.000	M
ਪੋਟਾ	3	0	3	1.000	M
ਪੋਤਰਾ	9	0	9	1.000	M
ਪੋਤਰਿਆਂ	3	0	3	1.000	M
ਪੋਤਰੇ	20	0	20	1.000	M
ਪੋਤਾ	30	0	30	1.000	M
ਪੋਤੇ	45	0	45	1.000	M
ਪੋਤ੍ਰਾ	10	0	10	1.000	M
ਪੋਤ੍ਰੇ	9	0	9	1.000	M
ਪੋਥੀ	1	182	183	0.995	F
ਪੋਥੀਆਂ	1	2	3	0.667	mixed
ਪੌਣ	0	6	6	1.000	F
ਪੌਥੀ	0	6	6	1.000	F
ਪੌਲਾ	4	0	4	1.000	M
ਪੌਲੁਸ	4	1	5	0.800	mixed
ਪੌੜੀ	0	7	7	1.000	F
ਪ੍ਰਕਾਸ਼	6	0	6	1.000	M
ਪ੍ਰਗਟ	5	0	5	1.000	M
ਪ੍ਰਚਾਰ	36	0	36	1.000	M
ਪ੍ਰਜਾਤੀ	0	21	21	1.000	F
ਪ੍ਰਤਾਪ	16	0	16	1.000	M
ਪ੍ਰਧਾਨ	114	0	114	1.000	M
ਪ੍ਰਧਾਨਾਂ	16	0	16	1.000	M
ਪ੍ਰਬੰਧ	4	0	4	1.000	M
ਪ੍ਰਬੰਧਕ	11	0	11	1.000	M
ਪ੍ਰਭੁ	91	2	93	0.978	M
ਪ੍ਰਭੂ	183	1	184	0.995	M
ਪ੍ਰਮਾਣ	7	0	7	1.000	M
ਪ੍ਰਮੇਹ	12	1	13	0.923	mixed
ਪ੍ਰਸ਼ੰਸਾ	0	5	5	1.000	F
ਪ੍ਰਸੰਨਤਾ	0	6	6	1.000	F
ਪ੍ਰਾਚੀਨ	3	0	3	1.000	M
ਪ੍ਰਾਣ	54	1	55	0.982	M
ਪ੍ਰਾਣਾਂ	37	0	37	1.000	M
ਪ੍ਰਾਣੀਆਂ	5	0	5	1.000	M
ਪ੍ਰਾਪਤ	3	0	3	1.000	M
ਪ੍ਰਾਪਤੀ	0	11	11	1.000	F
ਪ੍ਰਾਰਥਨਾ	19	87	106	0.821	mixed
ਪ੍ਰਾਰਥਨਾਂ	0	17	17	1.000	F
ਪ੍ਰਾਰਥਨਾਵਾਂ	0	11	11	1.000	F
ਪ੍ਰਾਸਚਿਤ	29	0	29	1.000	M
ਪ੍ਰਾਸਚਿੱਤ	4	1	5	0.800	mixed
ਪ੍ਰਾਹੁਣਚਾਰੀ	0	3	3	1.000	F
ਪ੍ਰੀਖਿਆ	0	11	11	1.000	F
ਪ੍ਰੀਤ	2	9	11	0.818	mixed
ਪ੍ਰੀਤਮ	5	0	5	1.000	M
ਪ੍ਰੀਤਮਾ	0	25	25	1.000	F
ਪ੍ਰੇਮ	65	1	66	0.985	M
ਪ੍ਰੇਮੀ	28	0	28	1.000	M
ਪ੍ਰੇਮੀਆਂ	15	0	15	1.000	M
ਪੜਤਾਲ	0	4	4	1.000	F
ਪੜਦਾ	20	0	20	1.000	M
ਪੜਦੇ	17	0	17	1.000	M
ਪੜਪੋਤਾ	8	0	8	1.000	M
ਪੜਪੋਤੇ	3	0	3	1.000	M
ਪੜੋਤਾ	4	0	4	1.000	M
ਪੜ੍ਹਨ	3	0	3	1.000	M
ਪੜ੍ਹਾਉਣ	4	0	4	1.000	M
ਪੰਖੇਰੂ	4	0	4	1.000	M
ਪੰਚਾਇਤ	0	3	3	1.000	F
ਪੰਛੀ	37	0	37	1.000	M
ਪੰਛੀਆਂ	45	0	45	1.000	M
ਪੰਜ	23	11	34	0.676	mixed
ਪੰਜਵਾਂ	7	0	7	1.000	M
ਪੰਜਵੀ	0	3	3	1.000	F
ਪੰਜਵੀਂ	0	4	4	1.000	F
ਪੰਜਵੇਂ	16	0	16	1.000	M
ਪੰਜਾਂ	8	0	8	1.000	M
ਪੰਜਾਹ	4	0	4	1.000	M
ਪੰਜਾਹਾਂ	14	0	14	1.000	M
ਪੰਜੇ	6	0	6	1.000	M
ਪੰਥ	7	0	7	1.000	M
ਪੰਦਰਵੀਂ	0	7	7	1.000	F
ਪੰਦਰਵੇਂ	19	0	19	1.000	M
ਪੰਦਰਾਂ	2	1	3	0.667	mixed
ਪੰਧ੍ਰਵੀ	0	4	4	1.000	F
ਪੱਕਾ	16	0	16	1.000	M
ਪੱਕੀ	0	5	5	1.000	F
ਪੱਕੀਆਂ	0	4	4	1.000	F
ਪੱਕੇ	3	0	3	1.000	M
ਪੱਖ	22	2	24	0.917	mixed
ਪੱਖਪਾਤ	17	1	18	0.944	mixed
ਪੱਖਵਾਦੀ	0	3	3	1.000	F
ਪੱਚੀ	1	2	3	0.667	mixed
ਪੱਛਮ	5	1	6	0.833	mixed
ਪੱਟ	27	0	27	1.000	M
ਪੱਟਾਂ	7	0	7	1.000	M
ਪੱਟੀ	4	1	5	0.800	mixed
ਪੱਟੀਆਂ	0	15	15	1.000	F
ਪੱਠਿਆਂ	4	0	4	1.000	M
ਪੱਠੇ	7	0	7	1.000	M
ਪੱਤਣ	4	0	4	1.000	M
ਪੱਤਰ	5	0	5	1.000	M
ਪੱਤੀ	0	23	23	1.000	F
ਪੱਤੇ	18	0	18	1.000	M
ਪੱਤ੍ਰੀ	0	8	8	1.000	F
ਪੱਥਰ	54	1	55	0.982	M
ਪੱਥਰਾਂ	25	0	25	1.000	M
ਪੱਲਾ	27	0	27	1.000	M
ਪੱਲੇ	29	0	29	1.000	M
ਫਤਹ	0	5	5	1.000	F
ਫਰਜ਼	8	2	10	0.800	mixed
ਫਰਜ਼ਾਂ	3	0	3	1.000	M
ਫਰਮਾਨ	5	0	5	1.000	M
ਫਰਮਾਨਾਂ	6	0	6	1.000	M
ਫਰਸ਼	8	0	8	1.000	M
ਫਰਿਆਦ	0	4	4	1.000	F
ਫਲ	298	0	298	1.000	M
ਫਲਦਾਰ	0	6	6	1.000	F
ਫਲਾਂ	29	0	29	1.000	M
ਫਸਲ	0	6	6	1.000	F
ਫ਼ਰਜ਼	5	0	5	1.000	M
ਫ਼ਰਮਾਨ	15	0	15	1.000	M
ਫ਼ਰਮਾਨਾਂ	30	0	30	1.000	M
ਫ਼ਰਸ਼	4	0	4	1.000	M
ਫ਼ਰਿਆਦ	0	3	3	1.000	F
ਫ਼ਲ	12	0	12	1.000	M
ਫ਼ਲਾਂ	4	1	5	0.800	mixed
ਫ਼ਸਲ	0	28	28	1.000	F
ਫ਼ਸੀਲ	0	3	3	1.000	F
ਫ਼ਾਲ	4	1	5	0.800	mixed
ਫ਼ਾਸਲਾ	5	0	5	1.000	M
ਫ਼ੈਸਲਾ	21	0	21	1.000	M
ਫ਼ੈਸਲੇ	3	0	3	1.000	M
ਫ਼ੌਜ	0	19	19	1.000	F
ਫ਼ੌਜਾਂ	0	9	9	1.000	F
ਫਾਟਕ	201	2	203	0.990	M
ਫਾਟਕਾਂ	122	1	123	0.992	M
ਫਾਹੀ	0	15	15	1.000	F
ਫਿਰ	5	0	5	1.000	M
ਫੁਲਕੇ	6	0	6	1.000	M
ਫੁਹਾਰਾਂ	0	4	4	1.000	F
ਫੁੱਲ	21	0	21	1.000	M
ਫੁੱਲਾਂ	23	0	23	1.000	M
ਫੂਕ	0	5	5	1.000	F
ਫੇਰ	11	5	16	0.688	mixed
ਫੈਲਾਉਣ	4	0	4	1.000	M
ਫੈਲਾਓ	39	0	39	1.000	M
ਫੈਸਲਾ	14	0	14	1.000	M
ਫੋਗ	4	0	4	1.000	M
ਫੌਜ	0	54	54	1.000	F
ਫੌਜਾਂ	0	6	6	1.000	F
ਫੜਨ	10	0	10	1.000	M
ਫੜਵਾਉਣ	15	0	15	1.000	M
ਫੰਦੇ	5	0	5	1.000	M
ਫੰਬਾ	6	0	6	1.000	M
ਫੰਬੇ	6	0	6	1.000	M
ਫੱਕਣਾ	16	0	16	1.000	M
ਫੱਟ	14	0	14	1.000	M
ਫੱਟਾਂ	14	0	14	1.000	M
ਫੱਟਿਆਂ	6	1	7	0.857	mixed
ਫੱਟੀਆਂ	0	18	18	1.000	F
ਫੱਟੇ	17	0	17	1.000	M
ਬਆਲ	3	0	3	1.000	M
ਬਕੀਆ	23	0	23	1.000	M
ਬਕੀਏ	49	0	49	1.000	M
ਬਖ਼ਸ਼ੀਸ਼	0	3	3	1.000	F
ਬਘਿਆੜ	3	0	3	1.000	M
ਬਚਨ	836	0	836	1.000	M
ਬਚਨਾਂ	50	0	50	1.000	M
ਬਚਪਨ	3	0	3	1.000	M
ਬਚਾਉ	12	0	12	1.000	M
ਬਚਾਉਣ	36	1	37	0.973	M
ਬਚਾਓ	89	1	90	0.989	M
ਬਚਿਆ	3	0	3	1.000	M
ਬਚਿਆਂ	12	0	12	1.000	M
ਬਚੇ	39	0	39	1.000	M
ਬਜ਼ੁਰਗ	64	0	64	1.000	M
ਬਜ਼ੁਰਗਾ	3	0	3	1.000	M
ਬਜ਼ੁਰਗਾਂ	99	1	100	0.990	M
ਬਜ਼ੁਰਗੀ	0	9	9	1.000	F
ਬਜਾਇ	0	3	3	1.000	F
ਬਜਾਏ	0	5	5	1.000	F
ਬਜੁਰਗ	4	0	4	1.000	M
ਬਜੁਰਗਾਂ	7	0	7	1.000	M
ਬਣ	7	3	10	0.700	mixed
ਬਣਤ	0	14	14	1.000	F
ਬਣਾਇਆ	22	0	22	1.000	M
ਬਣਾਈ	0	10	10	1.000	F
ਬਣਾਈਂ	20	19	39	0.513	mixed
ਬਣਾਈਆਂ	0	11	11	1.000	F
ਬਣਾਉਂਦਾ	4	0	4	1.000	M
ਬਣਾਉਣ	42	0	42	1.000	M
ਬਣਾਉਣਾ	4	0	4	1.000	M
ਬਣਾਏ	34	0	34	1.000	M
ਬਣਾਵਟ	0	5	5	1.000	F
ਬਣਿਆ	8	0	8	1.000	M
ਬਣੀ	0	8	8	1.000	F
ਬਥ	4	0	4	1.000	M
ਬਦਨ	6	0	6	1.000	M
ਬਦਨਾਮੀ	0	22	22	1.000	F
ਬਦਲਾ	153	0	153	1.000	M
ਬਦੀ	2	197	199	0.990	F
ਬਦੀਆਂ	0	62	62	1.000	F
ਬਨਰੀ	0	6	6	1.000	F
ਬਨੇਰੀ	0	20	20	1.000	F
ਬਪਤਿਸਮਾ	23	0	23	1.000	M
ਬਪਤਿਸਮੇ	7	0	7	1.000	M
ਬਰਕਤ	0	29	29	1.000	F
ਬਰਕਤਾਂ	0	13	13	1.000	F
ਬਰਛਾ	6	0	6	1.000	M
ਬਰਛਿਆਂ	3	0	3	1.000	M
ਬਰਛੀ	0	13	13	1.000	F
ਬਰਛੀਆਂ	1	3	4	0.750	mixed
ਬਰਛੇ	13	0	13	1.000	M
ਬਰਫ਼	0	4	4	1.000	F
ਬਰਬਤ	0	3	3	1.000	F
ਬਰਬਤਾਂ	0	6	6	1.000	F
ਬਰਬਾਦ	3	1	4	0.750	mixed
ਬਰਬਾਦੀ	0	26	26	1.000	F
ਬਰਾਂਡਿਆਂ	4	0	4	1.000	M
ਬਰਾਂਡੇ	4	0	4	1.000	M
ਬਰਾਬਰ	40	0	40	1.000	M
ਬਲ	196	0	196	1.000	M
ਬਲਦ	28	0	28	1.000	M
ਬਲਦੀ	0	16	16	1.000	F
ਬਲਵਾਨ	4	0	4	1.000	M
ਬਲਵੰਤ	11	4	15	0.733	mixed
ਬਲ਼ਦ	25	0	25	1.000	M
ਬਲੀ	3	298	301	0.990	F
ਬਲੀਆਂ	0	165	165	1.000	F
ਬਲੀਦਾਨ	26	0	26	1.000	M
ਬਲੀਦਾਨਾਂ	5	0	5	1.000	M
ਬਲੂਤ	12	0	12	1.000	M
ਬਲੂਤਾਂ	8	0	8	1.000	M
ਬਵਾ	0	5	5	1.000	F
ਬਵਾਂ	0	14	14	1.000	F
ਬਸਤਰ	83	0	83	1.000	M
ਬਸਤਰਾਂ	10	0	10	1.000	M
ਬਸਤੀਆਂ	0	31	31	1.000	F
ਬਸਤ੍ਰ	33	0	33	1.000	M
ਬਸਤ੍ਰਾਂ	5	0	5	1.000	M
ਬਹਾਨੇ	3	0	3	1.000	M
ਬਹੁਤਾ	5	0	5	1.000	M
ਬਹੁਤਾਇਤ	0	19	19	1.000	F
ਬਹੁਤਿਆਂ	3	1	4	0.750	mixed
ਬਹੁਤੀ	0	6	6	1.000	F
ਬਹੁਤੀਆਂ	0	8	8	1.000	F
ਬਹੁਮੁੱਲੇ	4	0	4	1.000	M
ਬਾਂਗ	8	0	8	1.000	M
ਬਾਂਹ	0	48	48	1.000	F
ਬਾਂਹਾਂ	0	11	11	1.000	F
ਬਾਈ	5	0	5	1.000	M
ਬਾਕੀਆਂ	3	0	3	1.000	M
ਬਾਗ	33	0	33	1.000	M
ਬਾਗ਼	52	0	52	1.000	M
ਬਾਗ਼ਾਂ	16	0	16	1.000	M
ਬਾਗਾਂ	16	0	16	1.000	M
ਬਾਝੋਂ	12	0	12	1.000	M
ਬਾਣ	10	0	10	1.000	M
ਬਾਣੀ	0	45	45	1.000	F
ਬਾਣੀਆਂ	0	15	15	1.000	F
ਬਾਦ	3	0	3	1.000	M
ਬਾਦਸ਼ਾਹ	3	0	3	1.000	M
ਬਾਦਸ਼ਾਹੀ	0	3	3	1.000	F
ਬਾਬਲ	4	2	6	0.667	mixed
ਬਾਰਵੇਂ	6	0	6	1.000	M
ਬਾਰਾਂ	44	23	67	0.657	mixed
ਬਾਰੀਆਂ	0	3	3	1.000	F
ਬਾਰ੍ਹਵੇਂ	8	0	8	1.000	M
ਬਾਰ੍ਹਾਂ	2	1	3	0.667	mixed
ਬਾਲ	31	0	31	1.000	M
ਬਾਲਕ	22	0	22	1.000	M
ਬਾਲਕਾਂ	15	1	16	0.938	mixed
ਬਾਲਕੇ	9	0	9	1.000	M
ਬਾਲਣ	7	1	8	0.875	mixed
ਬਾਲਮ	60	0	60	1.000	M
ਬਾਲਾਂ	8	0	8	1.000	M
ਬਾਲੇ	4	0	4	1.000	M
ਬਾਵਜੂਦ	6	0	6	1.000	M
ਬਾਸ਼ਨਾ	0	8	8	1.000	F
ਬਾਹਰਲੀ	2	10	12	0.833	mixed
ਬਾਹਰਲੇ	12	0	12	1.000	M
ਬਾਹਰੀ	4	0	4	1.000	M
ਬਾਹਰੋਂ	3	0	3	1.000	M
ਬਾਹਾਂ	2	27	29	0.931	mixed
ਬਾੜੀ	0	7	7	1.000	F
ਬਿਆਜ	3	0	3	1.000	M
ਬਿਆਨ	3	0	3	1.000	M
ਬਿਜਲੀ	0	6	6	1.000	F
ਬਿਧਾਂ	0	8	8	1.000	F
ਬਿਧੀ	0	78	78	1.000	F
ਬਿਧੀਆਂ	2	154	156	0.987	F
ਬਿਨਯਾਮੀਨੀ	5	0	5	1.000	M
ਬਿਨਾ	27	0	27	1.000	M
ਬਿਨ੍ਹਾਂ	38	0	38	1.000	M
ਬਿਪਤਾ	1	67	68	0.985	F
ਬਿਪਤਾਂ	0	3	3	1.000	F
ਬਿਬੇਕ	4	0	4	1.000	M
ਬਿਮਾਰੀ	0	21	21	1.000	F
ਬਿਰਛ	70	0	70	1.000	M
ਬਿਰਛਾਂ	15	0	15	1.000	M
ਬਿਰਧ	1	4	5	0.800	mixed
ਬਿਵਸਥਾ	0	261	261	1.000	F
ਬਿਸਤਰ	6	0	6	1.000	M
ਬਿਸਤਰਾ	13	0	13	1.000	M
ਬਿਸਤਰਿਆਂ	2	1	3	0.667	mixed
ਬਿਸਤਰੇ	8	0	8	1.000	M
ਬਿਸ਼ਟਾ	4	0	4	1.000	M
ਬਿੰਦ	0	4	4	1.000	F
ਬੀ	23	0	23	1.000	M
ਬੀਜ	16	0	16	1.000	M
ਬੀਜਦਿਆਂ	3	0	3	1.000	M
ਬੀਤਣ	3	0	3	1.000	M
ਬੀਤੀਆਂ	0	4	4	1.000	F
ਬੀਬੀ	0	6	6	1.000	F
ਬੀੜੇ	4	0	4	1.000	M
ਬੁਖ਼ਾਰ	3	0	3	1.000	M
ਬੁਝਾਰਤ	0	4	4	1.000	F
ਬੁਢਾਪੇ	5	0	5	1.000	M
ਬੁਢੇਪੇ	6	0	6	1.000	M
ਬੁਪਾਰ	3	0	3	1.000	M
ਬੁਪਾਰੀ	7	0	7	1.000	M
ਬੁਰਕੀ	0	5	5	1.000	F
ਬੁਰਜ	41	2	43	0.953	M
ਬੁਰਜ਼	6	0	6	1.000	M
ਬੁਰਜ਼ਾਂ	4	0	4	1.000	M
ਬੁਰਜਾਂ	4	0	4	1.000	M
ਬੁਰਾ	17	0	17	1.000	M
ਬੁਰਾਈ	0	10	10	1.000	F
ਬੁਰਾਈਆਂ	0	3	3	1.000	F
ਬੁਰਿਆਂ	9	0	9	1.000	M
ਬੁਰਿਆਈ	0	100	100	1.000	F
ਬੁਰਿਆਈਆਂ	0	16	16	1.000	F
ਬੁਰੀ	3	6	9	0.667	mixed
ਬੁਰੀਆਂ	0	7	7	1.000	F
ਬੁਰੇ	45	0	45	1.000	M
ਬੁਲ੍ਹ	3	0	3	1.000	M
ਬੁਲ੍ਹਾਂ	6	0	6	1.000	M
ਬੁੜ	0	5	5	1.000	F
ਬੁੱਕਲ	0	4	4	1.000	F
ਬੁੱਤ	24	0	24	1.000	M
ਬੁੱਤਾਂ	23	0	23	1.000	M
ਬੁੱਧ	1	61	62	0.984	F
ਬੁੱਧਵਾਨ	6	0	6	1.000	M
ਬੁੱਧੀ	0	44	44	1.000	F
ਬੁੱਲ	18	0	18	1.000	M
ਬੁੱਲਾਂ	13	1	14	0.929	mixed
ਬੁੱਲ੍ਹ	26	0	26	1.000	M
ਬੁੱਲ੍ਹਾਂ	76	0	76	1.000	M
ਬੂਟਾ	3	0	3	1.000	M
ਬੂਟਿਆਂ	11	0	11	1.000	M
ਬੂਟੇ	9	0	9	1.000	M
ਬੂਹਾ	11	0	11	1.000	M
ਬੂਹਿਆਂ	12	0	12	1.000	M
ਬੂਹੇ	88	0	88	1.000	M
ਬੂੰਦਾਂ	0	6	6	1.000	F
ਬੇ	2	7	9	0.778	mixed
ਬੇਇੱਜ਼ਤੀ	0	11	11	1.000	F
ਬੇਈਮਾਨੀ	0	9	9	1.000	F
ਬੇਗ਼ਾਰ	1	3	4	0.750	mixed
ਬੇਗਾਰ	3	3	6	0.500	mixed
ਬੇਟ	3	0	3	1.000	M
ਬੇਟੀ	0	6	6	1.000	F
ਬੇਨਤੀ	0	64	64	1.000	F
ਬੇਨਤੀਆਂ	0	9	9	1.000	F
ਬੇਪਤੀ	1	10	11	0.909	mixed
ਬੇਲ	2	5	7	0.714	mixed
ਬੇਸੁੰਨਤਾ	4	0	4	1.000	M
ਬੇਹੱਦ	2	2	4	0.500	mixed
ਬੇੜਾ	5	0	5	1.000	M
ਬੇੜਿਓ	4	0	4	1.000	M
ਬੇੜੀ	0	4	4	1.000	F
ਬੇੜੀਆਂ	0	15	15	1.000	F
ਬੈਠਕ	0	4	4	1.000	F
ਬੈਠਣ	8	0	8	1.000	M
ਬੈਠਣਾ	6	0	6	1.000	M
ਬੈਤਲਹਮ	4	0	4	1.000	M
ਬੋ	0	5	5	1.000	F
ਬੋਰਿਆਂ	3	0	3	1.000	M
ਬੋਰੇ	9	0	9	1.000	M
ਬੋਲ	43	0	43	1.000	M
ਬੋਲਣ	14	0	14	1.000	M
ਬੋਲਣਾ	4	0	4	1.000	M
ਬੋਲਦੇ	0	4	4	1.000	F
ਬੋਲਾਂ	6	0	6	1.000	M
ਬੋਲੀ	1	38	39	0.974	F
ਬੰਦ	6	0	6	1.000	M
ਬੰਦਗੀ	0	21	21	1.000	F
ਬੰਦਾ	20	0	20	1.000	M
ਬੰਦਿਆਂ	11	0	11	1.000	M
ਬੰਦੀ	4	0	4	1.000	M
ਬੰਦੇ	40	0	40	1.000	M
ਬੰਧ	4	0	4	1.000	M
ਬੰਧਣ	4	0	4	1.000	M
ਬੰਧਨ	22	0	22	1.000	M
ਬੰਧਨਾਂ	16	2	18	0.889	mixed
ਬੰਧੂਆ	5	0	5	1.000	M
ਬੰਧੂਏ	7	0	7	1.000	M
ਬੰਨਾ	4	0	4	1.000	M
ਬੰਨਿਆ	4	0	4	1.000	M
ਬੰਨਿਆਂ	14	0	14	1.000	M
ਬੰਨੇ	27	0	27	1.000	M
ਬੰਨ੍ਹ	3	0	3	1.000	M
ਬੰਨ੍ਹਣ	5	0	5	1.000	M
ਬੰਨ੍ਹੇ	6	0	6	1.000	M
ਬੱਕਰੀ	0	3	3	1.000	F
ਬੱਕਰੇ	7	0	7	1.000	M
ਬੱਚਾ	55	0	55	1.000	M
ਬੱਚਿਆ	4	0	4	1.000	M
ਬੱਚਿਆਂ	131	0	131	1.000	M
ਬੱਚਿਓ	13	0	13	1.000	M
ਬੱਚੇ	164	0	164	1.000	M
ਬੱਜ	2	1	3	0.667	mixed
ਬੱਦਲ	25	1	26	0.962	M
ਬੱਦਲਾਂ	10	0	10	1.000	M
ਭਈ	3	1	4	0.750	mixed
ਭਗਤ	6	0	6	1.000	M
ਭਗਤਾਂ	4	0	4	1.000	M
ਭਗਤੀ	0	9	9	1.000	F
ਭਗੌੜੇ	4	0	4	1.000	M
ਭਜਨ	30	0	30	1.000	M
ਭਤੀਜੇ	5	0	5	1.000	M
ਭਰ	7	0	7	1.000	M
ਭਰਤਾ	12	0	12	1.000	M
ਭਰਤੀ	0	8	8	1.000	F
ਭਰਤੇ	3	0	3	1.000	M
ਭਰਪੂਰੀ	0	46	46	1.000	F
ਭਰਮ	3	0	3	1.000	M
ਭਰਮਾਉਣ	3	2	5	0.600	mixed
ਭਰਵੱਟਿਆਂ	4	0	4	1.000	M
ਭਰਾ	751	0	751	1.000	M
ਭਰਾਵਾਂ	375	0	375	1.000	M
ਭਰਾਵੋ	32	0	32	1.000	M
ਭਰਿਆ	7	0	7	1.000	M
ਭਰੀਆਂ	0	3	3	1.000	F
ਭਰੇ	3	0	3	1.000	M
ਭਰੋਸਾ	50	0	50	1.000	M
ਭਰੋਸੇ	6	0	6	1.000	M
ਭਲਾ	79	0	79	1.000	M
ਭਲਾਈ	0	3	3	1.000	F
ਭਲਿਆਈ	0	63	63	1.000	F
ਭਲੇ	12	0	12	1.000	M
ਭਵਨ	725	1	726	0.999	M
ਭਵਨਾਂ	4	0	4	1.000	M
ਭਵਿੱਖਬਾਣੀ	0	3	3	1.000	F
ਭਾਂਡਾ	5	1	6	0.833	mixed
ਭਾਂਡਿਆ	5	1	6	0.833	mixed
ਭਾਂਡਿਆਂ	37	0	37	1.000	M
ਭਾਂਡੇ	82	0	82	1.000	M
ਭਾਈ	36	0	36	1.000	M
ਭਾਈਆਂ	7	0	7	1.000	M
ਭਾਉਣੀ	0	18	18	1.000	F
ਭਾਖਿਆ	0	3	3	1.000	F
ਭਾਗ	65	1	66	0.985	M
ਭਾਗੀ	11	5	16	0.688	mixed
ਭਾਣੇ	11	0	11	1.000	M
ਭਾਰ	117	2	119	0.983	M
ਭਾਰਾਂ	3	0	3	1.000	M
ਭਾਰੀ	2	1	3	0.667	mixed
ਭਾਰੇ	3	0	3	1.000	M
ਭਾਲ	1	90	91	0.989	F
ਭਾਲਣ	10	0	10	1.000	M
ਭਾਵ	6	0	6	1.000	M
ਭਾਵੇਂ	19	17	36	0.528	mixed
ਭਾਸ਼ਾ	0	23	23	1.000	F
ਭਾਸ਼ਾਵਾਂ	0	3	3	1.000	F
ਭਾੜਾ	5	0	5	1.000	M
ਭਾੜੇ	3	0	3	1.000	M
ਭਿਆਨਕ	3	2	5	0.600	mixed
ਭੀ	18	4	22	0.818	mixed
ਭੀੜ	0	26	26	1.000	F
ਭੁਜਾ	0	19	19	1.000	F
ਭੁੱਖ	0	13	13	1.000	F
ਭੁੱਖੇ	6	0	6	1.000	M
ਭੁੱਲ	0	16	16	1.000	F
ਭੁੱਲਾਂ	0	3	3	1.000	F
ਭੂਤ	10	0	10	1.000	M
ਭੂਮੀ	0	93	93	1.000	F
ਭੇਂਟ	0	14	14	1.000	F
ਭੇਂਟਾ	0	3	3	1.000	F
ਭੇਜਣ	14	0	14	1.000	M
ਭੇਜੇ	15	0	15	1.000	M
ਭੇਟ	5	819	824	0.994	F
ਭੇਟਾ	1	6	7	0.857	mixed
ਭੇਟਾਂ	1	311	312	0.997	F
ਭੇਡ	28	3	31	0.903	mixed
ਭੇਡਾਂ	1	81	82	0.988	F
ਭੇਡੂ	3	0	3	1.000	M
ਭੇਤ	59	2	61	0.967	M
ਭੇਤਾਂ	5	3	8	0.625	mixed
ਭੇਦ	3	0	3	1.000	M
ਭੇਸ	18	0	18	1.000	M
ਭੈ	115	0	115	1.000	M
ਭੈਅ	107	0	107	1.000	M
ਭੈਣ	2	164	166	0.988	F
ਭੈਣਾਂ	0	15	15	1.000	F
ਭੈੜਾ	3	0	3	1.000	M
ਭੈੜੇ	11	0	11	1.000	M
ਭੋਂ	1	4	5	0.800	mixed
ਭੋਗ	3	0	3	1.000	M
ਭੋਜ	3	0	3	1.000	M
ਭੋਜਨ	57	1	58	0.983	M
ਭੌ	6	0	6	1.000	M
ਭੜਕ	0	3	3	1.000	F
ਭੜਕਣ	3	0	3	1.000	M
ਭੜਕਦੇ	3	0	3	1.000	M
ਭੜਕਾਉਣ	3	0	3	1.000	M
ਭੰਡਾਰ	10	0	10	1.000	M
ਭੰਡਾਰਾਂ	11	0	11	1.000	M
ਭੰਡਾਰੀ	3	0	3	1.000	M
ਭੱਜ	1	2	3	0.667	mixed
ਭੱਜਣ	3	0	3	1.000	M
ਭੱਜਣਾ	4	0	4	1.000	M
ਭੱਠੀ	0	7	7	1.000	F
ਮਕਬਰੇ	4	0	4	1.000	M
ਮਖ਼ੌਲ	16	0	16	1.000	M
ਮਖੌਲ	4	0	4	1.000	M
ਮਗਰ	313	0	313	1.000	M
ਮਗਰ-ਮਗਰ	9	0	9	1.000	M
ਮਗਰੋ	3	0	3	1.000	M
ਮਜ਼ਦੂਰੀ	0	30	30	1.000	F
ਮਜਾਜ	3	0	3	1.000	M
ਮਜੂਰੀ	0	11	11	1.000	F
ਮਤ	3	0	3	1.000	M
ਮਤਲਬ	14	0	14	1.000	M
ਮਤਹਿਤ	7	0	7	1.000	M
ਮਤਾ	9	0	9	1.000	M
ਮਤੇ	8	0	8	1.000	M
ਮਦਦ	0	17	17	1.000	F
ਮਦਾਨ	24	0	24	1.000	M
ਮਧ	1	19	20	0.950	F
ਮਨ	897	9	906	0.990	M
ਮਨਜ਼ੂਰੀ	0	3	3	1.000	F
ਮਨਭਾਉਂਦੇ	5	0	5	1.000	M
ਮਨਸ਼ਾ	2	17	19	0.895	mixed
ਮਨਾਂ	88	3	91	0.967	M
ਮਨਾਦੀ	0	4	4	1.000	F
ਮਨੁੱਖ	117	1	118	0.992	M
ਮਨੁੱਖਾਂ	133	0	133	1.000	M
ਮਨੁੱਖੋ	4	0	4	1.000	M
ਮਨੋਂ	6	2	8	0.750	mixed
ਮਨੋਰਥ	8	0	8	1.000	M
ਮਨੋਰਥਾਂ	3	0	3	1.000	M
ਮਨੌਤ	0	7	7	1.000	F
ਮਰਜ਼ੀ	0	82	82	1.000	F
ਮਰਜਾਦਾ	0	4	4	1.000	F
ਮਰਜੀ	0	8	8	1.000	F
ਮਰਦ	13	0	13	1.000	M
ਮਰਨ	62	0	62	1.000	M
ਮਰਨਹਾਰ	3	2	5	0.600	mixed
ਮਰਨਾ	7	0	7	1.000	M
ਮਲ	5	0	5	1.000	M
ਮਲਕਾ	0	3	3	1.000	F
ਮਲਾਹ	8	0	8	1.000	M
ਮਵੇਸ਼ੀਆਂ	0	3	3	1.000	F
ਮਸਕੀਨਾਂ	11	0	11	1.000	M
ਮਸਤਕ	5	0	5	1.000	M
ਮਸਤੀ	0	4	4	1.000	F
ਮਸਹ	55	0	55	1.000	M
ਮਸ਼ਕਾਂ	0	6	6	1.000	F
ਮਸ਼ਹੂਰੀ	0	4	4	1.000	F
ਮਸ਼ਾਲਾਂ	0	5	5	1.000	F
ਮਸਾਲਾ	4	0	4	1.000	M
ਮਸਾਲਾਂ	0	5	5	1.000	F
ਮਸਾਲਿਆਂ	3	0	3	1.000	M
ਮਸੀਹ	20	2	22	0.909	mixed
ਮਹਾਂ	6	5	11	0.545	mixed
ਮਹਾਂਮਾਰੀਆਂ	0	3	3	1.000	F
ਮਹਾਨ	4	2	6	0.667	mixed
ਮਹਾਨਤਾ	0	18	18	1.000	F
ਮਹਾਰਾਜ	83	0	83	1.000	M
ਮਹਾਰਾਜਾ	8	0	8	1.000	M
ਮਹਾਰਾਜੇ	4	0	4	1.000	M
ਮਹਿਮਾ	2	136	138	0.986	F
ਮਹਿਮਾਂ	0	3	3	1.000	F
ਮਹਿਲ	208	1	209	0.995	M
ਮਹਿਲਾਂ	27	0	27	1.000	M
ਮਹੀਨ	6	1	7	0.857	mixed
ਮਹੀਨਾ	3	0	3	1.000	M
ਮਹੀਨਿਆਂ	12	0	12	1.000	M
ਮਹੀਨੇ	29	0	29	1.000	M
ਮਾਂ	14	165	179	0.922	mixed
ਮਾਂ-ਬਾਪ	3	0	3	1.000	M
ਮਾਂਦਗੀ	0	3	3	1.000	F
ਮਾਇਆ	0	9	9	1.000	F
ਮਾਣ	20	0	20	1.000	M
ਮਾਤਾ	5	257	262	0.981	F
ਮਾਤਾ-ਪਿਤਾ	26	0	26	1.000	M
ਮਾਨਵ	3	0	3	1.000	M
ਮਾਪ	5	0	5	1.000	M
ਮਾਪਿਆਂ	23	0	23	1.000	M
ਮਾਪੇ	18	0	18	1.000	M
ਮਾਫ਼ੀ	0	25	25	1.000	F
ਮਾਮਿਆਂ	3	0	3	1.000	M
ਮਾਮੇ	6	0	6	1.000	M
ਮਾਰ	11	18	29	0.621	mixed
ਮਾਰਗ	68	0	68	1.000	M
ਮਾਰਗਾਂ	41	0	41	1.000	M
ਮਾਰਨ	34	0	34	1.000	M
ਮਾਰਿਆ	4	0	4	1.000	M
ਮਾਰੇ	78	0	78	1.000	M
ਮਾਲ	194	1	195	0.995	M
ਮਾਲ-ਧਨ	10	0	10	1.000	M
ਮਾਲਕ	295	0	295	1.000	M
ਮਾਲਕਣ	0	8	8	1.000	F
ਮਾਲਕਾਂ	34	0	34	1.000	M
ਮਾਲਾ	0	5	5	1.000	F
ਮਾਲਿਕ	3	0	3	1.000	M
ਮਾਵਾਂ	0	10	10	1.000	F
ਮਾਸ	178	1	179	0.994	M
ਮਾਹਰਾਜ	26	0	26	1.000	M
ਮਾਹਵਾਰੀ	0	8	8	1.000	F
ਮਾੜੀਆਂ	1	14	15	0.933	mixed
ਮਿਟਾਉਣ	4	0	4	1.000	M
ਮਿਠਾਸ	0	4	4	1.000	F
ਮਿਣਤੀ	0	18	18	1.000	F
ਮਿਰਾਸ	4	60	64	0.938	mixed
ਮਿਲਖ	0	125	125	1.000	F
ਮਿਲਖ਼	0	42	42	1.000	F
ਮਿਲਖਾਂ	0	3	3	1.000	F
ਮਿਲਣ	67	0	67	1.000	M
ਮਿਲਨ	9	0	9	1.000	M
ਮਿਲਾਪ	4	0	4	1.000	M
ਮਿਲਿਆ	4	0	4	1.000	M
ਮਿਸਪੇਹ	5	0	5	1.000	M
ਮਿਸਰ	20	0	20	1.000	M
ਮਿਸਰੀ	2	2	4	0.500	mixed
ਮਿਸਾਲ	0	7	7	1.000	F
ਮਿਹਨਤ	0	38	38	1.000	F
ਮਿਹਨਤਾਂ	0	4	4	1.000	F
ਮਿਹਰ	0	3	3	1.000	F
ਮਿਹਰਬਾਨੀ	0	4	4	1.000	F
ਮਿਹਰਬਾਨੀਆਂ	0	6	6	1.000	F
ਮਿੰਨਤ	0	54	54	1.000	F
ਮਿੰਨਤਾਂ	0	6	6	1.000	F
ਮਿੱਟੀ	0	17	17	1.000	F
ਮਿੱਤਰ	52	0	52	1.000	M
ਮਿੱਤਰਾਂ	17	0	17	1.000	M
ਮਿੱਤਰੋ	4	0	4	1.000	M
ਮਿੱਤ੍ਰ	20	0	20	1.000	M
ਮਿੱਤ੍ਰਾਂ	4	0	4	1.000	M
ਮਿੱਧਣ	4	0	4	1.000	M
ਮੀਂਹ	6	0	6	1.000	M
ਮੀਰਾਸ	0	8	8	1.000	F
ਮੁਕਟ	60	0	60	1.000	M
ਮੁਕਤੀ	14	89	103	0.864	mixed
ਮੁਕਤੀਦਾਤਾ	23	0	23	1.000	M
ਮੁਕਤੀਦਾਤੇ	9	0	9	1.000	M
ਮੁਕੱਦਮਾ	27	0	27	1.000	M
ਮੁਕੱਦਮੇ	6	0	6	1.000	M
ਮੁਖ	18	0	18	1.000	M
ਮੁਖਤਿਆਰ	5	0	5	1.000	M
ਮੁਖ਼	4	0	4	1.000	M
ਮੁਖ਼ਤਿਆਰ	11	0	11	1.000	M
ਮੁਖ਼ਤਿਆਰੀ	0	3	3	1.000	F
ਮੁਖੀ	9	0	9	1.000	M
ਮੁਖੀਆ	25	0	25	1.000	M
ਮੁਖੀਆਂ	37	0	37	1.000	M
ਮੁਖੀਏ	100	0	100	1.000	M
ਮੁਖੀਓ	3	0	3	1.000	M
ਮੁਖੜਾ	6	0	6	1.000	M
ਮੁਖੜੇ	13	0	13	1.000	M
ਮੁਤੀਹ	4	0	4	1.000	M
ਮੁਦਈ	4	0	4	1.000	M
ਮੁਦੱਪਾ	4	0	4	1.000	M
ਮੁਬਾਰਕ	9	3	12	0.750	mixed
ਮੁਰਦਾ	4	0	4	1.000	M
ਮੁਰਦੇ	25	0	25	1.000	M
ਮੁਰਮੰਤ	0	8	8	1.000	F
ਮੁਰੰਮਤ	0	52	52	1.000	F
ਮੁਸ਼ਕਿਲਾਂ	0	3	3	1.000	F
ਮੁਸਾਫਰੀ	2	3	5	0.600	mixed
ਮੁਸਾਫ਼ਰੀ	4	3	7	0.571	mixed
ਮੁਸੀਬਤ	0	5	5	1.000	F
ਮੁਹਰੇ	4	0	4	1.000	M
ਮੁਹਾਣਾ	7	0	7	1.000	M
ਮੁੰਡੇ	4	0	4	1.000	M
ਮੁੰਹ	8	0	8	1.000	M
ਮੁੱਕਦਮਾ	7	0	7	1.000	M
ਮੁੱਖ	20	0	20	1.000	M
ਮੁੱਖੜੇ	6	0	6	1.000	M
ਮੁੱਠ	0	6	6	1.000	F
ਮੁੱਠੀ	0	4	4	1.000	F
ਮੁੱਢ	45	0	45	1.000	M
ਮੁੱਢੋਂ	20	0	20	1.000	M
ਮੁੱਲ	121	0	121	1.000	M
ਮੂਰਖਤਾ	1	2	3	0.667	mixed
ਮੂਰਖਤਾਈ	0	23	23	1.000	F
ਮੂਰਤ	0	22	22	1.000	F
ਮੂਰਤਾਂ	0	49	49	1.000	F
ਮੂਰਤੀ	0	23	23	1.000	F
ਮੂਰਤੀਆਂ	2	45	47	0.957	F
ਮੂਲ	4	5	9	0.556	mixed
ਮੂਸਾ	3	2	5	0.600	mixed
ਮੂਹਰੇ	9	0	9	1.000	M
ਮੂੰਹ	972	1	973	0.999	M
ਮੂੰਹਾਂ	30	0	30	1.000	M
ਮੂੰਹੀਆਂ	0	13	13	1.000	F
ਮੂੰਹੋ	4	0	4	1.000	M
ਮੂੰਹੋਂ	106	0	106	1.000	M
ਮੇਂਢੇ	4	0	4	1.000	M
ਮੇਚੇ	3	0	3	1.000	M
ਮੇਜ਼	7	44	51	0.863	mixed
ਮੇਜ਼ਾਂ	0	6	6	1.000	F
ਮੇਲ	5	0	5	1.000	M
ਮੇਲੀ	9	0	9	1.000	M
ਮੇਵੇ	16	0	16	1.000	M
ਮੈ	2	19	21	0.905	mixed
ਮੈਂ	79	37	116	0.681	mixed
ਮੈਅ	0	9	9	1.000	F
ਮੈਦਾਨ	33	3	36	0.917	mixed
ਮੈਦੇ	68	28	96	0.708	mixed
ਮੈਨੂੰ	6	5	11	0.545	mixed
ਮੈਲ	2	2	4	0.500	mixed
ਮੈਲ਼	0	3	3	1.000	F
ਮੋਟੇ	5	0	5	1.000	M
ਮੋਢਾ	4	0	4	1.000	M
ਮੋਢਿਆਂ	23	0	23	1.000	M
ਮੋਢੇ	22	0	22	1.000	M
ਮੋਤ	0	4	4	1.000	F
ਮੋਦੀ	3	0	3	1.000	M
ਮੋਹਰ	1	31	32	0.969	F
ਮੋਹਰਾਂ	0	4	4	1.000	F
ਮੋਹਰੀ	4	0	4	1.000	M
ਮੋਹਰੇ	7	0	7	1.000	M
ਮੋੜ	8	0	8	1.000	M
ਮੌਕਾ	26	0	26	1.000	M
ਮੌਕੇ	4	0	4	1.000	M
ਮੌਤ	3	101	104	0.971	F
ਮੌਸਮ	3	0	3	1.000	M
ਮੜ੍ਹ	4	0	4	1.000	M
ਮੰਗ	0	13	13	1.000	F
ਮੰਗਣ	9	0	9	1.000	M
ਮੰਗਣੀ	0	5	5	1.000	F
ਮੰਗੇਤਰ	0	4	4	1.000	F
ਮੰਜੀ	0	12	12	1.000	F
ਮੰਜੇ	23	0	23	1.000	M
ਮੰਡਪ	11	0	11	1.000	M
ਮੰਡਲੀ	0	61	61	1.000	F
ਮੰਡੀ	0	4	4	1.000	F
ਮੰਤਰੀ	4	0	4	1.000	M
ਮੰਤਰੀਆਂ	6	0	6	1.000	M
ਮੰਤ੍ਰਾਂ	4	0	4	1.000	M
ਮੰਤ੍ਰੀ	3	0	3	1.000	M
ਮੰਦਰ	59	0	59	1.000	M
ਮੰਦਰਾਂ	12	0	12	1.000	M
ਮੰਦਿਰ	5	0	5	1.000	M
ਮੰਨ	13	11	24	0.542	mixed
ਮੰਨਣ	18	0	18	1.000	M
ਮੰਨਣਾ	3	0	3	1.000	M
ਮੰਨੋ	4	9	13	0.692	mixed
ਮੱਖੀਆਂ	0	6	6	1.000	F
ਮੱਛੀਆਂ	0	25	25	1.000	F
ਮੱਤ	2	12	14	0.857	mixed
ਮੱਥਾ	5	0	5	1.000	M
ਮੱਥਿਆਂ	4	0	4	1.000	M
ਮੱਥੇ	30	0	30	1.000	M
ਮੱਦਤ	0	5	5	1.000	F
ਯਤਨ	14	0	14	1.000	M
ਯਤੀਮਾਂ	4	0	4	1.000	M
ਯਰੂਸ਼ਲਮ	6	1	7	0.857	mixed
ਯਹੂਦਾਹ	5	5	10	0.500	mixed
ਯਹੂਦੀ	13	1	14	0.929	mixed
ਯਹੂਦੀਆਂ	4	1	5	0.800	mixed
ਯਹੋਵਾਹ	561	15	576	0.974	M
ਯਾ	22	3	25	0.880	mixed
ਯਾਦ	0	15	15	1.000	F
ਯਾਦਗਾਰੀ	2	6	8	0.750	mixed
ਯਾਦਗਿਰੀ	0	3	3	1.000	F
ਯਾਦਗੀਰੀ	0	10	10	1.000	F
ਯਾਰ	10	0	10	1.000	M
ਯਾਰਾਂ	6	0	6	1.000	M
ਯਿਰਮਿਯਾਹ	6	2	8	0.750	mixed
ਯਿਸੂ	5	3	8	0.625	mixed
ਯੁੱਧ	5	0	5	1.000	M
ਯੂਸੁਫ਼	6	2	8	0.750	mixed
ਯੋਗ	84	0	84	1.000	M
ਯੋਗਤਾ	0	6	6	1.000	F
ਯੋਜਨਾ	0	38	38	1.000	F
ਯੋਜਨਾਵਾਂ	0	10	10	1.000	F
ਯੋਧੇ	3	0	3	1.000	M
ਰਈ	0	4	4	1.000	F
ਰਈਅਤ	0	16	16	1.000	F
ਰਈਸਾਂ	3	0	3	1.000	M
ਰਖਵਾਲੀ	0	17	17	1.000	F
ਰਖਵਾਲੇ	5	0	5	1.000	M
ਰਖ਼ੈਲ	0	14	14	1.000	F
ਰਖ਼ੈਲਾਂ	0	5	5	1.000	F
ਰਚਣ	4	0	4	1.000	M
ਰਚਨਾ	0	11	11	1.000	F
ਰਚਨਾਂ	0	3	3	1.000	F
ਰਜ਼ਾ	0	3	3	1.000	F
ਰਥ	41	0	41	1.000	M
ਰਥਾਂ	32	0	32	1.000	M
ਰਬਾਬ	4	0	4	1.000	M
ਰਸ	18	0	18	1.000	M
ਰਸਤ	0	6	6	1.000	F
ਰਸਤਾ	5	0	5	1.000	M
ਰਸਤਿਆਂ	7	0	7	1.000	M
ਰਸਤੇ	45	0	45	1.000	M
ਰਸਨਾ	0	13	13	1.000	F
ਰਸੂਲ	19	0	19	1.000	M
ਰਸੂਲਾਂ	10	0	10	1.000	M
ਰਹਮ	12	0	12	1.000	M
ਰਹਮਤਾਂ	0	7	7	1.000	F
ਰਹਿਣ	54	0	54	1.000	M
ਰਹਿਣਾ	4	0	4	1.000	M
ਰਹਿੰਦ	0	4	4	1.000	F
ਰਹਿੰਦ-ਖੁਹੰਦ	0	3	3	1.000	F
ਰਹਿੰਦੇ	13	0	13	1.000	M
ਰਹੇ	14	0	14	1.000	M
ਰਹੋਬੋਥ	4	0	4	1.000	M
ਰਾਖਵੇਂ	3	0	3	1.000	M
ਰਾਖ਼ਾ	13	0	13	1.000	M
ਰਾਖਾ	16	0	16	1.000	M
ਰਾਖਿਆਂ	10	0	10	1.000	M
ਰਾਖੀ	0	125	125	1.000	F
ਰਾਖੇ	18	0	18	1.000	M
ਰਾਗ	4	0	4	1.000	M
ਰਾਜ	520	101	621	0.837	mixed
ਰਾਜਕੁਮਾਰ	18	0	18	1.000	M
ਰਾਜਧਾਨੀ	0	3	3	1.000	F
ਰਾਜਾ	858	1	859	0.999	M
ਰਾਜਾਂ	6	0	6	1.000	M
ਰਾਜਿਆਂ	116	0	116	1.000	M
ਰਾਜੇ	353	0	353	1.000	M
ਰਾਣ	0	3	3	1.000	F
ਰਾਣੀ	0	58	58	1.000	F
ਰਾਣੀਆਂ	0	20	20	1.000	F
ਰਾਤ	5	15	20	0.750	mixed
ਰਾਤਾਂ	0	4	4	1.000	F
ਰਾਸ਼ਨ	8	0	8	1.000	M
ਰਾਹ	594	14	608	0.977	M
ਰਾਹਾਂ	85	1	86	0.988	M
ਰਾਹੋਂ	6	0	6	1.000	M
ਰਿਬਲਾਹ	8	0	8	1.000	M
ਰਿਵਾਜ਼	3	0	3	1.000	M
ਰਿਸ਼ਤੇਦਾਰ	9	1	10	0.900	mixed
ਰਿਸ਼ਤੇਦਾਰਾਂ	7	0	7	1.000	M
ਰਿਹਾ	24	0	24	1.000	M
ਰਿਹਾਈ	0	3	3	1.000	F
ਰੀਤ	1	52	53	0.981	F
ਰੀਤਾਂ	0	16	16	1.000	F
ਰੀਤੀ	0	7	7	1.000	F
ਰੀਸ	0	17	17	1.000	F
ਰੁਕ	7	0	7	1.000	M
ਰੁਪਏ	6	0	6	1.000	M
ਰੁਪਿਆ	8	0	8	1.000	M
ਰੁੱਖ	95	0	95	1.000	M
ਰੁੱਖ਼	3	0	3	1.000	M
ਰੁੱਖਾਂ	36	0	36	1.000	M
ਰੁੱਤ	2	26	28	0.929	mixed
ਰੁੱਤੇ	0	3	3	1.000	F
ਰੂਪ	89	0	89	1.000	M
ਰੂਪਵੰਤੀ	0	4	4	1.000	F
ਰੂਹ	0	21	21	1.000	F
ਰੂਹਾਨੀ	0	3	3	1.000	F
ਰੇਤ	0	29	29	1.000	F
ਰੋਗ	48	0	48	1.000	M
ਰੋਗਣ	0	4	4	1.000	F
ਰੋਗੀ	4	1	5	0.800	mixed
ਰੋਗੀਆਂ	4	0	4	1.000	M
ਰੋਜ	2	1	3	0.667	mixed
ਰੋਜ਼	3	4	7	0.571	mixed
ਰੋਜ਼ੀ	0	4	4	1.000	F
ਰੋਟੀ	4	165	169	0.976	F
ਰੋਟੀਆਂ	0	20	20	1.000	F
ਰੋਣ	9	0	9	1.000	M
ਰੋਸ਼ਨੀ	0	7	7	1.000	F
ਰੋਹ	7	0	7	1.000	M
ਰੌਲ਼ਾ	13	0	13	1.000	M
ਰੌਲ਼ੇ	11	0	11	1.000	M
ਰੌਲਾ	13	0	13	1.000	M
ਰੌਲੇ	11	0	11	1.000	M
ਰੜ	5	0	5	1.000	M
ਰੜੇ	4	0	4	1.000	M
ਰੰਗ	23	0	23	1.000	M
ਰੱਖਣ	3	0	3	1.000	M
ਰੱਖਣਾ	4	0	4	1.000	M
ਰੱਖਿਆ	3	38	41	0.927	mixed
ਰੱਖੀਆਂ	0	4	4	1.000	F
ਰੱਖੇ	4	0	4	1.000	M
ਰੱਛਿਆ	0	27	27	1.000	F
ਰੱਥ	15	0	15	1.000	M
ਰੱਥਾਂ	9	0	9	1.000	M
ਰੱਬਾਹ	9	0	9	1.000	M
ਰੱਸਿਆਂ	4	1	5	0.800	mixed
ਰੱਸੀ	0	20	20	1.000	F
ਰੱਸੀਆਂ	0	9	9	1.000	F
ਰੱਸੇ	6	0	6	1.000	M
ਲਏ	4	0	4	1.000	M
ਲਗ	4	0	4	1.000	M
ਲਗਾਨ	6	0	6	1.000	M
ਲਗਾਮ	0	4	4	1.000	F
ਲਟਾਂ	0	4	4	1.000	F
ਲਮਾਨ	0	7	7	1.000	F
ਲਲਕਾਰ	0	10	10	1.000	F
ਲਸ਼ਕ	0	3	3	1.000	F
ਲਸ਼ਕਰ	6	0	6	1.000	M
ਲਹਿਣ	3	0	3	1.000	M
ਲਹਿਰਾਂ	0	31	31	1.000	F
ਲਹਿੰਗਾ	6	0	6	1.000	M
ਲਹਿੰਦੇ	15	0	15	1.000	M
ਲਹੂ	352	2	354	0.994	M
ਲਾਂਘਿਆਂ	5	0	5	1.000	M
ਲਾਂਘੇ	35	0	35	1.000	M
ਲਾਇਕ	30	0	30	1.000	M
ਲਾਈ	0	3	3	1.000	F
ਲਾਉਣ	3	0	3	1.000	M
ਲਾਏ	5	0	5	1.000	M
ਲਾਗਿਓਂ	5	0	5	1.000	M
ਲਾਜ	0	14	14	1.000	F
ਲਾਟ	0	21	21	1.000	F
ਲਾਟਾਂ	1	13	14	0.929	mixed
ਲਾਠੀ	0	40	40	1.000	F
ਲਾਡਲੇ	6	0	6	1.000	M
ਲਾਭ	18	0	18	1.000	M
ਲਾਲ	2	13	15	0.867	mixed
ਲਾਲਚ	5	0	5	1.000	M
ਲਾਲਚੀ	3	0	3	1.000	M
ਲਾਲਸਾ	2	10	12	0.833	mixed
ਲਾਸ਼	0	13	13	1.000	F
ਲਾਸ਼ਾਂ	0	15	15	1.000	F
ਲਾਸਾਂ	0	10	10	1.000	F
ਲਾੜੀ	0	3	3	1.000	F
ਲਿਖਣ	3	3	6	0.500	mixed
ਲਿਖਤ	1	32	33	0.970	F
ਲਿਖਤਾਂ	0	15	15	1.000	F
ਲਿਖਾਰੀ	19	0	19	1.000	M
ਲਿਖਿਆ	3	0	3	1.000	M
ਲਿਬਾਸ	26	0	26	1.000	M
ਲਿਸ਼ਕਾਂ	0	8	8	1.000	F
ਲਿਹਾਜ਼	5	0	5	1.000	M
ਲੀਹਾਂ	0	3	3	1.000	F
ਲੀੜਾ	7	0	7	1.000	M
ਲੀੜਿਆਂ	4	0	4	1.000	M
ਲੀੜੇ	72	0	72	1.000	M
ਲੁਕੇ	4	0	4	1.000	M
ਲੁੱਚਪੁਣੇ	14	0	14	1.000	M
ਲੁੱਟ	4	43	47	0.915	mixed
ਲੁੱਟਣ	7	0	7	1.000	M
ਲੂਣ	6	0	6	1.000	M
ਲੇਖਾ	46	0	46	1.000	M
ਲੇਖੇ	35	0	35	1.000	M
ਲੇਟਣ	4	0	4	1.000	M
ਲੇਲਾ	13	0	13	1.000	M
ਲੇਲੀ	0	3	3	1.000	F
ਲੇਲੇ	22	0	22	1.000	M
ਲੇਵੀ	13	0	13	1.000	M
ਲੈ	4	8	12	0.667	mixed
ਲੈਣ	12	0	12	1.000	M
ਲੋ	0	13	13	1.000	F
ਲੋਕ	257	2	259	0.992	M
ਲੋਕਾਂ	581	2	583	0.997	M
ਲੋਕੋ	11	0	11	1.000	M
ਲੋਚ	0	3	3	1.000	F
ਲੋਥ	0	81	81	1.000	F
ਲੋਥਾਂ	0	43	43	1.000	F
ਲੋਭ	26	0	26	1.000	M
ਲੋਭੀ	14	0	14	1.000	M
ਲੋੜ	0	77	77	1.000	F
ਲੋੜਾਂ	0	7	7	1.000	F
ਲੜਾਈ	2	3	5	0.600	mixed
ਲੜਾਈਆਂ	0	4	4	1.000	F
ਲੰਗਰ	14	0	14	1.000	M
ਲੰਗੋਟੀਏ	8	0	8	1.000	M
ਲੰਘ	1	67	68	0.985	F
ਲੰਘਣ	5	11	16	0.688	mixed
ਲੰਘਣਗੇ	0	3	3	1.000	F
ਲੰਘਣਾ	2	5	7	0.714	mixed
ਲੰਘਦਾ	0	12	12	1.000	F
ਲੰਘਦਿਆਂ	0	4	4	1.000	F
ਲੰਘਦੇ	0	8	8	1.000	F
ਲੰਘਾਂਗਾ	0	5	5	1.000	F
ਲੰਘਾਇਆ	0	8	8	1.000	F
ਲੰਘਾਉਣ	0	6	6	1.000	F
ਲੰਘਾਓ	0	4	4	1.000	F
ਲੰਘਾਵਾਂਗਾ	0	4	4	1.000	F
ਲੰਘਿਆ	0	20	20	1.000	F
ਲੰਘੀ	0	8	8	1.000	F
ਲੰਘੇ	0	18	18	1.000	F
ਲੰਘੇਗਾ	0	6	6	1.000	F
ਲੰਘੋ	0	7	7	1.000	F
ਲੰਬਾਈ	0	94	94	1.000	F
ਲੰਮਾਈ	0	21	21	1.000	F
ਲੰਮੀ	0	7	7	1.000	F
ਲੰਮੇ	7	0	7	1.000	M
ਲੱਕ	99	0	99	1.000	M
ਲੱਕਾਂ	11	0	11	1.000	M
ਲੱਕੜ	0	42	42	1.000	F
ਲੱਕੜੀ	3	96	99	0.970	F
ਲੱਕੜੀਆਂ	0	10	10	1.000	F
ਲੱਖਾਂ	8	2	10	0.800	mixed
ਲੱਗਭੱਗ	10	0	10	1.000	M
ਲੱਜ	0	4	4	1.000	F
ਲੱਤ	0	4	4	1.000	F
ਲੱਤਾਂ	0	20	20	1.000	F
ਲੱਭਣ	7	0	7	1.000	M
ਵਖੀ	0	3	3	1.000	F
ਵਗਦੀ	0	4	4	1.000	F
ਵਜ਼ੀਰ	3	0	3	1.000	M
ਵਟਾਂਦਰਾ	5	0	5	1.000	M
ਵਟਾਂਦਰੇ	4	0	4	1.000	M
ਵਡਿਆਈ	0	217	217	1.000	F
ਵਡਿਆਈਆਂ	0	4	4	1.000	F
ਵਤਨ	4	0	4	1.000	M
ਵਤਨੀ	3	0	3	1.000	M
ਵਧਣ	5	0	5	1.000	M
ਵਧੇਰੇ	3	1	4	0.750	mixed
ਵਪਾਰ	27	0	27	1.000	M
ਵਪਾਰੀ	30	0	30	1.000	M
ਵਪਾਰੀਆਂ	3	0	3	1.000	M
ਵਫ਼ਾਦਾਰ	5	0	5	1.000	M
ਵਫ਼ਾਦਾਰੀ	1	28	29	0.966	F
ਵਫਾਦਾਰੀ	0	15	15	1.000	F
ਵਰਖਾ	0	9	9	1.000	F
ਵਰਣਨ	29	0	29	1.000	M
ਵਰਤ	8	0	8	1.000	M
ਵਰਤਣ	7	0	7	1.000	M
ਵਰਤਾਉ	3	0	3	1.000	M
ਵਰਤਾਓ	3	0	3	1.000	M
ਵਰਤਾਵਾ	3	0	3	1.000	M
ਵਰਤੋਂ	0	16	16	1.000	F
ਵਰਦਾਨ	5	0	5	1.000	M
ਵਰਨਣ	15	0	15	1.000	M
ਵਰਨਨ	5	0	5	1.000	M
ਵਰਹਾ	3	0	3	1.000	M
ਵਰਹੇ	35	2	37	0.946	mixed
ਵਰਿਹਾਂ	8	0	8	1.000	M
ਵਰ੍ਹਾ	5	0	5	1.000	M
ਵਰ੍ਹਾਓ	4	0	4	1.000	M
ਵਰ੍ਹਿਆਂ	7	0	7	1.000	M
ਵਰ੍ਹੇ	22	0	22	1.000	M
ਵਲੇਵਾ	3	0	3	1.000	M
ਵਲੋਂ	6	3	9	0.667	mixed
ਵਸਤਾਂ	0	24	24	1.000	F
ਵਸਤੀਆਂ	0	6	6	1.000	F
ਵਸਤੂ	0	3	3	1.000	F
ਵਸਤੂਆਂ	0	6	6	1.000	F
ਵਸਨੀਕ	18	0	18	1.000	M
ਵਸਨੀਕਾਂ	40	0	40	1.000	M
ਵਸਨੀਕੋ	4	0	4	1.000	M
ਵਸਾਈ	0	3	3	1.000	F
ਵਸੀਲੇ	48	0	48	1.000	M
ਵਸੇਬਾ	12	0	12	1.000	M
ਵਸੇਬਿਆਂ	15	0	15	1.000	M
ਵਸੇਬੇ	17	0	17	1.000	M
ਵਸੋਂ	0	3	3	1.000	F
ਵਹਾ	4	0	4	1.000	M
ਵਹੁਟੀ	0	29	29	1.000	F
ਵਹੁਟੀਆਂ	0	6	6	1.000	F
ਵਹੁਟੀਏ	0	5	5	1.000	F
ਵਾਂਗਰ	6	0	6	1.000	M
ਵਾਂਙੁ	14	0	14	1.000	M
ਵਾਅਦਾ	6	0	6	1.000	M
ਵਾਇਦਾ	11	0	11	1.000	M
ਵਾਇਦੇ	8	0	8	1.000	M
ਵਾਕ	773	0	773	1.000	M
ਵਾਕਾਂ	3	0	3	1.000	M
ਵਾਛੜ	0	3	3	1.000	F
ਵਾਜਿਆਂ	16	0	16	1.000	M
ਵਾਢੀ	0	18	18	1.000	F
ਵਾਢੀਆਂ	0	5	5	1.000	F
ਵਾਦੀ	0	94	94	1.000	F
ਵਾਦੀਆਂ	0	6	6	1.000	F
ਵਾਧਾ	29	0	29	1.000	M
ਵਾਧੂ	4	0	4	1.000	M
ਵਾਧੇ	35	0	35	1.000	M
ਵਾਫਰੀ	0	10	10	1.000	F
ਵਾਫ਼ਰ	4	0	4	1.000	M
ਵਾਫ਼ਰੀ	1	18	19	0.947	mixed
ਵਾਰ	0	6	6	1.000	F
ਵਾਰਤਾ	0	6	6	1.000	F
ਵਾਰਸ	14	2	16	0.875	mixed
ਵਾਰਿਸ	27	2	29	0.931	mixed
ਵਾਰੀ	0	56	56	1.000	F
ਵਾਰੀਆਂ	0	13	13	1.000	F
ਵਾਲ	20	0	20	1.000	M
ਵਾਲ਼	32	0	32	1.000	M
ਵਾਲਾਂ	25	0	25	1.000	M
ਵਾਸ	19	1	20	0.950	M
ਵਾਸਣ	0	4	4	1.000	F
ਵਾਸਤਾ	5	0	5	1.000	M
ਵਾਸਤੇ	6	0	6	1.000	M
ਵਾਸ਼ਨਾ	0	4	4	1.000	F
ਵਾਸਾਂ	8	0	8	1.000	M
ਵਾਸੀ	117	0	117	1.000	M
ਵਾਸੀਆਂ	202	0	202	1.000	M
ਵਾਸੀਓ	26	0	26	1.000	M
ਵਾਹ	0	3	3	1.000	F
ਵਾਹੀ	0	8	8	1.000	F
ਵਾਹੁਣ	5	0	5	1.000	M
ਵਾੜ	0	3	3	1.000	F
ਵਾੜਿਆਂ	8	0	8	1.000	M
ਵਾੜੀ	0	6	6	1.000	F
ਵਾੜੇ	8	0	8	1.000	M
ਵਿਅਰਥ	16	2	18	0.889	mixed
ਵਿਆਖਿਆ	0	10	10	1.000	F
ਵਿਆਹ	34	1	35	0.971	M
ਵਿਉਂਤ	0	3	3	1.000	F
ਵਿਖੇ	477	0	477	1.000	M
ਵਿਗਾੜ	14	0	14	1.000	M
ਵਿਚਕਾਰਲੇ	3	0	3	1.000	M
ਵਿਚਲੀ	2	5	7	0.714	mixed
ਵਿਚਲੇ	4	0	4	1.000	M
ਵਿਚਾਰ	40	6	46	0.870	mixed
ਵਿਚਾਰਾਂ	12	6	18	0.667	mixed
ਵਿਚਾਲਿਓਂ	6	0	6	1.000	M
ਵਿਚਾਲੇ	40	0	40	1.000	M
ਵਿਚੋਂ	38	0	38	1.000	M
ਵਿਚੋਲਾ	6	0	6	1.000	M
ਵਿਛਾਉਣਾ	3	0	3	1.000	M
ਵਿਛਾਉਣਿਆਂ	5	0	5	1.000	M
ਵਿਛਾਉਣੇ	12	0	12	1.000	M
ਵਿਤ	3	0	3	1.000	M
ਵਿਥਿਆ	0	4	4	1.000	F
ਵਿਦਵਾਨਾਂ	4	0	4	1.000	M
ਵਿਧਵਾ	1	4	5	0.800	mixed
ਵਿਧਵਾਂ	0	7	7	1.000	F
ਵਿਧਵਾਵਾਂ	0	3	3	1.000	F
ਵਿਧੀ	0	3	3	1.000	F
ਵਿਧੀਆਂ	0	6	6	1.000	F
ਵਿਨਾਸ਼	9	0	9	1.000	M
ਵਿਭਚਾਰ	20	0	20	1.000	M
ਵਿਭਚਾਰੀ	1	2	3	0.667	mixed
ਵਿਰਤਾਂਤ	5	0	5	1.000	M
ਵਿਰਲਾਪ	4	0	4	1.000	M
ਵਿਰਸਾ	12	0	12	1.000	M
ਵਿਰਸੇ	16	0	16	1.000	M
ਵਿਰਾਨੀ	0	3	3	1.000	F
ਵਿਰਾਸਤ	1	39	40	0.975	F
ਵਿਰੁਧ	5	0	5	1.000	M
ਵਿਰੋਧ	34	0	34	1.000	M
ਵਿਰੋਧਤਾ	2	6	8	0.750	mixed
ਵਿਰੋਧੀ	85	0	85	1.000	M
ਵਿਰੋਧੀਆਂ	79	0	79	1.000	M
ਵਿਵਸਥਾ	0	6	6	1.000	F
ਵਿਵੇਕ	13	0	13	1.000	M
ਵਿਸ	1	2	3	0.667	mixed
ਵਿਸਤਾਰ	3	0	3	1.000	M
ਵਿਸਰਾਮ	3	0	3	1.000	M
ਵਿਸ਼ਰਾਮ	6	0	6	1.000	M
ਵਿਸ਼ਵਾਸ	78	13	91	0.857	mixed
ਵਿਹਾਰ	5	0	5	1.000	M
ਵਿਹਾਰਾਂ	3	0	3	1.000	M
ਵਿਹੜਾ	4	0	4	1.000	M
ਵਿਹੜਿਆਂ	4	0	4	1.000	M
ਵਿਹੜੇ	14	0	14	1.000	M
ਵਿੱਚਕਾਰ	62	1	63	0.984	M
ਵਿੱਚਕਾਰੋਂ	7	0	7	1.000	M
ਵਿੱਚੇ	5	0	5	1.000	M
ਵਿੱਚੋ	5	0	5	1.000	M
ਵਿੱਤ	4	1	5	0.800	mixed
ਵਿੱਥ	0	8	8	1.000	F
ਵਿੱਦਿਆ	0	4	4	1.000	F
ਵਿੱਰੁਧ	3	0	3	1.000	M
ਵਿੱਸ	0	6	6	1.000	F
ਵੀਰ	3	0	3	1.000	M
ਵੀਰਜ	3	0	3	1.000	M
ਵੀਹ	10	8	18	0.556	mixed
ਵੀਹਵੇਂ	10	0	10	1.000	M
ਵੀਹਾਂ	1	2	3	0.667	mixed
ਵੇਖ	0	14	14	1.000	F
ਵੇਖਣ	65	0	65	1.000	M
ਵੇਖਦਿਆਂ	83	0	83	1.000	M
ਵੇਖਿਆ	3	1	4	0.750	mixed
ਵੇਚਣ	6	0	6	1.000	M
ਵੇਦੀ	0	3	3	1.000	F
ਵੇਲ	0	11	11	1.000	F
ਵੇਲਾ	109	0	109	1.000	M
ਵੇਲੇ	227	0	227	1.000	M
ਵੇਹੜਿਆਂ	7	0	7	1.000	M
ਵੇਹੜੇ	46	0	46	1.000	M
ਵੈਰ	5	0	5	1.000	M
ਵੈਰੀ	195	1	196	0.995	M
ਵੈਰੀਆਂ	322	3	325	0.991	M
ਵੰਡ	0	21	21	1.000	F
ਵੰਡਾਂ	0	4	4	1.000	F
ਵੰਸ	27	128	155	0.826	mixed
ਵੰਸ਼	107	21	128	0.836	mixed
ਵੰਸ਼ਾਵਲੀ	0	29	29	1.000	F
ਵੰਸ਼ਾਵਲੀਆਂ	0	4	4	1.000	F
ਵੰਸਾਉਲੀ	0	12	12	1.000	F
ਵੱਖਰੀ	0	3	3	1.000	F
ਵੱਖਰੇ	3	0	3	1.000	M
ਵੱਖੀ	0	10	10	1.000	F
ਵੱਖੀਆਂ	0	4	4	1.000	F
ਵੱਗ	18	0	18	1.000	M
ਵੱਗਾਂ	13	0	13	1.000	M
ਵੱਛਾ	5	0	5	1.000	M
ਵੱਛਿਆਂ	6	0	6	1.000	M
ਵੱਛੀ	0	3	3	1.000	F
ਵੱਛੀਆਂ	0	6	6	1.000	F
ਵੱਛੇ	5	0	5	1.000	M
ਵੱਟਾ	24	0	24	1.000	M
ਵੱਟੇ	58	0	58	1.000	M
ਵੱਡ	6	0	6	1.000	M
ਵੱਡਿਆਂ	15	0	15	1.000	M
ਵੱਡਿਆਈ	0	5	5	1.000	F
ਵੱਡੇ-ਵੱਡੇ	3	0	3	1.000	M
ਵੱਢ	4	0	4	1.000	M
ਵੱਢਣ	13	0	13	1.000	M
ਵੱਢੇ	36	0	36	1.000	M
ਵੱਧ	6	1	7	0.857	mixed
ਵੱਲੋ	1	2	3	0.667	mixed
ਵੱਸ	125	0	125	1.000	M
ਵੱਸਣ	18	1	19	0.947	mixed
ਵੱਸੋਂ	0	19	19	1.000	F
ਸਕਦਾ	26	0	26	1.000	M
ਸਕਦੀ	3	0	3	1.000	M
ਸਕਦੇ	3	0	3	1.000	M
ਸਕਾਂ	4	0	4	1.000	M
ਸਕੇ	7	0	7	1.000	M
ਸਕੇਗਾ	3	0	3	1.000	M
ਸਖਤੀ	2	2	4	0.500	mixed
ਸਖ਼ਤ	3	8	11	0.727	mixed
ਸਗੋਂ	5	4	9	0.556	mixed
ਸਚਿਆਈ	2	44	46	0.957	F
ਸਜ਼ਾ	3	80	83	0.964	F
ਸਜ਼ਾਦੇ	3	0	3	1.000	M
ਸਜਾਵਟ	0	11	11	1.000	F
ਸਣੇ	10	1	11	0.909	mixed
ਸਤ	5	0	5	1.000	M
ਸਤਾਈਵੇਂ	10	0	10	1.000	M
ਸਤਾਉਣ	12	0	12	1.000	M
ਸਤਾਰਵੇਂ	8	0	8	1.000	M
ਸਤਿਕਾਰ	7	0	7	1.000	M
ਸਥਾਨ	75	0	75	1.000	M
ਸਥਾਨਾਂ	5	0	5	1.000	M
ਸਥਾਪਨਾ	0	3	3	1.000	F
ਸਦਕੇ	4	0	4	1.000	M
ਸਦਾ	15	11	26	0.577	mixed
ਸਦੀਪਕ	6	3	9	0.667	mixed
ਸਨਮੁਖ	340	0	340	1.000	M
ਸਨਮੁੱਖ	20	0	20	1.000	M
ਸਪੁਰਦ	3	0	3	1.000	M
ਸਫ਼ਰ	31	0	31	1.000	M
ਸਫ਼ਰਾਂ	5	0	5	1.000	M
ਸਫ਼ਾਈ	0	13	13	1.000	F
ਸਫ਼ੀਲ	0	9	9	1.000	F
ਸਫ਼ੇਦੀ	0	3	3	1.000	F
ਸਫੀਲ	0	12	12	1.000	F
ਸਬਤ	21	0	21	1.000	M
ਸਬਤਾਂ	30	2	32	0.938	mixed
ਸਬਰ	12	0	12	1.000	M
ਸਬੂਤ	4	0	4	1.000	M
ਸਭਨਾ	3	0	3	1.000	M
ਸਭਨਾਂ	44	7	51	0.863	mixed
ਸਭਾ	0	59	59	1.000	F
ਸਮਝ	0	59	59	1.000	F
ਸਮਝਣ	3	0	3	1.000	M
ਸਮਰਥ	2	2	4	0.500	mixed
ਸਮਰਪਣ	11	0	11	1.000	M
ਸਮਰੱਥ	3	8	11	0.727	mixed
ਸਮਰੱਥਾ	6	90	96	0.938	mixed
ਸਮਾ	15	0	15	1.000	M
ਸਮਾਂ	75	0	75	1.000	M
ਸਮਾਚਾਰ	4	0	4	1.000	M
ਸਮਾਜ	3	5	8	0.625	mixed
ਸਮਾਜਾਂ	0	9	9	1.000	F
ਸਮਾਧ	0	5	5	1.000	F
ਸਮਾਨ	79	0	79	1.000	M
ਸਮਾਨਤਾ	0	6	6	1.000	F
ਸਮਿਆਂ	6	0	6	1.000	M
ਸਮੁੰਦਰ	39	2	41	0.951	M
ਸਮੂਹ	5	1	6	0.833	mixed
ਸਮੇ	12	0	12	1.000	M
ਸਮੇਂ	136	0	136	1.000	M
ਸਮੱਗਰੀ	0	4	4	1.000	F
ਸਰਦਲ	1	16	17	0.941	mixed
ਸਰਦਾਰ	289	0	289	1.000	M
ਸਰਦਾਰਾਂ	221	0	221	1.000	M
ਸਰਦਾਰੀ	0	5	5	1.000	F
ਸਰਪੋਸ਼	49	0	49	1.000	M
ਸਰਫ਼ਾ	5	0	5	1.000	M
ਸਰਬੰਧ	4	0	4	1.000	M
ਸਰਬੱਤ	3	0	3	1.000	M
ਸਰਹੱਦ	0	10	10	1.000	F
ਸਰਹੱਦਾਂ	0	3	3	1.000	F
ਸਰਾਪ	16	0	16	1.000	M
ਸਰਾਪੀ	5	0	5	1.000	M
ਸਰਿਸ਼ਟ	0	3	3	1.000	F
ਸਰੀਰ	199	0	199	1.000	M
ਸਰੀਰਕ	5	2	7	0.714	mixed
ਸਰੀਰਾਂ	15	0	15	1.000	M
ਸਰੂਪ	29	0	29	1.000	M
ਸਰੋਤੇ	3	0	3	1.000	M
ਸਲਾਮਤੀ	0	12	12	1.000	F
ਸਲਾਹ	2	81	83	0.976	F
ਸਲਾਹਕਾਰ	4	0	4	1.000	M
ਸਲਾਹਕਾਰਾਂ	7	0	7	1.000	M
ਸਲਾਹਾਂ	0	3	3	1.000	F
ਸਲੀਬ	0	28	28	1.000	F
ਸਵਰਗ	9	1	10	0.900	mixed
ਸਵਰਗੀ	18	0	18	1.000	M
ਸਵਾਗਤ	6	0	6	1.000	M
ਸਵਾਦ	4	0	4	1.000	M
ਸਵਾਮੀ	70	0	70	1.000	M
ਸਵਾਰ	22	0	22	1.000	M
ਸਵਾਰਾਂ	3	0	3	1.000	M
ਸਵਾਰੀ	0	4	4	1.000	F
ਸਵਾਲ	3	0	3	1.000	M
ਸਵਾਲਾਂ	3	0	3	1.000	M
ਸਵੇਰ	4	0	4	1.000	M
ਸਹਾਂਗਾ	0	6	6	1.000	F
ਸਹਾਇਕ	48	0	48	1.000	M
ਸਹਾਇਕਾਂ	10	0	10	1.000	M
ਸਹਾਇਤਾ	1	264	265	0.996	F
ਸਹਾਰਾ	8	0	8	1.000	M
ਸਹਾਰੇ	8	0	8	1.000	M
ਸਹਿ	0	4	4	1.000	F
ਸਹਿਕਰਮੀ	9	0	9	1.000	M
ਸਹਿਜ	2	1	3	0.667	mixed
ਸਹੀ	6	2	8	0.750	mixed
ਸਹੁਰਾ	6	0	6	1.000	M
ਸਹੁਰੇ	16	0	16	1.000	M
ਸਹੁੰ	2	168	170	0.988	F
ਸਹੇਲੀਆਂ	0	13	13	1.000	F
ਸ਼ਕਤੀ	4	133	137	0.971	F
ਸ਼ਕਤੀਆਂ	0	11	11	1.000	F
ਸ਼ਕਤੀਮਾਨ	11	0	11	1.000	M
ਸ਼ਕਲ	30	24	54	0.556	mixed
ਸ਼ਕੇਲ	22	0	22	1.000	M
ਸ਼ਤੀਰ	8	0	8	1.000	M
ਸ਼ਤੀਰਾਂ	4	1	5	0.800	mixed
ਸ਼ਬਦ	54	0	54	1.000	M
ਸ਼ਬਦਾਂ	15	0	15	1.000	M
ਸ਼ਮਾਦਾਨ	8	0	8	1.000	M
ਸ਼ਮਾਦਾਨਾਂ	4	0	4	1.000	M
ਸ਼ਰਧਾਲੂ	6	0	6	1.000	M
ਸ਼ਰਨ	0	22	22	1.000	F
ਸ਼ਰਨਾਰਥੀਆਂ	3	0	3	1.000	M
ਸ਼ਰਮ	0	16	16	1.000	F
ਸ਼ਰਮਿੰਦਗੀ	0	17	17	1.000	F
ਸ਼ਰਾ	0	15	15	1.000	F
ਸ਼ਰਾਬ	0	6	6	1.000	F
ਸ਼ਰਾਬੀਆਂ	4	0	4	1.000	M
ਸ਼ਰਾਰਤ	0	4	4	1.000	F
ਸ਼ਰੀਕ	3	0	3	1.000	M
ਸ਼ਰੀਫ	6	0	6	1.000	M
ਸ਼ਰੀਰ	42	0	42	1.000	M
ਸ਼ਰੀਰਾਂ	5	0	5	1.000	M
ਸ਼ਰ੍ਹਾ	0	13	13	1.000	F
ਸ਼ਸਤਰ	39	2	41	0.951	M
ਸ਼ਸਤਰਾਂ	7	0	7	1.000	M
ਸ਼ਸਤ੍ਰ	25	1	26	0.962	M
ਸ਼ਹਿਜ਼ਾਦਾ	3	0	3	1.000	M
ਸ਼ਹਿਜ਼ਾਦੇ	3	0	3	1.000	M
ਸ਼ਹਿਰ	289	6	295	0.980	M
ਸ਼ਹਿਰਪਨਾਹ	1	21	22	0.955	F
ਸ਼ਹਿਰਾਂ	187	0	187	1.000	M
ਸ਼ਹਿਰੋਂ	6	0	6	1.000	M
ਸ਼ਾਂਤੀ	0	39	39	1.000	F
ਸ਼ਾਖ	1	3	4	0.750	mixed
ਸ਼ਾਖਾਂ	0	4	4	1.000	F
ਸ਼ਾਨ	0	37	37	1.000	F
ਸ਼ਾਨਦਾਰ	6	4	10	0.600	mixed
ਸ਼ਾਮ	1	11	12	0.917	mixed
ਸ਼ਾਮਲਾਟ	0	61	61	1.000	F
ਸ਼ਾਮਲਾਟਾਂ	0	44	44	1.000	F
ਸ਼ਾਮਲਾਤ	0	54	54	1.000	F
ਸ਼ਾਮਲਾਤਾਂ	0	49	49	1.000	F
ਸ਼ਾਸਨ	21	0	21	1.000	M
ਸ਼ਾਹ	3	0	3	1.000	M
ਸ਼ਾਹੀ	18	7	25	0.720	mixed
ਸ਼ਿਕਾਇਤ	0	4	4	1.000	F
ਸ਼ਿਕਾਰ	28	0	28	1.000	M
ਸ਼ਿਕਾਰੀ	7	0	7	1.000	M
ਸ਼ਿੰਗਾਰ	3	0	3	1.000	M
ਸ਼ੁਕਰ	10	0	10	1.000	M
ਸ਼ੁਕਰਾਨਾ	8	0	8	1.000	M
ਸ਼ੁਭ	4	1	5	0.800	mixed
ਸ਼ੁਰੂ	5	0	5	1.000	M
ਸ਼ੁਰੂਆਤ	0	4	4	1.000	F
ਸ਼ੁੱਧ	25	0	25	1.000	M
ਸ਼ੁੱਧਤਾ	0	4	4	1.000	F
ਸ਼ੇਰਨੀ	0	5	5	1.000	F
ਸ਼ੋਭਾ	0	14	14	1.000	F
ਸ਼ੋਰ	24	0	24	1.000	M
ਸ਼ੱਸਤ੍ਰ	6	0	6	1.000	M
ਸਾਂਝ	0	3	3	1.000	F
ਸਾਂਝੀ	28	1	29	0.966	M
ਸਾਂਝੇ	3	0	3	1.000	M
ਸਾਂਭ	0	3	3	1.000	F
ਸਾਂਭਣ	4	0	4	1.000	M
ਸਾਈ	0	6	6	1.000	F
ਸਾਏ	6	0	6	1.000	M
ਸਾਕ	18	1	19	0.947	mixed
ਸਾਕਾਂ	15	0	15	1.000	M
ਸਾਕੀ	10	0	10	1.000	M
ਸਾਖੀ	3	37	40	0.925	mixed
ਸਾਖੀਆਂ	0	59	59	1.000	F
ਸਾਗ	14	0	14	1.000	M
ਸਾਜਣਹਾਰ	3	0	3	1.000	M
ਸਾਜ਼	4	0	4	1.000	M
ਸਾਜਿਸ਼	0	3	3	1.000	F
ਸਾਢੇ	4	0	4	1.000	M
ਸਾਥ	3	0	3	1.000	M
ਸਾਥਣ	0	3	3	1.000	F
ਸਾਥੀ	74	0	74	1.000	M
ਸਾਥੀਆਂ	55	0	55	1.000	M
ਸਾਧਨ	3	0	3	1.000	M
ਸਾਨੂੰ	4	8	12	0.667	mixed
ਸਾਫ਼	3	1	4	0.750	mixed
ਸਾਮਰਥ	0	10	10	1.000	F
ਸਾਮਰਿਯਾ	2	2	4	0.500	mixed
ਸਾਮਾਨ	4	0	4	1.000	M
ਸਾਮ੍ਹਣੇ	3	0	3	1.000	M
ਸਾਯਾ	13	0	13	1.000	M
ਸਾਯੇ	39	0	39	1.000	M
ਸਾਰ	2	3	5	0.600	mixed
ਸਾਰਥੀ	8	0	8	1.000	M
ਸਾਲ	47	0	47	1.000	M
ਸਾਲਾਂ	8	0	8	1.000	M
ਸਾਹ	52	0	52	1.000	M
ਸਾਹਮਣਾ	82	0	82	1.000	M
ਸਾਹਲ	4	0	4	1.000	M
ਸਾੜਨ	2	1	3	0.667	mixed
ਸਿਆਣ	0	5	5	1.000	F
ਸਿਆਣਪ	0	12	12	1.000	F
ਸਿਆਣੇ	10	0	10	1.000	M
ਸਿਆਪੇ	4	0	4	1.000	M
ਸਿਆੜਾਂ	4	0	4	1.000	M
ਸਿਖਾਉਣ	5	0	5	1.000	M
ਸਿਖਾਏ	3	0	3	1.000	M
ਸਿਖਿਆ	0	4	4	1.000	F
ਸਿਖਿਆਵਾਂ	0	9	9	1.000	F
ਸਿਦਕੀਯਾਹ	3	0	3	1.000	M
ਸਿਧਿਆਈ	0	11	11	1.000	F
ਸਿਪਾਹੀ	8	0	8	1.000	M
ਸਿਪਾਹੀਆਂ	7	0	7	1.000	M
ਸਿਮਰਨ	10	0	10	1.000	M
ਸਿਰ	599	2	601	0.997	M
ਸਿਰਕਰਦਾ	3	0	3	1.000	M
ਸਿਰਕਾ	4	0	4	1.000	M
ਸਿਰਜਣਹਾਰ	29	0	29	1.000	M
ਸਿਰਜਣਾ	0	6	6	1.000	F
ਸਿਰਫ਼	5	0	5	1.000	M
ਸਿਰਹਾਂਦੀ	0	3	3	1.000	F
ਸਿਰਹਾਣਾ	4	0	4	1.000	M
ਸਿਰਹਾਣੇ	7	1	8	0.875	mixed
ਸਿਰਾ	12	0	12	1.000	M
ਸਿਰਾਂ	74	0	74	1.000	M
ਸਿਰਿਆਂ	25	0	25	1.000	M
ਸਿਰੇ	80	1	81	0.988	M
ਸਿੰਗ	28	0	28	1.000	M
ਸਿੰਗਾਂ	27	0	27	1.000	M
ਸਿੰਘਾਂ	4	0	4	1.000	M
ਸਿੰਘਾਸਣ	104	0	104	1.000	M
ਸਿੰਘਾਸਣਾਂ	8	0	8	1.000	M
ਸਿੰਙ	37	1	38	0.974	M
ਸਿੰਙਾਂ	5	0	5	1.000	M
ਸਿੱਕਾ	3	0	3	1.000	M
ਸਿੱਕੇ	11	0	11	1.000	M
ਸਿੱਖਿਆ	1	89	90	0.989	F
ਸਿੱਟਾ	3	0	3	1.000	M
ਸਿੱਧੇ	4	0	4	1.000	M
ਸੀਨਾ	6	0	6	1.000	M
ਸੀਨੇ	13	0	13	1.000	M
ਸੀਸ	5	0	5	1.000	M
ਸੁਆਗਤ	3	0	3	1.000	M
ਸੁਆਦ	24	0	24	1.000	M
ਸੁਆਦਲਾ	6	0	6	1.000	M
ਸੁਆਦਲੇ	9	0	9	1.000	M
ਸੁਆਮੀ	243	0	243	1.000	M
ਸੁਆਮੀਆਂ	4	0	4	1.000	M
ਸੁਆਸ	7	0	7	1.000	M
ਸੁਆਹ	0	23	23	1.000	F
ਸੁਖ	9	37	46	0.804	mixed
ਸੁਗੰਧ	0	17	17	1.000	F
ਸੁਗੰਧਤਾ	0	10	10	1.000	F
ਸੁਗੰਧੀ	0	5	5	1.000	F
ਸੁਣ	0	48	48	1.000	F
ਸੁਣਦਾ	0	28	28	1.000	F
ਸੁਣਦਿਆਂ	14	0	14	1.000	M
ਸੁਣਦੀ	0	4	4	1.000	F
ਸੁਣਦੀਆਂ	0	4	4	1.000	F
ਸੁਣਦੇ	5	9	14	0.643	mixed
ਸੁਣਨ	45	9	54	0.833	mixed
ਸੁਣਨਾ	2	2	4	0.500	mixed
ਸੁਣਨੀ	0	3	3	1.000	F
ਸੁਣਾਂਗਾ	0	4	4	1.000	F
ਸੁਣਾਉਣ	6	0	6	1.000	M
ਸੁਣਿਆ	1	2	3	0.667	mixed
ਸੁਣਿਓ	0	4	4	1.000	F
ਸੁਣੀ	0	36	36	1.000	F
ਸੁਣੇ	0	10	10	1.000	F
ਸੁਣੇਗਾ	0	6	6	1.000	F
ਸੁਣੋ	0	54	54	1.000	F
ਸੁਧਾਰ	5	0	5	1.000	M
ਸੁਨਹਿਰੀ	4	4	8	0.500	mixed
ਸੁਨੇਹਾ	3	0	3	1.000	M
ਸੁਨੇਹੇ	7	0	7	1.000	M
ਸੁਫਨਾ	3	0	3	1.000	M
ਸੁਫਨਿਆਂ	6	0	6	1.000	M
ਸੁਫਨੇ	8	0	8	1.000	M
ਸੁਫ਼ਨਾ	6	0	6	1.000	M
ਸੁਫ਼ਨਿਆਂ	4	0	4	1.000	M
ਸੁਫ਼ਨੇ	12	0	12	1.000	M
ਸੁਭਾਅ	4	0	4	1.000	M
ਸੁਭਾਓ	5	0	5	1.000	M
ਸੁਰ	5	3	8	0.625	mixed
ਸੁਰਗ	3	0	3	1.000	M
ਸੁਰਗੀ	17	0	17	1.000	M
ਸੁਰੀਤ	0	13	13	1.000	F
ਸੁਰੱਖਿਆ	1	2	3	0.667	mixed
ਸੁਹੱਪਣ	15	1	16	0.938	mixed
ਸੁੰਦਰਤਾ	0	22	22	1.000	F
ਸੁੰਨਤ	2	79	81	0.975	F
ਸੁੰਨਤਾਂ	0	3	3	1.000	F
ਸੁੰਬ	14	0	14	1.000	M
ਸੁੰਮਾਂ	4	0	4	1.000	M
ਸੁੱਕੀ	0	7	7	1.000	F
ਸੁੱਖ	9	13	22	0.591	mixed
ਸੁੱਖ-ਸਾਂਦ	3	48	51	0.941	mixed
ਸੁੱਖਣਾ	2	35	37	0.946	mixed
ਸੁੱਖਣਾਂ	0	23	23	1.000	F
ਸੁੱਚਮਤਾਈ	0	5	5	1.000	F
ਸੁੱਧ	0	14	14	1.000	F
ਸੂਝ	0	4	4	1.000	F
ਸੂਬਿਆਂ	6	0	6	1.000	M
ਸੂਬੇ	14	0	14	1.000	M
ਸੂਬੇਦਾਰ	4	0	4	1.000	M
ਸੂਬੇਦਾਰਾਂ	4	0	4	1.000	M
ਸੂਰਜ	11	2	13	0.846	mixed
ਸੂਰਤ	0	7	7	1.000	F
ਸੂਰਬੀਰਾਂ	8	0	8	1.000	M
ਸੂਰਮਿਆਂ	22	0	22	1.000	M
ਸੂਰਮੇ	19	0	19	1.000	M
ਸੂਹ	0	4	4	1.000	F
ਸੇਜ	0	8	8	1.000	F
ਸੇਜ਼	0	4	4	1.000	F
ਸੇਧ	0	7	7	1.000	F
ਸੇਵਕ	235	0	235	1.000	M
ਸੇਵਕਾਂ	121	1	122	0.992	M
ਸੇਵਕਾਈ	2	8	10	0.800	mixed
ਸੇਵਕੋ	8	0	8	1.000	M
ਸੇਵਾ	5	284	289	0.983	F
ਸੇਵਾਦਾਰ	20	0	20	1.000	M
ਸੈਂਤੀਵੇਂ	6	0	6	1.000	M
ਸੈਨਾ	11	33	44	0.750	mixed
ਸੈਨਾਂ	4	76	80	0.950	F
ਸੈਨਾਪਤੀ	47	0	47	1.000	M
ਸੈਨਾਪਤੀਆਂ	3	0	3	1.000	M
ਸੋਂਹ	0	11	11	1.000	F
ਸੋਗ	41	0	41	1.000	M
ਸੋਗਾਂ	3	0	3	1.000	M
ਸੋਚ	1	13	14	0.929	mixed
ਸੋਚਾਂ	0	18	18	1.000	F
ਸੋਜ	0	3	3	1.000	F
ਸੋਟੀ	0	10	10	1.000	F
ਸੋਤਾ	17	0	17	1.000	M
ਸੋਤਿਆਂ	13	0	13	1.000	M
ਸੋਤੇ	34	0	34	1.000	M
ਸੋਨਾ	26	0	26	1.000	M
ਸੋਨੇ	30	4	34	0.882	mixed
ਸੋਭਾ	0	7	7	1.000	F
ਸੋਲਾਂ	1	5	6	0.833	mixed
ਸੋਹਣਾ	6	0	6	1.000	M
ਸੋਹਣੇ	15	0	15	1.000	M
ਸੌ	8	7	15	0.533	mixed
ਸੌਂਹ	2	140	142	0.986	F
ਸੌਣ	7	0	7	1.000	M
ਸੌਤੇਲੀ	0	4	4	1.000	F
ਸੌਦਾ	10	0	10	1.000	M
ਸੌਦੇ	5	0	5	1.000	M
ਸੌਹਰਾ	8	0	8	1.000	M
ਸੌਹਰੇ	25	0	25	1.000	M
ਸੜਨ	4	3	7	0.571	mixed
ਸੜੇ	4	0	4	1.000	M
ਸੜ੍ਹਾਂ	0	3	3	1.000	F
ਸੰਗ	176	0	176	1.000	M
ਸੰਗਤ	0	35	35	1.000	F
ਸੰਗਲ	5	0	5	1.000	M
ਸੰਗੀ	5	0	5	1.000	M
ਸੰਘ	11	0	11	1.000	M
ਸੰਜਾਫ਼	0	16	16	1.000	F
ਸੰਜੋ	0	4	4	1.000	F
ਸੰਝ	0	4	4	1.000	F
ਸੰਤ	10	0	10	1.000	M
ਸੰਤਾਂ	28	0	28	1.000	M
ਸੰਤਾਨ	6	388	394	0.985	F
ਸੰਤੋ	4	0	4	1.000	M
ਸੰਦਾਂ	5	0	5	1.000	M
ਸੰਦੂਕ	290	0	290	1.000	M
ਸੰਦੇਸ਼	13	0	13	1.000	M
ਸੰਦੇਸ਼ਵਾਹਕਾਂ	5	0	5	1.000	M
ਸੰਪਤੀ	0	4	4	1.000	F
ਸੰਪੂਰਨ	2	1	3	0.667	mixed
ਸੰਬੰਧੀ	3	0	3	1.000	M
ਸੰਭਾਲ	0	7	7	1.000	F
ਸੰਭਾਲੂ	3	0	3	1.000	M
ਸੰਮਾਂ	4	0	4	1.000	M
ਸੱਕਦਾ	12	0	12	1.000	M
ਸੱਕੇ	7	0	7	1.000	M
ਸੱਚ	6	1	7	0.857	mixed
ਸੱਚਾ	5	0	5	1.000	M
ਸੱਚਿਆਈ	0	3	3	1.000	F
ਸੱਚੀ	0	8	8	1.000	F
ਸੱਚੀਆਂ	0	3	3	1.000	F
ਸੱਚੇ	9	0	9	1.000	M
ਸੱਜਣ	3	0	3	1.000	M
ਸੱਜਾ	78	0	78	1.000	M
ਸੱਜੀ	0	10	10	1.000	F
ਸੱਜੇ	234	1	235	0.996	M
ਸੱਟ	0	8	8	1.000	F
ਸੱਤ	60	22	82	0.732	mixed
ਸੱਤਰ	19	0	19	1.000	M
ਸੱਤਵੇਂ	12	0	12	1.000	M
ਸੱਤਾਂ	9	2	11	0.818	mixed
ਸੱਤਿਆ	28	0	28	1.000	M
ਸੱਤਿਆਨਾਸ	31	0	31	1.000	M
ਸੱਤੇ	5	2	7	0.714	mixed
ਸੱਦਣ	5	0	5	1.000	M
ਸੱਦੇ	8	0	8	1.000	M
ਸੱਪ	6	0	6	1.000	M
ਸੱਭੇ	9	1	10	0.900	mixed
ਸੱਭੋ	6	0	6	1.000	M
ਸੱਸ	0	36	36	1.000	F
ਹਕੀਕਤ	0	3	3	1.000	F
ਹਕੂਮਤ	0	6	6	1.000	F
ਹਜ਼ਾਰ	5	0	5	1.000	M
ਹਜ਼ਾਰਾਂ	22	0	22	1.000	M
ਹਜ਼ੂਰ	86	1	87	0.989	M
ਹਜ਼ੂਰੀ	0	30	30	1.000	F
ਹਜ਼ੂਰੋਂ	28	0	28	1.000	M
ਹਜੀਰ	2	1	3	0.667	mixed
ਹਜੂਰ	19	0	19	1.000	M
ਹਜੂਰੀ	0	7	7	1.000	F
ਹਟਿਆ	3	0	3	1.000	M
ਹਠ	4	0	4	1.000	M
ਹਥਿਆਰ	27	0	27	1.000	M
ਹਥਿਆਰਾਂ	4	0	4	1.000	M
ਹਥੇਲੀ	0	4	4	1.000	F
ਹਥੇਲੀਆਂ	0	6	6	1.000	F
ਹਨੇਰੀ	0	3	3	1.000	F
ਹਨੇਰੇ	5	0	5	1.000	M
ਹਯਾਤੀ	0	14	14	1.000	F
ਹਰਾਮਕਾਰੀ	0	14	14	1.000	F
ਹਰੇ	12	0	12	1.000	M
ਹਰੇਕ	37	19	56	0.661	mixed
ਹਰੋਸ਼ਥ	6	0	6	1.000	M
ਹਲ	1	2	3	0.667	mixed
ਹਲਕਾਰਿਆਂ	7	0	7	1.000	M
ਹਲੀਮੀ	0	3	3	1.000	F
ਹਵਾ	0	26	26	1.000	F
ਹਵਾਲੇ	88	0	88	1.000	M
ਹਾਂਡੀ	0	4	4	1.000	F
ਹਾਕਮ	123	0	123	1.000	M
ਹਾਕਮਾਂ	39	0	39	1.000	M
ਹਾਣ	1	2	3	0.667	mixed
ਹਾਨ	1	2	3	0.667	mixed
ਹਾਨੀ	0	17	17	1.000	F
ਹਾਮੀ	0	4	4	1.000	F
ਹਾਰ	8	0	8	1.000	M
ਹਾਲ	48	0	48	1.000	M
ਹਾਲਤ	0	5	5	1.000	F
ਹਾਲੀ	3	0	3	1.000	M
ਹਾਸਲ	8	0	8	1.000	M
ਹਾਸਾ	3	0	3	1.000	M
ਹਾਸੀ	0	4	4	1.000	F
ਹਾੜੀ	0	5	5	1.000	F
ਹਿਆਉ	5	0	5	1.000	M
ਹਿਆਉਂ	3	0	3	1.000	M
ਹਿਰਦਿਆਂ	10	0	10	1.000	M
ਹਿਰਦੇ	17	0	17	1.000	M
ਹਿਰਸ	0	6	6	1.000	F
ਹਿਸਾਬ	9	0	9	1.000	M
ਹਿੰਮਤ	0	6	6	1.000	F
ਹਿੱਕ	1	16	17	0.941	mixed
ਹਿੱਸਾ	79	0	79	1.000	M
ਹਿੱਸਿਆਂ	7	0	7	1.000	M
ਹਿੱਸੇ	51	0	51	1.000	M
ਹੀਨ	10	0	10	1.000	M
ਹੁਕਮ	400	0	400	1.000	M
ਹੁਕਮਨਾਮਾ	5	0	5	1.000	M
ਹੁਕਮਨਾਮੇ	6	0	6	1.000	M
ਹੁਕਮਾਂ	205	0	205	1.000	M
ਹੁਣ	8	4	12	0.667	mixed
ਹੁੰਦਾ	7	0	7	1.000	M
ਹੁੰਦਿਆਂ	25	0	25	1.000	M
ਹੁੰਦੀ	0	10	10	1.000	F
ਹੁੰਦੀਆਂ	2	3	5	0.600	mixed
ਹੁੰਦੇ	8	0	8	1.000	M
ਹੁੱਦੇ	5	0	5	1.000	M
ਹੇਠਲਿਆਂ	3	0	3	1.000	M
ਹੇਠਲੇ	35	0	35	1.000	M
ਹੈਂ	7	0	7	1.000	M
ਹੈਕਲ	0	95	95	1.000	F
ਹੋਇਆ	31	0	31	1.000	M
ਹੋਈ	0	13	13	1.000	F
ਹੋਏ	3	0	3	1.000	M
ਹੋਕਾ	9	0	9	1.000	M
ਹੋਕੇ	2	2	4	0.500	mixed
ਹੋਣ	49	20	69	0.710	mixed
ਹੋਣਗੀਆਂ	0	4	4	1.000	F
ਹੋਣਗੇ	24	0	24	1.000	M
ਹੋਣਾ	3	0	3	1.000	M
ਹੋਮ	9	102	111	0.919	mixed
ਹੋਮਰ	6	0	6	1.000	M
ਹੋਰਨਾਂ	3	0	3	1.000	M
ਹੋਰੇਬ	2	2	4	0.500	mixed
ਹੋਵੇ	53	19	72	0.736	mixed
ਹੋਵੇਗਾ	37	0	37	1.000	M
ਹੋਵੇਗੀ	0	26	26	1.000	F
ਹੋਸ਼	4	1	5	0.800	mixed
ਹੋੜੇ	15	0	15	1.000	M
ਹੌਂਸਲਾ	14	1	15	0.933	mixed
ਹੌਂਸਲੇ	3	0	3	1.000	M
ਹੌਦ	3	0	3	1.000	M
ਹੌਲ	5	0	5	1.000	M
ਹੌਲੀ	2	2	4	0.500	mixed
ਹੜਾਂ	2	1	3	0.667	mixed
ਹੜ੍ਹ	17	0	17	1.000	M
ਹੜ੍ਹਾਂ	7	0	7	1.000	M
ਹੰਕਾਰ	45	0	45	1.000	M
ਹੰਜ਼ੀਰ	2	3	5	0.600	mixed
ਹੰਝੂ	5	0	5	1.000	M
ਹੱਕ	130	0	130	1.000	M
ਹੱਕਦਾਰ	7	0	7	1.000	M
ਹੱਡੀ	0	21	21	1.000	F
ਹੱਡੀਆਂ	0	134	134	1.000	F
ਹੱਥ	1721	4	1725	0.998	M
ਹੱਥ-ਪੈਰ	10	0	10	1.000	M
ਹੱਥਾਂ	322	0	322	1.000	M
ਹੱਥੀ	5	0	5	1.000	M
ਹੱਥੀਂ	97	4	101	0.960	M
ਹੱਥੋਂ	467	0	467	1.000	M
ਹੱਦ	0	217	217	1.000	F
ਹੱਦਾਂ	2	144	146	0.986	F
ਹੱਦੋਂ	0	12	12	1.000	F
ਹੱੱਥ	3	0	3	1.000	M
