stem	direct_form	oblique_form	direct	oblique	total	direct_share
ਅਕੂਲ	ਅਕੂਲਾ	ਅਕੂਲੇ	8	0	8	1.000
ਅਖਾਯ	ਅਖਾਯਾ	ਅਖਾਯੇ	18	0	18	1.000
ਅਗਿਆਨਤ	ਅਗਿਆਨਤਾ	ਅਗਿਆਨਤੇ	4	0	4	1.000
ਅਗ੍ਰਿੱਪ	ਅਗ੍ਰਿੱਪਾ	ਅਗ੍ਰਿੱਪੇ	7	0	7	1.000
ਅਚਰਜਤ	ਅਚਰਜਤਾ	ਅਚਰਜਤੇ	5	0	5	1.000
ਅਜ਼ਰ	ਅਜ਼ਰਾ	ਅਜ਼ਰੇ	14	0	14	1.000
ਅਨੇਰ	ਅਨੇਰਾ	ਅਨੇਰੇ	0	5	5	0.000
ਅਨ੍ਹੇਰ	ਅਨ੍ਹੇਰਾ	ਅਨ੍ਹੇਰੇ	0	77	77	0.000
ਅਮਰਤ	ਅਮਰਤਾ	ਅਮਰਤੇ	5	0	5	1.000
ਅਮਾਮ	ਅਮਾਮਾ	ਅਮਾਮੇ	0	9	9	0.000
ਅਮਾਸ	ਅਮਾਸਾ	ਅਮਾਸੇ	14	0	14	1.000
ਅਰਤਹਸ਼ਸ਼ਤ	ਅਰਤਹਸ਼ਸ਼ਤਾ	ਅਰਤਹਸ਼ਸ਼ਤੇ	14	0	14	1.000
ਅਰਸ	ਅਰਸਾ	ਅਰਸੇ	2	2	4	0.500
ਅਲੀਸ਼	ਅਲੀਸ਼ਾ	ਅਲੀਸ਼ੇ	85	0	85	1.000
ਅਲੀਸ਼ਾਮ	ਅਲੀਸ਼ਾਮਾ	ਅਲੀਸ਼ਾਮੇ	5	0	5	1.000
ਅਵਸਥ	ਅਵਸਥਾ	ਅਵਸਥੇ	12	0	12	1.000
ਅਸ਼ੁੱਧਤ	ਅਸ਼ੁੱਧਤਾ	ਅਸ਼ੁੱਧਤੇ	5	0	5	1.000
ਅਸਾਮ	ਅਸਾਮਾ	ਅਸਾਮੇ	4	0	4	1.000
ਅਸਿਯ	ਅਸਿਯਾ	ਅਸਿਯੇ	22	0	22	1.000
ਅਹਵ	ਅਹਵਾ	ਅਹਵੇ	4	0	4	1.000
ਅਹੁਦ	ਅਹੁਦਾ	ਅਹੁਦੇ	0	5	5	0.000
ਅੰਗੂਠ	ਅੰਗੂਠਾ	ਅੰਗੂਠੇ	0	10	10	0.000
ਅੰਤਾਕਿਯ	ਅੰਤਾਕਿਯਾ	ਅੰਤਾਕਿਯੇ	28	0	28	1.000
ਅੰਨ੍ਹ	ਅੰਨ੍ਹਾ	ਅੰਨ੍ਹੇ	0	20	20	0.000
ਆਕੀਪੁਣ	ਆਕੀਪੁਣਾ	ਆਕੀਪੁਣੇ	0	3	3	0.000
ਆਖ	ਆਖਾ	ਆਖੇ	0	9	9	0.000
ਆਟ	ਆਟਾ	ਆਟੇ	0	20	20	0.000
ਆਤਮ	ਆਤਮਾ	ਆਤਮੇ	475	10	485	0.979
ਆਪਣ	ਆਪਣਾ	ਆਪਣੇ	1	1045	1046	0.001
ਆਸ	ਆਸਾ	ਆਸੇ	85	2	87	0.977
ਆਹਲਣ	ਆਹਲਣਾ	ਆਹਲਣੇ	0	4	4	0.000
ਆੱਸ	ਆੱਸਾ	ਆੱਸੇ	0	3	3	0.000
ਇਕਲੌਤ	ਇਕਲੌਤਾ	ਇਕਲੌਤੇ	0	8	8	0.000
ਇਕੱਲ	ਇਕੱਲਾ	ਇਕੱਲੇ	0	11	11	0.000
ਇਤਾਲਿਯ	ਇਤਾਲਿਯਾ	ਇਤਾਲਿਯੇ	8	0	8	1.000
ਇਰਾਦ	ਇਰਾਦਾ	ਇਰਾਦੇ	0	9	9	0.000
ਇਲਾਕ	ਇਲਾਕਾ	ਇਲਾਕੇ	0	65	65	0.000
ਇਸਦ	ਇਸਦਾ	ਇਸਦੇ	0	3	3	0.000
ਇੰਨ੍ਹ	ਇੰਨ੍ਹਾ	ਇੰਨ੍ਹੇ	10	0	10	1.000
ਇੱਕਲ	ਇੱਕਲਾ	ਇੱਕਲੇ	0	3	3	0.000
ਇੱਛ	ਇੱਛਾ	ਇੱਛੇ	28	0	28	1.000
ਈਰਖ	ਈਰਖਾ	ਈਰਖੇ	7	0	7	1.000
ਉਜਾਲ	ਉਜਾਲਾ	ਉਜਾਲੇ	0	5	5	0.000
ਉਨ੍ਹ	ਉਨ੍ਹਾ	ਉਨ੍ਹੇ	100	0	100	1.000
ਉਪਮ	ਉਪਮਾ	ਉਪਮੇ	4	0	4	1.000
ਉਪਾਸਨ	ਉਪਾਸਨਾ	ਉਪਾਸਨੇ	70	0	70	1.000
ਉਲਾਂਭ	ਉਲਾਂਭਾ	ਉਲਾਂਭੇ	0	6	6	0.000
ਉਲਾਹਮ	ਉਲਾਹਮਾ	ਉਲਾਹਮੇ	0	6	6	0.000
ਉਸਤਰ	ਉਸਤਰਾ	ਉਸਤਰੇ	0	4	4	0.000
ਉਸਦ	ਉਸਦਾ	ਉਸਦੇ	0	22	22	0.000
ਉਹਦ	ਉਹਦਾ	ਉਹਦੇ	0	5	5	0.000
ਉਹਨ	ਉਹਨਾ	ਉਹਨੇ	18	0	18	1.000
ਉੱਚ	ਉੱਚਾ	ਉੱਚੇ	0	8	8	0.000
ਉੱਜ਼	ਉੱਜ਼ਾ	ਉੱਜ਼ੇ	10	0	10	1.000
ਏਫ	ਏਫਾ	ਏਫੇ	8	1	9	0.889
ਐਨ	ਐਨਾ	ਐਨੇ	0	8	8	0.000
ਓਪਰ	ਓਪਰਾ	ਓਪਰੇ	0	23	23	0.000
ਓਹਨ	ਓਹਨਾ	ਓਹਨੇ	3	0	3	1.000
ਕਟੋਰ	ਕਟੋਰਾ	ਕਟੋਰੇ	0	25	25	0.000
ਕਠੋਰਤ	ਕਠੋਰਤਾ	ਕਠੋਰਤੇ	3	0	3	1.000
ਕਥ	ਕਥਾ	ਕਥੇ	8	0	8	1.000
ਕਬਜ਼	ਕਬਜ਼ਾ	ਕਬਜ਼ੇ	0	41	41	0.000
ਕਯਾਫ਼	ਕਯਾਫ਼ਾ	ਕਯਾਫ਼ੇ	10	0	10	1.000
ਕਰਕ	ਕਰਕਾ	ਕਰਕੇ	2	10	12	0.167
ਕਰਤ	ਕਰਤਾ	ਕਰਤੇ	5	0	5	1.000
ਕਲੀਸਿਯ	ਕਲੀਸਿਯਾ	ਕਲੀਸਿਯੇ	151	0	151	1.000
ਕਾਂਬ	ਕਾਂਬਾ	ਕਾਂਬੇ	0	4	4	0.000
ਕਾਨ	ਕਾਨਾ	ਕਾਨੇ	10	25	35	0.286
ਕਾਮਨ	ਕਾਮਨਾ	ਕਾਮਨੇ	7	0	7	1.000
ਕਿਨਾਰ	ਕਿਨਾਰਾ	ਕਿਨਾਰੇ	0	7	7	0.000
ਕਿਰਪ	ਕਿਰਪਾ	ਕਿਰਪੇ	172	0	172	1.000
ਕਿਲ	ਕਿਲਾ	ਕਿਲੇ	0	13	13	0.000
ਕਿਲਕਿਯ	ਕਿਲਕਿਯਾ	ਕਿਲਕਿਯੇ	6	0	6	1.000
ਕਿਲਿਕਿਯ	ਕਿਲਿਕਿਯਾ	ਕਿਲਿਕਿਯੇ	3	0	3	1.000
ਕੀਤ	ਕੀਤਾ	ਕੀਤੇ	0	8	8	0.000
ਕੀੜ	ਕੀੜਾ	ਕੀੜੇ	0	10	10	0.000
ਕੁਹਾੜ	ਕੁਹਾੜਾ	ਕੁਹਾੜੇ	0	3	3	0.000
ਕੁੜਤ	ਕੁੜਤਾ	ਕੁੜਤੇ	0	6	6	0.000
ਕੁੱਤ	ਕੁੱਤਾ	ਕੁੱਤੇ	0	13	13	0.000
ਕੂੜ	ਕੂੜਾ	ਕੂੜੇ	0	11	11	0.000
ਕੈਦਖ਼ਾਨ	ਕੈਦਖ਼ਾਨਾ	ਕੈਦਖ਼ਾਨੇ	0	39	39	0.000
ਕੈਸਰਿਯ	ਕੈਸਰਿਯਾ	ਕੈਸਰਿਯੇ	30	0	30	1.000
ਕੋਨ	ਕੋਨਾ	ਕੋਨੇ	0	6	6	0.000
ਕੌੜ	ਕੌੜਾ	ਕੌੜੇ	0	4	4	0.000
ਕੜ	ਕੜਾ	ਕੜੇ	0	4	4	0.000
ਕੜਾਹ	ਕੜਾਹਾ	ਕੜਾਹੇ	0	3	3	0.000
ਕੰਖਰਿਯ	ਕੰਖਰਿਯਾ	ਕੰਖਰਿਯੇ	4	0	4	1.000
ਕੰਡ	ਕੰਡਾ	ਕੰਡੇ	0	9	9	0.000
ਕੰਡਿਆਲ	ਕੰਡਿਆਲਾ	ਕੰਡਿਆਲੇ	0	8	8	0.000
ਕੰਢ	ਕੰਢਾ	ਕੰਢੇ	0	94	94	0.000
ਕੰਧ	ਕੰਧਾ	ਕੰਧੇ	4	0	4	1.000
ਕੰਨ	ਕੰਨਾ	ਕੰਨੇ	5	0	5	1.000
ਕੰਮ	ਕੰਮਾ	ਕੰਮੇ	9	0	9	1.000
ਕੰਮ-ਧੰਦ	ਕੰਮ-ਧੰਦਾ	ਕੰਮ-ਧੰਦੇ	0	6	6	0.000
ਕੱਪੜ	ਕੱਪੜਾ	ਕੱਪੜੇ	2	70	72	0.028
ਕੱਸ	ਕੱਸਾ	ਕੱਸੇ	0	8	8	0.000
ਖਜ਼ਾਨ	ਖਜ਼ਾਨਾ	ਖਜ਼ਾਨੇ	0	27	27	0.000
ਖਤਰ	ਖਤਰਾ	ਖਤਰੇ	0	3	3	0.000
ਖਲਵਾੜ	ਖਲਵਾੜਾ	ਖਲਵਾੜੇ	0	4	4	0.000
ਖ਼ਜ਼ਾਨ	ਖ਼ਜ਼ਾਨਾ	ਖ਼ਜ਼ਾਨੇ	0	30	30	0.000
ਖ਼ਾਨ	ਖ਼ਾਨਾ	ਖ਼ਾਨੇ	0	13	13	0.000
ਖਾਣ	ਖਾਣਾ	ਖਾਣੇ	0	3	3	0.000
ਖਾਨ	ਖਾਨਾ	ਖਾਨੇ	0	11	11	0.000
ਖੁਸਰ	ਖੁਸਰਾ	ਖੁਸਰੇ	0	5	5	0.000
ਖੋਜ	ਖੋਜਾ	ਖੋਜੇ	0	8	8	0.000
ਖੋਤ	ਖੋਤਾ	ਖੋਤੇ	0	24	24	0.000
ਖੋਲ	ਖੋਲਾ	ਖੋਲੇ	0	3	3	0.000
ਖੰਭ	ਖੰਭਾ	ਖੰਭੇ	6	0	6	1.000
ਖੱਤ	ਖੱਤਾ	ਖੱਤੇ	0	4	4	0.000
ਖੱਬ	ਖੱਬਾ	ਖੱਬੇ	0	7	7	0.000
ਗਧ	ਗਧਾ	ਗਧੇ	0	48	48	0.000
ਗਬ	ਗਬਾ	ਗਬੇ	12	0	12	1.000
ਗਲਾਤਿਯ	ਗਲਾਤਿਯਾ	ਗਲਾਤਿਯੇ	7	0	7	1.000
ਗਾਰ	ਗਾਰਾ	ਗਾਰੇ	0	5	5	0.000
ਗੁਣ	ਗੁਣਾ	ਗੁਣੇ	1	16	17	0.059
ਗੁਫ	ਗੁਫਾ	ਗੁਫੇ	10	0	10	1.000
ਗੁਫ਼	ਗੁਫ਼ਾ	ਗੁਫ਼ੇ	41	0	41	1.000
ਗੁੱਛ	ਗੁੱਛਾ	ਗੁੱਛੇ	0	6	6	0.000
ਗੁੱਸ	ਗੁੱਸਾ	ਗੁੱਸੇ	0	84	84	0.000
ਗੇਰ	ਗੇਰਾ	ਗੇਰੇ	9	0	9	1.000
ਗੋਲ	ਗੋਲਾ	ਗੋਲੇ	0	8	8	0.000
ਗੋਹ	ਗੋਹਾ	ਗੋਹੇ	1	2	3	0.333
ਗੱਡ	ਗੱਡਾ	ਗੱਡੇ	0	6	6	0.000
ਘਟ	ਘਟਾ	ਘਟੇ	3	0	3	1.000
ਘਟਨ	ਘਟਨਾ	ਘਟਨੇ	5	0	5	1.000
ਘਰਾਣ	ਘਰਾਣਾ	ਘਰਾਣੇ	0	633	633	0.000
ਘਾਟ	ਘਾਟਾ	ਘਾਟੇ	0	6	6	0.000
ਘੇਰ	ਘੇਰਾ	ਘੇਰੇ	0	30	30	0.000
ਘੋੜ	ਘੋੜਾ	ਘੋੜੇ	0	32	32	0.000
ਘੜ	ਘੜਾ	ਘੜੇ	0	5	5	0.000
ਘੰਟ	ਘੰਟਾ	ਘੰਟੇ	0	8	8	0.000
ਚਮੜ	ਚਮੜਾ	ਚਮੜੇ	0	25	25	0.000
ਚਸ਼ਮ	ਚਸ਼ਮਾ	ਚਸ਼ਮੇ	0	17	17	0.000
ਚਾਚ	ਚਾਚਾ	ਚਾਚੇ	0	14	14	0.000
ਚਾਨਣ	ਚਾਨਣਾ	ਚਾਨਣੇ	1	8	9	0.111
ਚਿਹਰ	ਚਿਹਰਾ	ਚਿਹਰੇ	0	19	19	0.000
ਚਿੰਤ	ਚਿੰਤਾ	ਚਿੰਤੇ	16	0	16	1.000
ਚੁਬਾਰ	ਚੁਬਾਰਾ	ਚੁਬਾਰੇ	0	32	32	0.000
ਚੁਬੱਚ	ਚੁਬੱਚਾ	ਚੁਬੱਚੇ	0	12	12	0.000
ਚੁੰਮ	ਚੁੰਮਾ	ਚੁੰਮੇ	0	3	3	0.000
ਚੂਨ	ਚੂਨਾ	ਚੂਨੇ	0	8	8	0.000
ਚੇਲ	ਚੇਲਾ	ਚੇਲੇ	0	15	15	0.000
ਚੋਗ	ਚੋਗਾ	ਚੋਗੇ	0	16	16	0.000
ਚੋਲ	ਚੋਲਾ	ਚੋਲੇ	0	3	3	0.000
ਚੌਣ	ਚੌਣਾ	ਚੌਣੇ	0	28	28	0.000
ਚੌਥ	ਚੌਥਾ	ਚੌਥੇ	0	5	5	0.000
ਚੜਦ	ਚੜਦਾ	ਚੜਦੇ	0	6	6	0.000
ਚੜਾਵ	ਚੜਾਵਾ	ਚੜਾਵੇ	0	5	5	0.000
ਚੜ੍ਹ	ਚੜ੍ਹਾ	ਚੜ੍ਹੇ	5	0	5	1.000
ਚੜ੍ਹਦ	ਚੜ੍ਹਦਾ	ਚੜ੍ਹਦੇ	0	3	3	0.000
ਚੜ੍ਹਾਵ	ਚੜ੍ਹਾਵਾ	ਚੜ੍ਹਾਵੇ	0	37	37	0.000
ਚੰਗ	ਚੰਗਾ	ਚੰਗੇ	0	4	4	0.000
ਚੰਦਰਮ	ਚੰਦਰਮਾ	ਚੰਦਰਮੇ	8	0	8	1.000
ਛਾਬ	ਛਾਬਾ	ਛਾਬੇ	0	9	9	0.000
ਛੁਟਕਾਰ	ਛੁਟਕਾਰਾ	ਛੁਟਕਾਰੇ	4	32	36	0.111
ਛੁਡ	ਛੁਡਾ	ਛੁਡੇ	6	0	6	1.000
ਛੋਟ	ਛੋਟਾ	ਛੋਟੇ	0	32	32	0.000
ਛੱਤ	ਛੱਤਾ	ਛੱਤੇ	0	4	4	0.000
ਛੱਤਰ	ਛੱਤਰਾ	ਛੱਤਰੇ	0	17	17	0.000
ਛੱਤ੍ਰ	ਛੱਤ੍ਰਾ	ਛੱਤ੍ਰੇ	0	32	32	0.000
ਜਗ਼੍ਹ	ਜਗ਼੍ਹਾ	ਜਗ਼੍ਹੇ	3	0	3	1.000
ਜਗ੍ਹ	ਜਗ੍ਹਾ	ਜਗ੍ਹੇ	3	0	3	1.000
ਜਣ	ਜਣਾ	ਜਣੇ	0	28	28	0.000
ਜਥ	ਜਥਾ	ਜਥੇ	0	3	3	0.000
ਜ਼ਿਲ੍ਹ	ਜ਼ਿਲ੍ਹਾ	ਜ਼ਿਲ੍ਹੇ	0	8	8	0.000
ਜਾਂਦ	ਜਾਂਦਾ	ਜਾਂਦੇ	1	3	4	0.250
ਜਿਨ੍ਹ	ਜਿਨ੍ਹਾ	ਜਿਨ੍ਹੇ	8	0	8	1.000
ਜਿਹ	ਜਿਹਾ	ਜਿਹੇ	1	7	8	0.125
ਜਿਹਦ	ਜਿਹਦਾ	ਜਿਹਦੇ	0	10	10	0.000
ਜਿਹੜ	ਜਿਹੜਾ	ਜਿਹੜੇ	5	28	33	0.152
ਜਿੰਨ	ਜਿੰਨਾ	ਜਿੰਨੇ	1	2	3	0.333
ਜਿੰਨ੍ਹ	ਜਿੰਨ੍ਹਾ	ਜਿੰਨ੍ਹੇ	56	0	56	1.000
ਜੀਉਂਦ	ਜੀਉਂਦਾ	ਜੀਉਂਦੇ	0	3	3	0.000
ਜੀਰ	ਜੀਰਾ	ਜੀਰੇ	0	6	6	0.000
ਜੂਫ਼	ਜੂਫ਼ਾ	ਜੂਫ਼ੇ	0	3	3	0.000
ਜੂਲ	ਜੂਲਾ	ਜੂਲੇ	0	41	41	0.000
ਜੇਠ	ਜੇਠਾ	ਜੇਠੇ	0	5	5	0.000
ਜੈਕਾਰ	ਜੈਕਾਰਾ	ਜੈਕਾਰੇ	0	10	10	0.000
ਜੋੜ	ਜੋੜਾ	ਜੋੜੇ	0	4	4	0.000
ਜੱਥ	ਜੱਥਾ	ਜੱਥੇ	0	14	14	0.000
ਝਗੜ	ਝਗੜਾ	ਝਗੜੇ	0	33	33	0.000
ਝਰਨ	ਝਰਨਾ	ਝਰਨੇ	0	4	4	0.000
ਝੋਲ	ਝੋਲਾ	ਝੋਲੇ	0	4	4	0.000
ਝੰਡ	ਝੰਡਾ	ਝੰਡੇ	0	18	18	0.000
ਟਾਕਰ	ਟਾਕਰਾ	ਟਾਕਰੇ	0	24	24	0.000
ਟਿਕਾਣ	ਟਿਕਾਣਾ	ਟਿਕਾਣੇ	0	5	5	0.000
ਟਿੱਬ	ਟਿੱਬਾ	ਟਿੱਬੇ	0	17	17	0.000
ਟਿੱਲ	ਟਿੱਲਾ	ਟਿੱਲੇ	0	25	25	0.000
ਟੁਕੜ	ਟੁਕੜਾ	ਟੁਕੜੇ	0	3	3	0.000
ਟੁੰਡ	ਟੁੰਡਾ	ਟੁੰਡੇ	3	0	3	1.000
ਟੁੱਕੜ	ਟੁੱਕੜਾ	ਟੁੱਕੜੇ	0	7	7	0.000
ਟੋਕਰ	ਟੋਕਰਾ	ਟੋਕਰੇ	0	7	7	0.000
ਟੋਟ	ਟੋਟਾ	ਟੋਟੇ	0	4	4	0.000
ਟੋਪ	ਟੋਪਾ	ਟੋਪੇ	0	5	5	0.000
ਠਹਿਰ	ਠਹਿਰਾ	ਠਹਿਰੇ	3	0	3	1.000
ਠਿਕਾਣ	ਠਿਕਾਣਾ	ਠਿਕਾਣੇ	0	4	4	0.000
ਠੱਠ	ਠੱਠਾ	ਠੱਠੇ	0	6	6	0.000
ਡੇਰ	ਡੇਰਾ	ਡੇਰੇ	0	449	449	0.000
ਡੇਹਰ	ਡੇਹਰਾ	ਡੇਹਰੇ	0	105	105	0.000
ਡੰਡ	ਡੰਡਾ	ਡੰਡੇ	1	32	33	0.030
ਢਾਂਗ	ਢਾਂਗਾ	ਢਾਂਗੇ	0	11	11	0.000
ਤਕੜ	ਤਕੜਾ	ਤਕੜੇ	0	8	8	0.000
ਤਰੀਕ	ਤਰੀਕਾ	ਤਰੀਕੇ	0	6	6	0.000
ਤਲ	ਤਲਾ	ਤਲੇ	8	6	14	0.571
ਤਵ	ਤਵਾ	ਤਵੇ	0	7	7	0.000
ਤਾਰ	ਤਾਰਾ	ਤਾਰੇ	0	10	10	0.000
ਤਾੜਨ	ਤਾੜਨਾ	ਤਾੜਨੇ	14	0	14	1.000
ਤਿਹ	ਤਿਹਾ	ਤਿਹੇ	6	0	6	1.000
ਤੀਜ	ਤੀਜਾ	ਤੀਜੇ	0	8	8	0.000
ਤੁਕ	ਤੁਕਾ	ਤੁਕੇ	0	3	3	0.000
ਤੁਹਾਡ	ਤੁਹਾਡਾ	ਤੁਹਾਡੇ	1	2380	2381	0.000
ਤੇਮ	ਤੇਮਾ	ਤੇਮੇ	6	0	6	1.000
ਤੇਰ	ਤੇਰਾ	ਤੇਰੇ	0	1986	1986	0.000
ਤੋਬ	ਤੋਬਾ	ਤੋਬੇ	17	0	17	1.000
ਤੋਲ	ਤੋਲਾ	ਤੋਲੇ	5	26	31	0.161
ਤੋੜ	ਤੋੜਾ	ਤੋੜੇ	0	5	5	0.000
ਥਾਪਨ	ਥਾਪਨਾ	ਥਾਪਨੇ	10	0	10	1.000
ਥੋਮ	ਥੋਮਾ	ਥੋਮੇ	13	0	13	1.000
ਥੋੜ	ਥੋੜਾ	ਥੋੜੇ	2	5	7	0.286
ਥੋੜ੍ਹ	ਥੋੜ੍ਹਾ	ਥੋੜ੍ਹੇ	2	6	8	0.250
ਥੜ	ਥੜਾ	ਥੜੇ	0	6	6	0.000
ਦਬਕ	ਦਬਕਾ	ਦਬਕੇ	0	8	8	0.000
ਦਯ	ਦਯਾ	ਦਯੇ	143	0	143	1.000
ਦਰਵਾਜ਼	ਦਰਵਾਜ਼ਾ	ਦਰਵਾਜ਼ੇ	0	132	132	0.000
ਦਰਵੱਜ	ਦਰਵੱਜਾ	ਦਰਵੱਜੇ	0	73	73	0.000
ਦਰਿੰਦ	ਦਰਿੰਦਾ	ਦਰਿੰਦੇ	0	63	63	0.000
ਦਰੋਗ	ਦਰੋਗਾ	ਦਰੋਗੇ	0	14	14	0.000
ਦਸਵੰਧ	ਦਸਵੰਧਾ	ਦਸਵੰਧੇ	3	0	3	1.000
ਦਸ਼	ਦਸ਼ਾ	ਦਸ਼ੇ	4	0	4	1.000
ਦਾਰ	ਦਾਰਾ	ਦਾਰੇ	16	0	16	1.000
ਦਿਆਲਤ	ਦਿਆਲਤਾ	ਦਿਆਲਤੇ	9	0	9	1.000
ਦਿਓਤ	ਦਿਓਤਾ	ਦਿਓਤੇ	1	20	21	0.048
ਦਿਖਾਵ	ਦਿਖਾਵਾ	ਦਿਖਾਵੇ	0	4	4	0.000
ਦਿਲਾਸ	ਦਿਲਾਸਾ	ਦਿਲਾਸੇ	4	19	23	0.174
ਦਿਸ਼	ਦਿਸ਼ਾ	ਦਿਸ਼ੇ	20	0	20	1.000
ਦਿਹਾੜ	ਦਿਹਾੜਾ	ਦਿਹਾੜੇ	0	11	11	0.000
ਦੀਵ	ਦੀਵਾ	ਦੀਵੇ	0	12	12	0.000
ਦੁਆਰ	ਦੁਆਰਾ	ਦੁਆਰੇ	0	4	4	0.000
ਦੁਆਲ	ਦੁਆਲਾ	ਦੁਆਲੇ	0	67	67	0.000
ਦੁਬਧ	ਦੁਬਧਾ	ਦੁਬਧੇ	17	1	18	0.944
ਦੁਸ਼ਟ	ਦੁਸ਼ਟਾ	ਦੁਸ਼ਟੇ	3	0	3	1.000
ਦੁਸ਼ਟਤ	ਦੁਸ਼ਟਤਾ	ਦੁਸ਼ਟਤੇ	16	0	16	1.000
ਦੁਸ਼ਟਪੁਣ	ਦੁਸ਼ਟਪੁਣਾ	ਦੁਸ਼ਟਪੁਣੇ	0	9	9	0.000
ਦੁੰਬ	ਦੁੰਬਾ	ਦੁੰਬੇ	0	4	4	0.000
ਦੂਜ	ਦੂਜਾ	ਦੂਜੇ	0	321	321	0.000
ਦੂਸਰ	ਦੂਸਰਾ	ਦੂਸਰੇ	0	34	34	0.000
ਦੇਵਤ	ਦੇਵਤਾ	ਦੇਵਤੇ	1	44	45	0.022
ਦ੍ਰਿੜ੍ਹਤ	ਦ੍ਰਿੜ੍ਹਤਾ	ਦ੍ਰਿੜ੍ਹਤੇ	3	0	3	1.000
ਧਾਗ	ਧਾਗਾ	ਧਾਗੇ	0	3	3	0.000
ਧਾਰਮਿਕਤ	ਧਾਰਮਿਕਤਾ	ਧਾਰਮਿਕਤੇ	57	0	57	1.000
ਧੋਖ	ਧੋਖਾ	ਧੋਖੇ	4	41	45	0.089
ਧੰਦ	ਧੰਦਾ	ਧੰਦੇ	0	15	15	0.000
ਧੱਕ	ਧੱਕਾ	ਧੱਕੇ	1	16	17	0.059
ਨਕਸ਼	ਨਕਸ਼ਾ	ਨਕਸ਼ੇ	0	4	4	0.000
ਨਕੋਦ	ਨਕੋਦਾ	ਨਕੋਦੇ	8	0	8	1.000
ਨਜ਼ਰਾਨ	ਨਜ਼ਰਾਨਾ	ਨਜ਼ਰਾਨੇ	3	7	10	0.300
ਨਫ਼	ਨਫ਼ਾ	ਨਫ਼ੇ	0	8	8	0.000
ਨਬੇੜ	ਨਬੇੜਾ	ਨਬੇੜੇ	0	4	4	0.000
ਨਮੂਨ	ਨਮੂਨਾ	ਨਮੂਨੇ	0	18	18	0.000
ਨਰਸਿੰਗ	ਨਰਸਿੰਗਾ	ਨਰਸਿੰਗੇ	0	12	12	0.000
ਨਸ਼	ਨਸ਼ਾ	ਨਸ਼ੇ	0	12	12	0.000
ਨਾਮ	ਨਾਮਾ	ਨਾਮੇ	0	4	4	0.000
ਨਾਲ	ਨਾਲਾ	ਨਾਲੇ	0	56	56	0.000
ਨਿਆਣ	ਨਿਆਣਾ	ਨਿਆਣੇ	0	3	3	0.000
ਨਿਕਾਲ	ਨਿਕਾਲਾ	ਨਿਕਾਲੇ	0	7	7	0.000
ਨਿਰਣ	ਨਿਰਣਾ	ਨਿਰਣੇ	0	10	10	0.000
ਨਿਰਾਸ਼	ਨਿਰਾਸ਼ਾ	ਨਿਰਾਸ਼ੇ	3	0	3	1.000
ਨਿਸਤਾਰ	ਨਿਸਤਾਰਾ	ਨਿਸਤਾਰੇ	2	18	20	0.100
ਨਿਸ਼ਕਪਟਤ	ਨਿਸ਼ਕਪਟਤਾ	ਨਿਸ਼ਕਪਟਤੇ	5	0	5	1.000
ਨਿਸ਼ਾਨ	ਨਿਸ਼ਾਨਾ	ਨਿਸ਼ਾਨੇ	0	11	11	0.000
ਨਿਹਚ	ਨਿਹਚਾ	ਨਿਹਚੇ	143	0	143	1.000
ਨਿੱਕ	ਨਿੱਕਾ	ਨਿੱਕੇ	0	3	3	0.000
ਨੰਗ	ਨੰਗਾ	ਨੰਗੇ	0	3	3	0.000
ਪਛਤਾਵ	ਪਛਤਾਵਾ	ਪਛਤਾਵੇ	0	4	4	0.000
ਪਟਕ	ਪਟਕਾ	ਪਟਕੇ	0	15	15	0.000
ਪਠੋਰ	ਪਠੋਰਾ	ਪਠੋਰੇ	0	4	4	0.000
ਪਤਵੰਤ	ਪਤਵੰਤਾ	ਪਤਵੰਤੇ	0	4	4	0.000
ਪਮਫ਼ੁਲਿਯ	ਪਮਫ਼ੁਲਿਯਾ	ਪਮਫ਼ੁਲਿਯੇ	6	0	6	1.000
ਪਰਗ	ਪਰਗਾ	ਪਰਗੇ	6	0	6	1.000
ਪਰਜ	ਪਰਜਾ	ਪਰਜੇ	778	0	778	1.000
ਪਰਤਾਵ	ਪਰਤਾਵਾ	ਪਰਤਾਵੇ	0	29	29	0.000
ਪਰਦ	ਪਰਦਾ	ਪਰਦੇ	0	37	37	0.000
ਪਰਾਹੁਣ	ਪਰਾਹੁਣਾ	ਪਰਾਹੁਣੇ	0	3	3	0.000
ਪਲੋਠ	ਪਲੋਠਾ	ਪਲੋਠੇ	0	6	6	0.000
ਪਲੌਠ	ਪਲੌਠਾ	ਪਲੌਠੇ	0	13	13	0.000
ਪਹਾੜ	ਪਹਾੜਾ	ਪਹਾੜੇ	4	0	4	1.000
ਪਹਿਰ	ਪਹਿਰਾ	ਪਹਿਰੇ	2	22	24	0.083
ਪਹਿਲ	ਪਹਿਲਾ	ਪਹਿਲੇ	2	21	23	0.087
ਪਹਿਲੌਠ	ਪਹਿਲੌਠਾ	ਪਹਿਲੌਠੇ	0	22	22	0.000
ਪਾਲ	ਪਾਲਾ	ਪਾਲੇ	0	7	7	0.000
ਪਾਸ	ਪਾਸਾ	ਪਾਸੇ	1	205	206	0.005
ਪਿਆਰ	ਪਿਆਰਾ	ਪਿਆਰੇ	0	6	6	0.000
ਪਿਆਲ	ਪਿਆਲਾ	ਪਿਆਲੇ	2	13	15	0.133
ਪਿਤ	ਪਿਤਾ	ਪਿਤੇ	862	0	862	1.000
ਪਿਸਿਦਿਯ	ਪਿਸਿਦਿਯਾ	ਪਿਸਿਦਿਯੇ	4	0	4	1.000
ਪਿੰਡ	ਪਿੰਡਾ	ਪਿੰਡੇ	7	5	12	0.583
ਪਿੱਛ	ਪਿੱਛਾ	ਪਿੱਛੇ	0	23	23	0.000
ਪੀੜ੍ਹ	ਪੀੜ੍ਹਾ	ਪੀੜ੍ਹੇ	1	2	3	0.333
ਪੁਣ	ਪੁਣਾ	ਪੁਣੇ	0	4	4	0.000
ਪੁਰਾਣ	ਪੁਰਾਣਾ	ਪੁਰਾਣੇ	0	3	3	0.000
ਪੂਜ	ਪੂਜਾ	ਪੂਜੇ	4	0	4	1.000
ਪੂਰ	ਪੂਰਾ	ਪੂਰੇ	1	2	3	0.333
ਪੂਲ	ਪੂਲਾ	ਪੂਲੇ	0	5	5	0.000
ਪੇੜ	ਪੇੜਾ	ਪੇੜੇ	0	4	4	0.000
ਪੈਂਡ	ਪੈਂਡਾ	ਪੈਂਡੇ	0	6	6	0.000
ਪੈਸ	ਪੈਸਾ	ਪੈਸੇ	1	9	10	0.100
ਪੋਟੀ-ਫ਼ਰ	ਪੋਟੀ-ਫ਼ਰਾ	ਪੋਟੀ-ਫ਼ਰੇ	4	0	4	1.000
ਪੋਤ	ਪੋਤਾ	ਪੋਤੇ	0	3	3	0.000
ਪ੍ਰਸੰਨਤ	ਪ੍ਰਸੰਨਤਾ	ਪ੍ਰਸੰਨਤੇ	4	0	4	1.000
ਪ੍ਰਾਰਥਨ	ਪ੍ਰਾਰਥਨਾ	ਪ੍ਰਾਰਥਨੇ	53	0	53	1.000
ਪ੍ਰਿਯ	ਪ੍ਰਿਯਾ	ਪ੍ਰਿਯੇ	0	4	4	0.000
ਪ੍ਰੀਤਮ	ਪ੍ਰੀਤਮਾ	ਪ੍ਰੀਤਮੇ	6	0	6	1.000
ਪੜਦ	ਪੜਦਾ	ਪੜਦੇ	1	62	63	0.016
ਪੰਨ	ਪੰਨਾ	ਪੰਨੇ	0	4	4	0.000
ਪੱਟਕ	ਪੱਟਕਾ	ਪੱਟਕੇ	0	4	4	0.000
ਪੱਠ	ਪੱਠਾ	ਪੱਠੇ	0	5	5	0.000
ਪੱਤ	ਪੱਤਾ	ਪੱਤੇ	0	4	4	0.000
ਪੱਲ	ਪੱਲਾ	ਪੱਲੇ	0	22	22	0.000
ਫ਼ੈਸਲ	ਫ਼ੈਸਲਾ	ਫ਼ੈਸਲੇ	0	3	3	0.000
ਫਾਹ	ਫਾਹਾ	ਫਾਹੇ	0	4	4	0.000
ਫੈਸਲ	ਫੈਸਲਾ	ਫੈਸਲੇ	0	6	6	0.000
ਫੋੜ	ਫੋੜਾ	ਫੋੜੇ	0	11	11	0.000
ਫੰਦ	ਫੰਦਾ	ਫੰਦੇ	0	7	7	0.000
ਫੰਧ	ਫੰਧਾ	ਫੰਧੇ	0	4	4	0.000
ਫੰਬ	ਫੰਬਾ	ਫੰਬੇ	0	7	7	0.000
ਫੱਟ	ਫੱਟਾ	ਫੱਟੇ	0	23	23	0.000
ਬਆਸ਼	ਬਆਸ਼ਾ	ਬਆਸ਼ੇ	40	0	40	1.000
ਬਏਰਸਬ	ਬਏਰਸਬਾ	ਬਏਰਸਬੇ	10	0	10	1.000
ਬਏਰਸ਼ਬ	ਬਏਰਸ਼ਬਾ	ਬਏਰਸ਼ਬੇ	25	0	25	1.000
ਬਚ	ਬਚਾ	ਬਚੇ	4	0	4	1.000
ਬਣ	ਬਣਾ	ਬਣੇ	14	0	14	1.000
ਬਥ-ਸ਼ਬ	ਬਥ-ਸ਼ਬਾ	ਬਥ-ਸ਼ਬੇ	8	0	8	1.000
ਬਦਲ	ਬਦਲਾ	ਬਦਲੇ	4	24	28	0.143
ਬਪਤਿਸਮ	ਬਪਤਿਸਮਾ	ਬਪਤਿਸਮੇ	11	11	22	0.500
ਬਰਛ	ਬਰਛਾ	ਬਰਛੇ	0	16	16	0.000
ਬਰਿਯ	ਬਰਿਯਾ	ਬਰਿਯੇ	6	0	6	1.000
ਬਰੱਬ	ਬਰੱਬਾ	ਬਰੱਬੇ	11	0	11	1.000
ਬਲ	ਬਲਾ	ਬਲੇ	14	0	14	1.000
ਬਵ	ਬਵਾ	ਬਵੇ	56	0	56	1.000
ਬਹੁਤ	ਬਹੁਤਾ	ਬਹੁਤੇ	2	4	6	0.333
ਬਾਲਕ	ਬਾਲਕਾ	ਬਾਲਕੇ	0	7	7	0.000
ਬਿਪਤ	ਬਿਪਤਾ	ਬਿਪਤੇ	173	0	173	1.000
ਬਿਵਸਥ	ਬਿਵਸਥਾ	ਬਿਵਸਥੇ	419	0	419	1.000
ਬਿਸਤਰ	ਬਿਸਤਰਾ	ਬਿਸਤਰੇ	0	9	9	0.000
ਬੁਢਾਪ	ਬੁਢਾਪਾ	ਬੁਢਾਪੇ	0	12	12	0.000
ਬੁਰ	ਬੁਰਾ	ਬੁਰੇ	0	22	22	0.000
ਬੁੱਢ	ਬੁੱਢਾ	ਬੁੱਢੇ	0	7	7	0.000
ਬੁੱਲ	ਬੁੱਲਾ	ਬੁੱਲੇ	3	5	8	0.375
ਬੂਟ	ਬੂਟਾ	ਬੂਟੇ	0	16	16	0.000
ਬੂਹ	ਬੂਹਾ	ਬੂਹੇ	2	88	90	0.022
ਬੇਦੋਸ਼	ਬੇਦੋਸ਼ਾ	ਬੇਦੋਸ਼ੇ	0	8	8	0.000
ਬੇਸਵ	ਬੇਸਵਾ	ਬੇਸਵੇ	6	0	6	1.000
ਬੇੜ	ਬੇੜਾ	ਬੇੜੇ	0	5	5	0.000
ਬੈ-ਨਾਮ	ਬੈ-ਨਾਮਾ	ਬੈ-ਨਾਮੇ	0	10	10	0.000
ਬੈਤਅਨਿਯ	ਬੈਤਅਨਿਯਾ	ਬੈਤਅਨਿਯੇ	4	0	4	1.000
ਬੈਤਆਨਿਯ	ਬੈਤਆਨਿਯਾ	ਬੈਤਆਨਿਯੇ	3	0	3	1.000
ਬੈਤਸੈਦ	ਬੈਤਸੈਦਾ	ਬੈਤਸੈਦੇ	6	2	8	0.750
ਬੋਰ	ਬੋਰਾ	ਬੋਰੇ	0	7	7	0.000
ਬੋਲ	ਬੋਲਾ	ਬੋਲੇ	0	3	3	0.000
ਬੰਦ	ਬੰਦਾ	ਬੰਦੇ	0	34	34	0.000
ਬੰਨ	ਬੰਨਾ	ਬੰਨੇ	0	20	20	0.000
ਬੰਨ੍ਹ	ਬੰਨ੍ਹਾ	ਬੰਨ੍ਹੇ	0	5	5	0.000
ਬੱਕਰ	ਬੱਕਰਾ	ਬੱਕਰੇ	0	31	31	0.000
ਬੱਚ	ਬੱਚਾ	ਬੱਚੇ	0	74	74	0.000
ਭਗੌੜ	ਭਗੌੜਾ	ਭਗੌੜੇ	0	6	6	0.000
ਭਰ	ਭਰਾ	ਭਰੇ	256	0	256	1.000
ਭਰਤ	ਭਰਤਾ	ਭਰਤੇ	7	5	12	0.583
ਭਰੋਸ	ਭਰੋਸਾ	ਭਰੋਸੇ	0	19	19	0.000
ਭਲ	ਭਲਾ	ਭਲੇ	0	13	13	0.000
ਭਾਂਡ	ਭਾਂਡਾ	ਭਾਂਡੇ	0	42	42	0.000
ਭਾਈਚਾਰ	ਭਾਈਚਾਰਾ	ਭਾਈਚਾਰੇ	0	10	10	0.000
ਭਾਸ਼	ਭਾਸ਼ਾ	ਭਾਸ਼ੇ	44	0	44	1.000
ਭਾੜ	ਭਾੜਾ	ਭਾੜੇ	2	18	20	0.100
ਭੁਜ	ਭੁਜਾ	ਭੁਜੇ	14	0	14	1.000
ਭੁਲੇਖ	ਭੁਲੇਖਾ	ਭੁਲੇਖੇ	0	5	5	0.000
ਭੁੱਖ	ਭੁੱਖਾ	ਭੁੱਖੇ	0	9	9	0.000
ਭੇਟ	ਭੇਟਾ	ਭੇਟੇ	13	0	13	1.000
ਭੋਹਰ	ਭੋਹਰਾ	ਭੋਹਰੇ	0	24	24	0.000
ਮਕਦੂਨਿਯ	ਮਕਦੂਨਿਯਾ	ਮਕਦੂਨਿਯੇ	38	0	38	1.000
ਮਤ	ਮਤਾ	ਮਤੇ	2	10	12	0.167
ਮਨ	ਮਨਾ	ਮਨੇ	4	0	4	1.000
ਮਨਸ਼	ਮਨਸ਼ਾ	ਮਨਸ਼ੇ	10	0	10	1.000
ਮਲਕ	ਮਲਕਾ	ਮਲਕੇ	14	0	14	1.000
ਮਲਬ	ਮਲਬਾ	ਮਲਬੇ	0	5	5	0.000
ਮਸਕੀਨ	ਮਸਕੀਨਾ	ਮਸਕੀਨੇ	3	0	3	1.000
ਮਸਾਲ	ਮਸਾਲਾ	ਮਸਾਲੇ	0	3	3	0.000
ਮਹਾਂ-ਸਭ	ਮਹਾਂ-ਸਭਾ	ਮਹਾਂ-ਸਭੇ	4	0	4	1.000
ਮਹਾਨਤ	ਮਹਾਨਤਾ	ਮਹਾਨਤੇ	11	0	11	1.000
ਮਹਾਰਾਜ	ਮਹਾਰਾਜਾ	ਮਹਾਰਾਜੇ	2	6	8	0.250
ਮਹਿਮ	ਮਹਿਮਾ	ਮਹਿਮੇ	88	0	88	1.000
ਮਹੀਦ	ਮਹੀਦਾ	ਮਹੀਦੇ	4	0	4	1.000
ਮਹੀਨ	ਮਹੀਨਾ	ਮਹੀਨੇ	0	318	318	0.000
ਮਾਤ	ਮਾਤਾ	ਮਾਤੇ	174	0	174	1.000
ਮਾਤਾ-ਪਿਤ	ਮਾਤਾ-ਪਿਤਾ	ਮਾਤਾ-ਪਿਤੇ	20	0	20	1.000
ਮਾਦ	ਮਾਦਾ	ਮਾਦੇ	7	0	7	1.000
ਮਾਮਲ	ਮਾਮਲਾ	ਮਾਮਲੇ	0	4	4	0.000
ਮਾਯ	ਮਾਯਾ	ਮਾਯੇ	3	0	3	1.000
ਮਾਰਥ	ਮਾਰਥਾ	ਮਾਰਥੇ	14	0	14	1.000
ਮਾਲ	ਮਾਲਾ	ਮਾਲੇ	4	0	4	1.000
ਮਾੜ	ਮਾੜਾ	ਮਾੜੇ	0	3	3	0.000
ਮਿੱਠ	ਮਿੱਠਾ	ਮਿੱਠੇ	0	4	4	0.000
ਮੀਕ	ਮੀਕਾ	ਮੀਕੇ	6	0	6	1.000
ਮੁਕੱਦਮ	ਮੁਕੱਦਮਾ	ਮੁਕੱਦਮੇ	0	8	8	0.000
ਮੁਖੜ	ਮੁਖੜਾ	ਮੁਖੜੇ	0	13	13	0.000
ਮੁਰਗ	ਮੁਰਗਾ	ਮੁਰਗੇ	0	8	8	0.000
ਮੁਰਦ	ਮੁਰਦਾ	ਮੁਰਦੇ	0	36	36	0.000
ਮੁਸ	ਮੁਸਾ	ਮੁਸੇ	3	0	3	1.000
ਮੁਸਿਯ	ਮੁਸਿਯਾ	ਮੁਸਿਯੇ	4	0	4	1.000
ਮੁੰਡ	ਮੁੰਡਾ	ਮੁੰਡੇ	2	84	86	0.023
ਮੂਰਖਤ	ਮੂਰਖਤਾ	ਮੂਰਖਤੇ	4	0	4	1.000
ਮੂਸ	ਮੂਸਾ	ਮੂਸੇ	1304	0	1304	1.000
ਮੇਂਢ	ਮੇਂਢਾ	ਮੇਂਢੇ	0	11	11	0.000
ਮੇਚ	ਮੇਚਾ	ਮੇਚੇ	0	4	4	0.000
ਮੇਢ	ਮੇਢਾ	ਮੇਢੇ	0	11	11	0.000
ਮੇਦਬ	ਮੇਦਬਾ	ਮੇਦਬੇ	6	0	6	1.000
ਮੇਮਣ	ਮੇਮਣਾ	ਮੇਮਣੇ	0	5	5	0.000
ਮੇਰ	ਮੇਰਾ	ਮੇਰੇ	0	2610	2610	0.000
ਮੇਲ	ਮੇਲਾ	ਮੇਲੇ	0	5	5	0.000
ਮੈਦ	ਮੈਦਾ	ਮੈਦੇ	0	331	331	0.000
ਮੋਢ	ਮੋਢਾ	ਮੋਢੇ	0	23	23	0.000
ਮੋਸ	ਮੋਸਾ	ਮੋਸੇ	4	0	4	1.000
ਮੌਕ	ਮੌਕਾ	ਮੌਕੇ	0	5	5	0.000
ਮੰਜ	ਮੰਜਾ	ਮੰਜੇ	0	49	49	0.000
ਮੱਥ	ਮੱਥਾ	ਮੱਥੇ	0	34	34	0.000
ਯਹੂਦ	ਯਹੂਦਾ	ਯਹੂਦੇ	26	0	26	1.000
ਯਹੂਦਿਯ	ਯਹੂਦਿਯਾ	ਯਹੂਦਿਯੇ	62	0	62	1.000
ਯਹੋਯਾਦ	ਯਹੋਯਾਦਾ	ਯਹੋਯਾਦੇ	61	0	61	1.000
ਯਹੋਵ	ਯਹੋਵਾ	ਯਹੋਵੇ	10	0	10	1.000
ਯਾਤਰ	ਯਾਤਰਾ	ਯਾਤਰੇ	3	0	3	1.000
ਯਾਪ	ਯਾਪਾ	ਯਾਪੇ	10	0	10	1.000
ਯਾਫ	ਯਾਫਾ	ਯਾਫੇ	3	0	3	1.000
ਯਾਫ਼	ਯਾਫ਼ਾ	ਯਾਫ਼ੇ	4	0	4	1.000
ਯਾੱਪ	ਯਾੱਪਾ	ਯਾੱਪੇ	9	0	9	1.000
ਯੂਹੰਨ	ਯੂਹੰਨਾ	ਯੂਹੰਨੇ	183	0	183	1.000
ਯੋਜਨ	ਯੋਜਨਾ	ਯੋਜਨੇ	7	0	7	1.000
ਯੋਯਾਦ	ਯੋਯਾਦਾ	ਯੋਯਾਦੇ	5	0	5	1.000
ਰਚਨ	ਰਚਨਾ	ਰਚਨੇ	6	0	6	1.000
ਰਫ਼	ਰਫ਼ਾ	ਰਫ਼ੇ	5	0	5	1.000
ਰਸਤ	ਰਸਤਾ	ਰਸਤੇ	0	80	80	0.000
ਰਸਨ	ਰਸਨਾ	ਰਸਨੇ	3	0	3	1.000
ਰਾਖ	ਰਾਖਾ	ਰਾਖੇ	0	20	20	0.000
ਰਾਜ	ਰਾਜਾ	ਰਾਜੇ	772	439	1211	0.637
ਰੌਲ	ਰੌਲਾ	ਰੌਲੇ	0	16	16	0.000
ਰੌਲ਼	ਰੌਲ਼ਾ	ਰੌਲ਼ੇ	0	16	16	0.000
ਰੜ	ਰੜਾ	ਰੜੇ	0	25	25	0.000
ਰੰਡੇਪ	ਰੰਡੇਪਾ	ਰੰਡੇਪੇ	0	4	4	0.000
ਲਹਿੰਦ	ਲਹਿੰਦਾ	ਲਹਿੰਦੇ	0	16	16	0.000
ਲਾਂਘ	ਲਾਂਘਾ	ਲਾਂਘੇ	0	25	25	0.000
ਲਾਲਸ	ਲਾਲਸਾ	ਲਾਲਸੇ	6	0	6	1.000
ਲਾੜ	ਲਾੜਾ	ਲਾੜੇ	0	26	26	0.000
ਲੀੜ	ਲੀੜਾ	ਲੀੜੇ	0	16	16	0.000
ਲੁਟੇਰ	ਲੁਟੇਰਾ	ਲੁਟੇਰੇ	0	4	4	0.000
ਲੁਸਤ੍ਰ	ਲੁਸਤ੍ਰਾ	ਲੁਸਤ੍ਰੇ	5	0	5	1.000
ਲੁੱਚਪੁਣ	ਲੁੱਚਪੁਣਾ	ਲੁੱਚਪੁਣੇ	0	22	22	0.000
ਲੇਖ	ਲੇਖਾ	ਲੇਖੇ	0	23	23	0.000
ਲੇਲ	ਲੇਲਾ	ਲੇਲੇ	1	78	79	0.013
ਲੋਕ	ਲੋਕਾ	ਲੋਕੇ	4	0	4	1.000
ਲੋਹ	ਲੋਹਾ	ਲੋਹੇ	0	122	122	0.000
ਲੰਗੜ	ਲੰਗੜਾ	ਲੰਗੜੇ	0	3	3	0.000
ਲੰਙ	ਲੰਙਾ	ਲੰਙੇ	0	3	3	0.000
ਵਜ	ਵਜਾ	ਵਜੇ	0	6	6	0.000
ਵਟਾਂਦਰ	ਵਟਾਂਦਰਾ	ਵਟਾਂਦਰੇ	0	4	4	0.000
ਵਰਖ	ਵਰਖਾ	ਵਰਖੇ	20	0	20	1.000
ਵਰਹ	ਵਰਹਾ	ਵਰਹੇ	0	102	102	0.000
ਵਰ੍ਹ	ਵਰ੍ਹਾ	ਵਰ੍ਹੇ	0	62	62	0.000
ਵਸੀਲ	ਵਸੀਲਾ	ਵਸੀਲੇ	0	33	33	0.000
ਵਸੇਬ	ਵਸੇਬਾ	ਵਸੇਬੇ	0	14	14	0.000
ਵਹ	ਵਹਾ	ਵਹੇ	3	0	3	1.000
ਵਹਿੜ	ਵਹਿੜਾ	ਵਹਿੜੇ	0	23	23	0.000
ਵਾਇਦ	ਵਾਇਦਾ	ਵਾਇਦੇ	0	38	38	0.000
ਵਾਧ	ਵਾਧਾ	ਵਾਧੇ	0	34	34	0.000
ਵਾਰਤ	ਵਾਰਤਾ	ਵਾਰਤੇ	3	0	3	1.000
ਵਾਲ	ਵਾਲਾ	ਵਾਲੇ	1	406	407	0.002
ਵਾਵਰੋਲ	ਵਾਵਰੋਲਾ	ਵਾਵਰੋਲੇ	0	29	29	0.000
ਵਾਸਤ	ਵਾਸਤਾ	ਵਾਸਤੇ	3	0	3	1.000
ਵਾੜ	ਵਾੜਾ	ਵਾੜੇ	0	6	6	0.000
ਵਿਖਾਵ	ਵਿਖਾਵਾ	ਵਿਖਾਵੇ	0	7	7	0.000
ਵਿਛਾਉਣ	ਵਿਛਾਉਣਾ	ਵਿਛਾਉਣੇ	0	14	14	0.000
ਵਿਧਵ	ਵਿਧਵਾ	ਵਿਧਵੇ	61	0	61	1.000
ਵਿਰਸ	ਵਿਰਸਾ	ਵਿਰਸੇ	0	33	33	0.000
ਵਿਰੋਧਤ	ਵਿਰੋਧਤਾ	ਵਿਰੋਧਤੇ	8	0	8	1.000
ਵਿਹੜ	ਵਿਹੜਾ	ਵਿਹੜੇ	0	76	76	0.000
ਵੇਲ	ਵੇਲਾ	ਵੇਲੇ	0	36	36	0.000
ਵੇਸਵ	ਵੇਸਵਾ	ਵੇਸਵੇ	12	0	12	1.000
ਵੇਹੜ	ਵੇਹੜਾ	ਵੇਹੜੇ	0	124	124	0.000
ਵੱਛ	ਵੱਛਾ	ਵੱਛੇ	1	25	26	0.038
ਵੱਟ	ਵੱਟਾ	ਵੱਟੇ	0	5	5	0.000
ਵੱਡ	ਵੱਡਾ	ਵੱਡੇ	0	14	14	0.000
ਵੱਧਦ	ਵੱਧਦਾ	ਵੱਧਦੇ	0	3	3	0.000
ਸਜ	ਸਜਾ	ਸਜੇ	3	0	3	1.000
ਸਜ਼	ਸਜ਼ਾ	ਸਜ਼ੇ	78	0	78	1.000
ਸਦ	ਸਦਾ	ਸਦੇ	412	0	412	1.000
ਸਫ਼ਲਤ	ਸਫ਼ਲਤਾ	ਸਫ਼ਲਤੇ	4	0	4	1.000
ਸਬ	ਸਬਾ	ਸਬੇ	5	0	5	1.000
ਸਭ	ਸਭਾ	ਸਭੇ	225	0	225	1.000
ਸਭਨ	ਸਭਨਾ	ਸਭਨੇ	9	0	9	1.000
ਸਮ	ਸਮਾ	ਸਮੇ	0	10	10	0.000
ਸਮਰੱਥ	ਸਮਰੱਥਾ	ਸਮਰੱਥੇ	93	0	93	1.000
ਸਮਾਨਤ	ਸਮਾਨਤਾ	ਸਮਾਨਤੇ	6	0	6	1.000
ਸਲ	ਸਲਾ	ਸਲੇ	19	0	19	1.000
ਸਲਮੁੰਨ	ਸਲਮੁੰਨਾ	ਸਲਮੁੰਨੇ	15	0	15	1.000
ਸਵੇਰ	ਸਵੇਰਾ	ਸਵੇਰੇ	0	7	7	0.000
ਸਹਾਇਤ	ਸਹਾਇਤਾ	ਸਹਾਇਤੇ	90	0	90	1.000
ਸਹਾਰ	ਸਹਾਰਾ	ਸਹਾਰੇ	2	9	11	0.182
ਸਹੁਰ	ਸਹੁਰਾ	ਸਹੁਰੇ	0	5	5	0.000
ਸ਼ਬ	ਸ਼ਬਾ	ਸ਼ਬੇ	38	0	38	1.000
ਸ਼ਬਨ	ਸ਼ਬਨਾ	ਸ਼ਬਨੇ	3	0	3	1.000
ਸ਼ਮੀਦ	ਸ਼ਮੀਦਾ	ਸ਼ਮੀਦੇ	5	0	5	1.000
ਸ਼ਰ	ਸ਼ਰਾ	ਸ਼ਰੇ	105	0	105	1.000
ਸ਼ਰਧ	ਸ਼ਰਧਾ	ਸ਼ਰਧੇ	4	0	4	1.000
ਸ਼ਰ੍ਹ	ਸ਼ਰ੍ਹਾ	ਸ਼ਰ੍ਹੇ	27	0	27	1.000
ਸ਼ੀਸ਼	ਸ਼ੀਸ਼ਾ	ਸ਼ੀਸ਼ੇ	2	9	11	0.182
ਸ਼ੁੱਧਤ	ਸ਼ੁੱਧਤਾ	ਸ਼ੁੱਧਤੇ	4	0	4	1.000
ਸਾਡ	ਸਾਡਾ	ਸਾਡੇ	0	1066	1066	0.000
ਸਾਤ	ਸਾਤਾ	ਸਾਤੇ	0	5	5	0.000
ਸਾਮਰਿਯ	ਸਾਮਰਿਯਾ	ਸਾਮਰਿਯੇ	211	0	211	1.000
ਸਾਯ	ਸਾਯਾ	ਸਾਯੇ	0	32	32	0.000
ਸਾਰ	ਸਾਰਾ	ਸਾਰੇ	0	119	119	0.000
ਸਾਹਮਣ	ਸਾਹਮਣਾ	ਸਾਹਮਣੇ	0	31	31	0.000
ਸਾੜ	ਸਾੜਾ	ਸਾੜੇ	0	3	3	0.000
ਸਿਆਣ	ਸਿਆਣਾ	ਸਿਆਣੇ	0	4	4	0.000
ਸਿਆਪ	ਸਿਆਪਾ	ਸਿਆਪੇ	1	9	10	0.100
ਸਿਕੰਦਰਿਯ	ਸਿਕੰਦਰਿਯਾ	ਸਿਕੰਦਰਿਯੇ	6	0	6	1.000
ਸਿਰ	ਸਿਰਾ	ਸਿਰੇ	0	79	79	0.000
ਸਿਰਕ	ਸਿਰਕਾ	ਸਿਰਕੇ	0	10	10	0.000
ਸਿਰਜਣ	ਸਿਰਜਣਾ	ਸਿਰਜਣੇ	5	0	5	1.000
ਸਿਰਹਾਣ	ਸਿਰਹਾਣਾ	ਸਿਰਹਾਣੇ	0	5	5	0.000
ਸਿੱਕ	ਸਿੱਕਾ	ਸਿੱਕੇ	0	9	9	0.000
ਸੀਅਹ	ਸੀਅਹਾ	ਸੀਅਹੇ	3	0	3	1.000
ਸੀਨ	ਸੀਨਾ	ਸੀਨੇ	4	4	8	0.500
ਸੀਬ	ਸੀਬਾ	ਸੀਬੇ	22	0	22	1.000
ਸੀਰੀਯ	ਸੀਰੀਯਾ	ਸੀਰੀਯੇ	5	0	5	1.000
ਸੀਸਰ	ਸੀਸਰਾ	ਸੀਸਰੇ	36	0	36	1.000
ਸੀਹ	ਸੀਹਾ	ਸੀਹੇ	3	0	3	1.000
ਸੁਗੰਧਤ	ਸੁਗੰਧਤਾ	ਸੁਗੰਧਤੇ	34	0	34	1.000
ਸੁਨੇਹ	ਸੁਨੇਹਾ	ਸੁਨੇਹੇ	2	9	11	0.182
ਸੁਫਨ	ਸੁਫਨਾ	ਸੁਫਨੇ	0	19	19	0.000
ਸੁਫ਼ਨ	ਸੁਫ਼ਨਾ	ਸੁਫ਼ਨੇ	0	35	35	0.000
ਸੁਰਿਯ	ਸੁਰਿਯਾ	ਸੁਰਿਯੇ	3	0	3	1.000
ਸੁੰਦਰਤ	ਸੁੰਦਰਤਾ	ਸੁੰਦਰਤੇ	21	0	21	1.000
ਸੁੱਕ	ਸੁੱਕਾ	ਸੁੱਕੇ	0	4	4	0.000
ਸੁੱਖਣ	ਸੁੱਖਣਾ	ਸੁੱਖਣੇ	13	0	13	1.000
ਸੂਬ	ਸੂਬਾ	ਸੂਬੇ	0	44	44	0.000
ਸੂਰਮ	ਸੂਰਮਾ	ਸੂਰਮੇ	0	25	25	0.000
ਸੇਲ	ਸੇਲਾ	ਸੇਲੇ	4	0	4	1.000
ਸੇਵ	ਸੇਵਾ	ਸੇਵੇ	121	0	121	1.000
ਸੈਦ	ਸੈਦਾ	ਸੈਦੇ	26	0	26	1.000
ਸੈਨ	ਸੈਨਾ	ਸੈਨੇ	92	0	92	1.000
ਸੋਤ	ਸੋਤਾ	ਸੋਤੇ	0	32	32	0.000
ਸੋਨ	ਸੋਨਾ	ਸੋਨੇ	1	514	515	0.002
ਸੌਦ	ਸੌਦਾ	ਸੌਦੇ	4	5	9	0.444
ਸੌਹਰ	ਸੌਹਰਾ	ਸੌਹਰੇ	0	17	17	0.000
ਸੱਚ	ਸੱਚਾ	ਸੱਚੇ	0	4	4	0.000
ਸੱਜ	ਸੱਜਾ	ਸੱਜੇ	0	4	4	0.000
ਸੱਦ	ਸੱਦਾ	ਸੱਦੇ	1	11	12	0.083
ਹਕੂਫ	ਹਕੂਫਾ	ਹਕੂਫੇ	4	0	4	1.000
ਹਟ	ਹਟਾ	ਹਟੇ	4	0	4	1.000
ਹਟੀਟ	ਹਟੀਟਾ	ਹਟੀਟੇ	4	0	4	1.000
ਹਟੀਫ	ਹਟੀਫਾ	ਹਟੀਫੇ	3	0	3	1.000
ਹਥੌੜ	ਹਥੌੜਾ	ਹਥੌੜੇ	0	3	3	0.000
ਹਨੇਰ	ਹਨੇਰਾ	ਹਨੇਰੇ	0	76	76	0.000
ਹਨ੍ਹੇਰ	ਹਨ੍ਹੇਰਾ	ਹਨ੍ਹੇਰੇ	0	25	25	0.000
ਹਫ਼ਤ	ਹਫ਼ਤਾ	ਹਫ਼ਤੇ	0	16	16	0.000
ਹਮਦਾਥ	ਹਮਦਾਥਾ	ਹਮਦਾਥੇ	10	0	10	1.000
ਹਮੇਸ਼	ਹਮੇਸ਼ਾ	ਹਮੇਸ਼ੇ	4	0	4	1.000
ਹਰਸ਼	ਹਰਸ਼ਾ	ਹਰਸ਼ੇ	4	0	4	1.000
ਹਲਕਾਰ	ਹਲਕਾਰਾ	ਹਲਕਾਰੇ	0	9	9	0.000
ਹਲਫ਼	ਹਲਫ਼ਾ	ਹਲਫ਼ੇ	5	0	5	1.000
ਹਵ	ਹਵਾ	ਹਵੇ	85	0	85	1.000
ਹਸੂਫ਼	ਹਸੂਫ਼ਾ	ਹਸੂਫ਼ੇ	3	0	3	1.000
ਹਾਜਰ	ਹਾਜਰਾ	ਹਾਜਰੇ	4	0	4	1.000
ਹਾਜ਼ਰ	ਹਾਜ਼ਰਾ	ਹਾਜ਼ਰੇ	9	0	9	1.000
ਹਾਤ	ਹਾਤਾ	ਹਾਤੇ	0	32	32	0.000
ਹਾਸ	ਹਾਸਾ	ਹਾਸੇ	0	13	13	0.000
ਹਿਸਪਾਨਿਯ	ਹਿਸਪਾਨਿਯਾ	ਹਿਸਪਾਨਿਯੇ	4	0	4	1.000
ਹਿੱਸ	ਹਿੱਸਾ	ਹਿੱਸੇ	0	79	79	0.000
ਹੁਕਮਨਾਮ	ਹੁਕਮਨਾਮਾ	ਹੁਕਮਨਾਮੇ	0	23	23	0.000
ਹੁੱਦ	ਹੁੱਦਾ	ਹੁੱਦੇ	0	5	5	0.000
ਹੌਂਸਲ	ਹੌਂਸਲਾ	ਹੌਂਸਲੇ	1	7	8	0.125
