wrong	right	ref	source
அர்கீரியர்களையும்	அர்கீயர்களையும்	GEN 10:17	reviewer Yesu Selva Benz, ta-irv workbook (Oct 2026)
இதயத்தில்	இருதயத்தில்	GEN 24:11	reviewer Yesu Selva Benz, ta-irv workbook (Oct 2026)
இதயமே	இருதயமே	PSA 57:8	reviewer Yesu Selva Benz, ta-irv workbook (Oct 2026)
இராஜாவாக	ராஜாவாக	PSA 10:16	reviewer Yesu Selva Benz, ta-irv workbook (Oct 2026)
இருதயத்தார்கள்	இருதயத்தார்	PSA 11:2	reviewer Yesu Selva Benz, ta-irv workbook (Oct 2026)
எண்ணையையும்	எண்ணெயையும்	GEN 35:14	reviewer Yesu Selva Benz, ta-irv workbook (Oct 2026)
எலீப்பாசுக்கு	எலிப்பாசுக்கு	GEN 36:12	reviewer Yesu Selva Benz, ta-irv workbook (Oct 2026)
ஏத்தியளான	ஏத்தியனான	GEN 26:34	reviewer Yesu Selva Benz, ta-irv workbook (Oct 2026)
ஏழ்மையும்	ஏழையும்	PSA 40:17	reviewer Yesu Selva Benz, ta-irv workbook (Oct 2026)
ஒர்	ஓர்	PSA 30:5	reviewer Yesu Selva Benz, ta-irv workbook (Oct 2026)
கண்ணோக்கமானார்	கண்ணோக்கினார்	PSA 102:20	reviewer Yesu Selva Benz, ta-irv workbook (Oct 2026)
கர்ச்சிக்கிற	கெர்ச்சிக்கிற	PSA 22:13	reviewer Yesu Selva Benz, ta-irv workbook (Oct 2026)
கலங்கினது	கலங்கின	PSA 77:16	reviewer Yesu Selva Benz, ta-irv workbook (Oct 2026)
கல்லுகள்	கற்கள்	PSA 102:14	reviewer Yesu Selva Benz, ta-irv workbook (Oct 2026)
காத்துகொள்ளும்	காத்துக்கொள்ளும்	PSA 19:13	reviewer Yesu Selva Benz, ta-irv workbook (Oct 2026)
கீழ்படுத்தி	கீழ்ப்படுத்தி	PSA 47:3	reviewer Yesu Selva Benz, ta-irv workbook (Oct 2026)
சகோதாரர்களிடம்	சகோதரர்களிடம்	GEN 9:25	reviewer Yesu Selva Benz, ta-irv workbook (Oct 2026)
சந்திரரே	சந்திரனே	PSA 148:3	reviewer Yesu Selva Benz, ta-irv workbook (Oct 2026)
சந்தோசமாக	சந்தோஷமாக	PSA 33:21	reviewer Yesu Selva Benz, ta-irv workbook (Oct 2026)
சமமானமானவர்	சமமானவர்	PSA 113:5	reviewer Yesu Selva Benz, ta-irv workbook (Oct 2026)
சீக்கரமாகக்	சீக்கிரமாகக்	PSA 90:10	reviewer Yesu Selva Benz, ta-irv workbook (Oct 2026)
சீபெயோனின்	சிபியோனின்	GEN 36:24	reviewer Yesu Selva Benz, ta-irv workbook (Oct 2026)
தம்புரினாலும்	தம்புருவினாலும்	PSA 144:9	reviewer Yesu Selva Benz, ta-irv workbook (Oct 2026)
தாவீதிற்கும்	தாவீதுக்கும்	PSA 18:50	reviewer Yesu Selva Benz, ta-irv workbook (Oct 2026)
நியாயஞ்	நியாயம்	PSA 106:30	reviewer Yesu Selva Benz, ta-irv workbook (Oct 2026)
நிரப்பின	நிரப்பிய	JHN 2:9	reviewer Yesu Selva Benz, ta-irv workbook (Oct 2026)
பயப்படுகிறதற்கு	பயப்படுவதற்கு	PSA 119:38	reviewer Yesu Selva Benz, ta-irv workbook (Oct 2026)
பராக்கிரமஞ்	பராக்கிரமம்	PSA 118:15	reviewer Yesu Selva Benz, ta-irv workbook (Oct 2026)
மகிழ்சியாக	மகிழ்ச்சியாக	PSA 109:28	reviewer Yesu Selva Benz, ta-irv workbook (Oct 2026)
மறைபொருள்களை	மறைபொருட்களை	PSA 78:2	reviewer Yesu Selva Benz, ta-irv workbook (Oct 2026)
மலைஉச்சியில்	மலையுச்சியில்	PSA 18:33	reviewer Yesu Selva Benz, ta-irv workbook (Oct 2026)
மலைளை	மலைகளை	PSA 76:4	reviewer Yesu Selva Benz, ta-irv workbook (Oct 2026)
மவுனமாகி	மவுனமாக	PSA 39:2	reviewer Yesu Selva Benz, ta-irv workbook (Oct 2026)
முத்தஞ்	முத்தம்	PSA 85:10	reviewer Yesu Selva Benz, ta-irv workbook (Oct 2026)
யாதார்த்தம்	யதார்த்தம்	PSA 52:3	reviewer Yesu Selva Benz, ta-irv workbook (Oct 2026)
யெகோவவ	யெகோவாவ	GEN 24:48	reviewer Yesu Selva Benz, ta-irv workbook (Oct 2026)
யெகோவவை	யெகோவாவை	GEN 24:48	reviewer Yesu Selva Benz, ta-irv workbook (Oct 2026)
யெகோவாவிற்க்கு	யெகோவாவுக்கு	GEN 9:26	reviewer Yesu Selva Benz, ta-irv workbook (Oct 2026)
வனாந்தரத்திலே	வனாந்திரத்திலே	PSA 106:26	reviewer Yesu Selva Benz, ta-irv workbook (Oct 2026)
வலுமையான	வலிமையான	PSA 89:51	reviewer Yesu Selva Benz, ta-irv workbook (Oct 2026)
வாக்குத்தத்ததின்படி	வாக்குத்தத்தத்தின்படி	PSA 119:41	reviewer Yesu Selva Benz, ta-irv workbook (Oct 2026)
விரும்பினதால்	விரும்பியதால்	PSA 132:14	reviewer Yesu Selva Benz, ta-irv workbook (Oct 2026)
விரும்புகிறதில்லை	விரும்புவதில்லை	PSA 51:16	reviewer Yesu Selva Benz, ta-irv workbook (Oct 2026)
விழசெய்யவும்	விழச்செய்யவும்	PSA 37:14	reviewer Yesu Selva Benz, ta-irv workbook (Oct 2026)
