word	count	n_match	n_other	sample_ref
காத்	72	2	70	GEN 30:11
யோவாப்	64	2	62	2SA 2:14
யோசபாத்	52	4	48	2SA 8:16
மோவாப்	44	2	42	GEN 19:37
கீலேயாத்	38	17	21	GEN 31:21
ஆகாப்	35	3	32	1KI 16:28
பாலாக்	24	1	23	NUM 22:2
கோகாத்	20	0	20	GEN 46:11
பெனாதாத்	17	2	15	1KI 15:18
காலேப்	14	1	13	NUM 13:6
எலியாப்	13	0	13	NUM 1:9
சாத்ராக்	13	0	13	DAN 1:7
மேஷாக்	13	0	13	DAN 1:7
ஆதாத்	12	0	12	GEN 36:35
சாதோக்	12	0	12	2SA 15:35
ஓபேத்	11	0	11	RUT 4:17
சனகெரிப்	11	2	9	2KI 18:13
சீப்	11	0	11	JOS 15:24
ஆமாத்	10	4	6	JOS 19:26
ஆசாப்	9	1	8	1CH 6:39
ஏகூத்	9	1	8	JDG 3:15
நாதாப்	9	0	9	EXO 28:1
நாபோத்	9	2	7	1KI 21:3
யோனதாப்	9	0	9	2SA 13:3
அஸ்தோத்	8	0	8	DEU 3:17
அர்பக்சாத்	7	0	7	GEN 10:22
அம்மினதாப்	6	0	6	RUT 4:20
ஓரேப்	6	0	6	EXO 3:1
சாபாத்	6	0	6	1CH 2:37
சேத்	6	0	6	GEN 4:25
பாராக்	6	0	6	JDG 4:8
மேவிபோசேத்	6	1	5	2SA 4:4
யோவாக்	6	0	6	2KI 18:18
ரூத்	6	0	6	RUT 1:4
ஆனதோத்	5	0	5	1CH 7:8
எபெத்மெலேக்	5	0	5	JER 38:7
எலியாசாப்	5	0	5	NUM 1:14
எலியாசிப்	5	0	5	1CH 3:24
கிப்ரோத்	5	0	5	NUM 11:34
கீரியாத்	5	0	5	NUM 22:39
மல்லூக்	5	0	5	EZR 10:29
மெரெமோத்	5	0	5	EZR 10:36
யாகாத்	5	1	4	1CH 4:2
யாப்பேத்	5	0	5	GEN 5:32
யோபாப்	5	0	5	GEN 36:33
ராகாப்	5	0	5	JOS 2:1
லோத்	5	0	5	DEU 2:9
அக்கூப்	4	0	4	1CH 3:24
அதரோத்	4	0	4	NUM 32:3
அர்கோப்	4	0	4	DEU 3:4
ஆபிப்	4	0	4	EXO 13:4
இஸ்போசேத்	4	0	4	2SA 2:10
எரிமோத்	4	0	4	1CH 12:5
ஓக்	4	0	4	NUM 21:33
கின்னரேத்	4	1	3	NUM 34:11
சீஷாக்	4	0	4	1KI 11:40
செமிரமோத்	4	0	4	1CH 15:18
சேரேத்	4	0	4	DEU 2:13
சோபாப்	4	0	4	2SA 5:14
தோப்பேத்	4	0	4	2KI 23:10
மிக்லோத்	4	1	3	1CH 8:32
மேசேக்	4	0	4	EZK 27:13
யாரேத்	4	0	4	GEN 5:18
யெரிமோத்	4	0	4	1CH 7:7
அஸ்மாவேத்	3	0	3	2SA 23:31
ஆதீத்	3	0	3	EZR 2:33
ஆராத்	3	0	3	NUM 21:1
ஈரோத்	3	0	3	EXO 14:2
எரேமோத்	3	0	3	1CH 8:14
எலிபேலேத்	3	0	3	1CH 3:8
எலிப்பெலேத்	3	0	3	2SA 23:34
சிக்லாக்	3	0	3	JOS 15:31
சுத்தெலாக்	3	0	3	NUM 26:36
செலோமித்	3	1	2	LEV 24:11
நகாத்	3	0	3	GEN 36:13
நெப்பேக்	3	0	3	EXO 6:21
பில்தாத்	3	0	3	JOB 8:1
பெத்	3	0	3	AMO 1:5
பேரோத்	3	0	3	JOS 18:25
ரெகொபோத்	3	0	3	GEN 10:11
அகிதூப்	2	0	2	1CH 6:8
அகிமெலேக்	2	0	2	1SA 22:11
அக்சீப்	2	0	2	JOS 15:44
அதோனிசேதேக்	2	1	1	JOS 10:1
அதோனிபேசேக்	2	0	2	JDG 1:6
அபினதாப்	2	0	2	1SA 17:13
அபியாசாப்	2	0	2	EXO 6:24
அபியூத்	2	0	2	1CH 8:3
அரராத்	2	1	1	GEN 8:4
அர்பாத்	2	0	2	2KI 18:34
அர்வாத்	2	0	2	EZK 27:8
அஸ்தரோத்	2	1	1	JOS 13:31
ஆகீத்	2	0	2	2SA 3:4
ஆபகூக்	2	0	2	HAB 1:1
ஆபீப்	2	0	2	EXO 34:18
ஆரராத்	2	1	1	2KI 19:37
ஆவீத்	2	0	2	GEN 36:35
எல்தோலாத்	2	0	2	JOS 15:30
ஏலேப்	2	0	2	JOS 18:28
ஐபிராத்	2	0	2	1CH 18:3
ஓகாத்	2	0	2	GEN 46:10
கலயெத்	2	0	2	GEN 31:47
காரேப்	2	0	2	2SA 23:38
கித்காத்	2	0	2	NUM 33:32
கின்னரோத்	2	0	2	JOS 12:3
கிலெயாத்	2	0	2	NUM 26:30
கீரியோத்	2	0	2	JOS 15:25
கீலேயாப்	2	0	2	2SA 3:3
கெதெமோத்	2	0	2	DEU 2:26
கேனுபாத்	2	0	2	1KI 11:20
கேரீத்	2	0	2	1KI 17:3
கோலியாத்	2	0	2	1SA 17:4
சுக்கோத்	2	0	2	GEN 33:17
செகூப்	2	0	2	1KI 16:34
சேப்	2	0	2	JDG 7:25
சேலேக்	2	0	2	2SA 23:37
சேலேத்	2	0	2	1CH 2:30
சோபாக்	2	0	2	2SA 10:16
தாகாத்	2	0	2	1CH 7:20
திம்னாத்	2	0	2	JOS 24:30
தோப்	2	0	2	JDG 11:3
நெபாயோத்	2	0	2	GEN 25:13
நோபாக்	2	0	2	NUM 32:42
பாகாத்	2	0	2	EZR 2:6
பாகால்காத்	2	0	2	JOS 12:7
பாருக்	2	0	2	NEH 10:6
பூத்	2	0	2	GEN 10:6
பெத்யெசிமோத்	2	0	2	JOS 12:3
பென்னாதாத்	2	0	2	2CH 16:2
பேலேத்	2	0	2	1CH 2:33
போஸ்காத்	2	0	2	JOS 15:39
மகாசியோத்	2	0	2	1CH 25:4
மாத்தாத்	2	0	2	LUK 3:24
மானகாத்	2	0	2	GEN 36:23
மெராயோத்	2	0	2	1CH 6:7
மெரொதாக்	2	0	2	2KI 25:27
மேரப்	2	0	2	1SA 14:49
மேரேத்	2	0	2	1CH 4:17
யாரீப்	2	0	2	1CH 4:24
யாரேப்	2	0	2	HOS 5:13
யோசேபியாத்	2	0	2	2CH 22:11
யோயாரிப்	2	0	2	EZR 8:16
ரப்மாக்	2	0	2	JER 39:3
ராமோத்	2	0	2	1KI 22:3
ரேகாப்	2	0	2	2SA 4:2
ரேகோப்	2	1	1	JDG 1:31
லூத்	2	0	2	GEN 10:22
அகராக்	1	0	1	1CH 8:1
அகித்தூப்	1	0	1	1CH 6:52
அகினதாப்	1	0	1	1KI 4:14
அகியூத்	1	0	1	NUM 34:27
அகோலியாப்	1	0	1	EXO 38:23
அக்காத்	1	0	1	GEN 10:10
அக்சாப்	1	0	1	JOS 19:25
அக்லாப்	1	0	1	JDG 1:31
அசூப்	1	0	1	NEH 10:23
அதைவிட்டுப்	1	0	1	JER 4:28
அத்னாக்	1	0	1	1CH 12:20
அனாகராத்	1	0	1	JOS 19:19
அபிஷாக்	1	0	1	1KI 1:15
அமிசபாத்	1	0	1	1CH 27:6
அம்மாத்	1	0	1	JOS 19:35
அம்மாலிகோத்	1	0	1	1SA 23:28
அம்மீயூத்	1	0	1	1CH 7:26
அம்மொளெகேத்	1	0	1	1CH 7:18
அராப்	1	0	1	JOS 15:52
அர்ப்பகசாத்	1	0	1	LUK 3:36
அலமேத்	1	0	1	1CH 7:8
அலம்மேலெக்	1	0	1	JOS 19:26
அல்மோத்	1	0	1	1CH 15:20
அல்லோன்பாகூத்	1	0	1	GEN 35:8
அஸ்காத்	1	0	1	NEH 10:15
அஸ்வாத்	1	0	1	1CH 7:33
ஆகாக்	1	0	1	1SA 15:32
ஆகிமோத்	1	0	1	1CH 6:25
ஆதிராக்	1	0	1	ZEC 9:1
ஆத்தாத்	1	0	1	1CH 4:13
ஆத்ரோத்	1	0	1	NUM 32:35
ஆனாப்	1	0	1	JOS 15:50
ஆப்பீக்	1	0	1	JDG 1:31
ஆப்பெக்	1	0	1	1KI 20:30
ஆமோக்	1	0	1	NEH 12:7
ஆராக்	1	0	1	1CH 7:39
ஆரீப்	1	0	1	NEH 10:19
ஆரேத்	1	0	1	1SA 22:5
ஆரோத்	1	0	1	JDG 7:1
ஆர்லோத்	1	0	1	JOS 5:3
ஆலாக்	1	0	1	JOS 11:16
ஆஸ்நாத்	1	0	1	GEN 46:20
இக்கபோத்	1	0	1	1SA 4:21
இத்லாப்	1	0	1	GEN 22:22
இஸ்பாக்	1	0	1	1CH 1:32
இஸ்பிபெனோப்	1	0	1	2SA 21:16
ஊசாபேசேத்	1	0	1	1CH 3:20
எதேத்	1	0	1	1CH 1:51
எரீயோத்	1	0	1	1CH 2:18
எலிபெலேத்	1	0	1	EZR 10:33
எலிப்பேலேத்	1	0	1	2SA 5:16
எலிமெலேக்	1	0	1	RUT 4:3
எலியூத்	1	0	1	MAT 1:15
எலெயாசீப்	1	0	1	EZR 10:36
எல்காத்	1	0	1	JOS 19:25
எல்சபாத்	1	0	1	1CH 12:12
எல்சாபாத்	1	0	1	1CH 26:7
எல்தாத்	1	0	1	NUM 11:26
எல்பெலேத்	1	0	1	1CH 14:5
ஏதேத்	1	0	1	GEN 36:40
ஏத்	1	0	1	JOS 22:34
ஏனாக்	1	0	1	DEU 9:2
ஏபோத்	1	0	1	HOS 3:4
ஏரேக்	1	0	1	GEN 10:10
ஏலேத்	1	0	1	1CH 11:30
ஏவில்மெரொதாக்	1	0	1	JER 52:31
ஓதேத்	1	0	1	2CH 28:9
ஓத்	1	0	1	1CH 7:37
காகாத்	1	0	1	1CH 6:70
காத்தாத்	1	0	1	JOS 19:15
காரெப்	1	0	1	1CH 11:40
கிராரேசேத்	1	0	1	ISA 16:7
கில்மாத்	1	0	1	EZK 27:23
கீபெயாத்	1	0	1	JOS 18:28
கீரேயாத்	1	0	1	JOS 18:28
குதிரைவீரனைப்	1	0	1	2KI 9:17
கெசுல்லோத்	1	0	1	JOS 19:18
கெதெரோத்	1	0	1	JOS 15:41
கேசேத்	1	0	1	GEN 22:22
கேருப்	1	0	1	EZK 28:14
கேரேனாப்புக்	1	0	1	JOB 42:14
கேலூப்	1	0	1	1CH 4:11
கோக்	1	0	1	1CH 5:4
கோவாத்	1	0	1	JER 31:39
சன்பல்லாத்	1	0	1	NEH 4:1
சம்கூத்	1	0	1	1CH 27:8
சம்மோத்	1	0	1	1CH 11:27
சாகாப்	1	0	1	1CH 2:47
சாபூத்	1	0	1	1KI 4:5
சாப்பாத்	1	0	1	NUM 13:5
சாமேத்	1	0	1	1CH 8:12
சாராப்	1	0	1	1CH 4:22
சாரேத்	1	0	1	NUM 21:12
சாறிபாத்	1	0	1	1KI 17:9
சாஷாக்	1	0	1	1CH 8:14
சிபோலேத்	1	0	1	JDG 12:6
சிம்ராத்	1	0	1	1CH 8:21
சூப்	1	0	1	1SA 9:5
சூவாக்	1	0	1	1CH 7:36
செப்பாத்	1	0	1	1CH 3:22
செமனீத்	1	0	1	1CH 15:21
செரேத்	1	0	1	GEN 46:14
செலோப்பியாத்	1	0	1	1CH 7:15
செலோமீத்	1	0	1	1CH 3:19
சேரூக்	1	0	1	LUK 3:35
சோகெலெத்	1	0	1	1KI 1:9
சோபேக்	1	0	1	NEH 10:24
சோப்பாக்	1	0	1	1CH 19:16
சோரேக்	1	0	1	JDG 16:4
தானாக்	1	0	1	JDG 1:27
தாபாத்	1	0	1	1KI 4:11
தேபேத்	1	0	1	EST 2:16
தேலாக்	1	0	1	1CH 7:25
நாகாத்	1	0	1	1CH 6:26
நாத்தான்மெலெக்	1	0	1	2KI 23:11
நெகிநோத்	1	0	1	HAB 3:19
நெத்சீப்	1	0	1	JOS 15:43
நெபலாத்	1	0	1	NEH 11:34
நேபேக்	1	0	1	1CH 3:7
நோதாப்	1	0	1	1CH 5:19
பன்னாக்	1	0	1	EZK 27:17
பஸ்மாத்	1	0	1	1KI 4:15
பாகாத்மோவாப்	1	0	1	NEH 10:14
பாசாக்	1	0	1	1CH 7:33
பாரூக்	1	0	1	NEH 3:20
பாலாத்	1	0	1	JOS 19:44
பிபேசெத்	1	0	1	EZK 30:17
பெதானாத்	1	0	1	JOS 19:38
பெதானோத்	1	0	1	JOS 15:59
பெத்அஸ்மாவேத்	1	0	1	NEH 7:28
பெத்தானாத்	1	0	1	JDG 1:33
பெத்பாலேத்	1	0	1	JOS 15:27
பெத்மார்காபோத்	1	0	1	JOS 19:5
பெத்யோவாப்	1	0	1	1CH 2:54
பெத்ரேகோப்	1	0	1	2SA 10:6
பெத்லெபாவோத்	1	0	1	JOS 19:6
பெனபெராக்	1	0	1	JOS 19:45
பெயாலோத்	1	0	1	JOS 15:24
பெயெரோத்	1	0	1	JOS 9:17
பேரேத்	1	0	1	1CH 7:20
பேலேக்	1	0	1	LUK 3:35
பொகெரேத்	1	0	1	NEH 7:59
பொற்பட்டத்தைத்	1	0	1	LEV 8:9
பொல்லாப்பானதைத்	1	0	1	1KI 22:52
மகாராத்	1	0	1	JOS 15:59
மாகாத்	1	0	1	LUK 3:26
மிக்தால்காத்	1	0	1	JOS 15:37
மின்னீத்	1	0	1	EZK 27:17
மிப்காத்	1	0	1	NEH 3:31
மிஸ்காப்	1	0	1	JER 48:1
மிஸ்பெரேத்	1	0	1	NEH 7:6
மீசாபீப்	1	0	1	JER 20:3
மெசுல்லேமேத்	1	0	1	2KI 21:19
மெனுகோத்	1	0	1	1CH 2:52
மேசக்	1	0	1	1CH 1:17
மேதாத்	1	0	1	NUM 11:26
மேத்தேக்	1	0	1	2SA 8:1
மேபாகாத்	1	0	1	JOS 13:18
மேராப்	1	0	1	1SA 18:19
யசுப்	1	0	1	1CH 7:1
யர்மூத்	1	0	1	JOS 15:35
யாசுப்	1	0	1	EZR 10:29
யாபோக்	1	0	1	DEU 2:37
யாராக்	1	0	1	1CH 9:42
யாரிப்	1	0	1	EZR 8:16
யேகூத்	1	0	1	JOS 19:45
யோகெபேத்	1	0	1	NUM 26:59
யோசேப்	1	0	1	EZR 10:42
யோசேப்பாசெபெத்	1	0	1	2SA 23:8
யோயாரீப்	1	0	1	1CH 9:10
ரக்காத்	1	0	1	JOS 19:35
ராப்பித்	1	0	1	JOS 19:20
ரெமேத்	1	0	1	JOS 19:21
ரேசேப்	1	0	1	1CH 7:25
ரேப்பாக்	1	0	1	1CH 7:25
லெபாயோத்	1	0	1	JOS 15:32
வேறுவிதமாய்ப்	1	0	1	DAN 8:25
ஷிபோலேத்	1	0	1	JDG 12:6
